DMU,Year,Ticker,Bank Name,Assets,Employee Expense,Equity,Deposits,Borrowings,NPAs (Previous Period),Performing Loans,Investment,Net Income,Net-interest Income,Non-interest Income,NPAs,LP_Group,LP_Status,beta1,beta2,overall_beta,Stage1_Efficiency,Stage2_Efficiency,Overall_Efficiency,Stage1_Mean,Stage2_Mean,Class,Class_Name,Quadrant_Name
1,2023,ABBB,Auburn Bancorp Inc,103.72,1.868,6.207,78.983,18.33,0.408,81.054,15.924,0.035,2.907,0.35,0.266,2023,Optimal,0.0,0.0,0.0,1.0,1.0,1.0,0.9022510836552219,0.9324370158718628,1,Network Leaders,Network Leaders
2,2023,ABCB,Ameris Bancorp,25203.699,320.11,3426.747,20708.509,698.422,153.544,20269.303,1616.25,269.105,835.044,242.828,174.321,2023,Optimal,0.090934217,0.0,0.0454671085,0.909065783,1.0,0.9545328915,0.9022510836552219,0.9324370158718628,1,Network Leaders,Network Leaders
3,2023,ACNB,ACNB Corp,2418.847,40.931,277.461,1861.813,254.789,4.331,1627.988,526.898,31.688,88.32,18.445,4.64,2023,Optimal,0.15857723,0.055557535,0.1070673825,0.84142277,0.8947332889817323,0.8929326175,0.9022510836552219,0.9324370158718628,3,Network Laggards,Network Laggards
4,2023,AFBI,Affinity Bancshares Inc,843.258,12.252,121.516,674.443,42.158,9.621,659.876,88.201,6.448,27.198,2.466,10.276,2023,Optimal,0.12396318,0.0050635193,0.06451334965,0.8760368199999999,0.9899239815140708,0.93548665035,0.9022510836552219,0.9324370158718628,2,Transformation Specialists,Transformation Specialists
5,2023,ALPIB,Alpine Banks of Colorado,6419.559,88.179,466.933,5700.099,191.179,2.625,4042.975,1873.641,57.044,193.5,46.987,25.379,2023,Optimal,0.021633086,0.0123442,0.0169886429999999,0.978366914,0.9756126424194458,0.983011357,0.9022510836552219,0.9324370158718628,1,Network Leaders,Network Leaders
6,2023,ALRS,Alerus Financial Corp,3907.713,96.341,369.127,3095.611,378.877,3.824,2759.583,807.44,11.696,87.839,80.229,8.767,2023,Optimal,0.13254739,0.07259038,0.102568885,0.86745261,0.8646447304515261,0.8974311150000001,0.9022510836552219,0.9324370158718628,3,Network Laggards,Network Laggards
7,2023,AMAL,Amalgamated Financial Corp,7972.324,85.774,585.364,7011.988,335.573,34.751,4411.319,3197.289,87.978,261.311,29.336,34.203,2023,Optimal,0.024462552,0.026365085,0.0254138184999999,0.975537448,0.9486243532923766,0.9745861815,0.9022510836552219,0.9324370158718628,1,Network Leaders,Network Leaders
8,2023,AMBK,American Bank Inc,918.877,6.951,89.811,701.538,111.897,0.309,739.588,96.539,9.312,22.925,1.768,3.164,2023,Optimal,0.096742008,0.02510472,0.060923364,0.903257992,0.951020184552462,0.939076636,0.9022510836552219,0.9324370158718628,1,Network Leaders,Network Leaders
9,2023,AMFC,AMB Financial Corp.,352.445,4.849,28.656,300.431,20.093,0.404,298.469,17.43,2.189,9.831,2.115,2.155,2023,Optimal,0.035666363,0.0043460753,0.02000621915,0.964333637,0.9913454626709188,0.97999378085,0.9022510836552219,0.9324370158718628,1,Network Leaders,Network Leaders
10,2023,AMTB,Amerant Bancorp Inc,9716.327,133.506,736.068,7894.863,921.325,37.599,6873.493,1496.975,32.49,326.464,87.496,54.581,2023,Optimal,0.10528383,0.11511886,0.110201345,0.89471617,0.7935307811043569,0.889798655,0.9022510836552219,0.9324370158718628,3,Network Laggards,Network Laggards
11,2023,ARBV,American Riviera Bancorp,1265.036,18.966,100.64,1049.682,109.218,3.066,946.411,255.296,10.513,44.286,2.476,0.595,2023,Optimal,0.095912883,0.0,0.0479564415,0.904087117,1.0,0.9520435585,0.9022510836552219,0.9324370158718628,1,Network Leaders,Network Leaders
12,2023,AROW,Arrow Financial Corp,4169.868,47.667,379.772,3687.566,56.718,12.576,3212.908,636.138,30.075,104.832,29.117,21.463,2023,Optimal,0.024213472,0.033856122,0.029034797,0.975786528,0.9345051573820444,0.970965203,0.9022510836552219,0.9324370158718628,1,Network Leaders,Network Leaders
13,2023,ASB,Associated Banc-Corp,41015.855,468.355,4173.973,33446.049,2835.554,126.466,29216.218,7731.874,182.956,1039.573,63.182,160.421,2023,Optimal,0.094372177,0.035042164,0.0647071705,0.905627823,0.9322884318749356,0.9352928295,0.9022510836552219,0.9324370158718628,4,Funding-Rich Underperformers,Funding-Rich Underperformers
14,2023,ASRV,AmeriServ Financial Inc,1389.638,29.628,102.277,1158.36,115.556,5.2,1038.271,237.025,-3.346,36.02,16.389,12.393,2023,Optimal,0.091122169,0.10393912,0.0975306445,0.908877831,0.8116941086388896,0.9024693555,0.9022510836552219,0.9324370158718628,4,Funding-Rich Underperformers,Funding-Rich Underperformers
15,2023,ATLO,Ames National Corp,2155.481,23.664,165.788,1811.831,164.582,14.722,1294.588,739.475,10.817,44.625,9.215,13.919,2023,Optimal,0.075449979,0.044984384,0.0602171815,0.924550021,0.9139041985913544,0.9397828185,0.9022510836552219,0.9324370158718628,4,Funding-Rich Underperformers,Funding-Rich Underperformers
16,2023,AUB,Atlantic Union Bankshares Corp,21166.197,236.682,2556.327,16818.129,1396.953,27.114,15635.043,3184.111,201.818,611.013,90.877,36.889,2023,Optimal,0.1177047,0.0,0.05885235,0.8822953,1.0,0.94114765,0.9022510836552219,0.9324370158718628,2,Transformation Specialists,Transformation Specialists
17,2023,AUBN,Auburn National Bancorporation Inc,975.255,12.101,76.507,896.243,1.995,2.731,557.294,270.91,1.395,26.328,-2.981,0.911,2023,Optimal,0.0,0.0,0.0,1.0,1.0,1.0,0.9022510836552219,0.9324370158718628,1,Network Leaders,Network Leaders
18,2023,AVBH,Avidbank Holdings Inc,2230.836,30.572,165.312,1654.329,392.335,14.245,1740.647,333.729,16.801,72.869,-1.962,1.378,2023,Optimal,0.18932393,0.0,0.094661965,0.81067607,1.0,0.905338035,0.9022510836552219,0.9324370158718628,2,Transformation Specialists,Transformation Specialists
19,2023,AX,Axos Financial Inc.,20348.469,204.271,1917.159,17123.108,521.409,118.992,16623.408,253.86,307.165,783.121,120.488,95.259,2023,Optimal,0.055293184,0.0,0.027646592,0.944706816,1.0,0.972353408,0.9022510836552219,0.9324370158718628,1,Network Leaders,Network Leaders
20,2023,BAC,Bank of America Corp,3180151.0,38330.0,291646.0,1923827.0,627971.0,3978.0,1038878.0,871407.0,26515.0,56931.0,41650.0,5630.0,2023,Optimal,0.03267057,0.0,0.016335285,0.96732943,1.0,0.983664715,0.9022510836552219,0.9324370158718628,1,Network Leaders,Network Leaders
21,2023,BANC,Banc of California Inc,38534.064,332.353,3390.765,30401.769,4009.229,108.8,25489.687,4760.501,-1899.137,747.128,-448.285,81.671,2023,Optimal,0.090327822,0.087252479,0.0887901505,0.909672178,0.8394991399233223,0.9112098495,0.9022510836552219,0.9324370158718628,4,Funding-Rich Underperformers,Funding-Rich Underperformers
22,2023,BANF,BancFirst Corp,12372.042,199.986,1433.891,10700.122,95.289,61.554,7656.645,1568.239,212.465,424.456,185.408,68.315,2023,Optimal,0.050642985,0.0,0.0253214925,0.949357015,1.0,0.9746785075,0.9022510836552219,0.9324370158718628,1,Network Leaders,Network Leaders
23,2023,BANR,Banner Corp,15670.391,244.563,1652.691,13029.497,713.8,23.35,10810.455,3456.866,183.624,576.005,44.409,30.128,2023,Optimal,0.084698485,0.0,0.0423492425,0.915301515,1.0,0.9576507575,0.9022510836552219,0.9324370158718628,1,Network Leaders,Network Leaders
24,2023,BCAL,California BanCorp,2360.252,39.249,288.152,1943.556,114.982,0.041,1957.442,199.706,25.91,94.138,3.379,13.004,2023,Optimal,0.099667448,0.0,0.049833724,0.900332552,1.0,0.950166276,0.9022510836552219,0.9324370158718628,2,Transformation Specialists,Transformation Specialists
25,2023,BCBP,BCB Bancorp Inc,3832.397,30.827,314.055,2979.08,523.75,5.184,3313.316,121.779,29.483,104.062,4.088,18.783,2023,Optimal,0.12445773,0.055285209,0.0898714695,0.87554227,0.8952222422365061,0.9101285305,0.9022510836552219,0.9324370158718628,3,Network Laggards,Network Laggards
26,2023,BCML,BayCom Corp,2551.96,41.001,312.869,2132.75,87.198,15.244,1927.829,196.676,27.425,97.874,6.977,12.977,2023,Optimal,0.085913628,0.10030104,0.093107334,0.914086372,0.8176843675436316,0.906892666,0.9022510836552219,0.9324370158718628,4,Funding-Rich Underperformers,Funding-Rich Underperformers
27,2023,BCTF,Bancorp 34 Inc,581.265,6.124,60.721,459.999,55.606,6.796,457.027,66.437,-3.402,15.175,0.73,5.244,2023,Optimal,0.10284287,0.073628843,0.0882358565,0.89715713,0.8628411606486618,0.9117641435,0.9022510836552219,0.9324370158718628,3,Network Laggards,Network Laggards
28,2023,BFC,Bank First Corp,4221.842,40.355,619.798,3432.92,128.724,6.421,3342.974,266.887,74.514,133.48,48.081,9.128,2023,Optimal,0.098915344,0.0,0.049457672,0.901084656,1.0,0.950542328,0.9022510836552219,0.9324370158718628,2,Transformation Specialists,Transformation Specialists
29,2023,BFIN,BankFinancial Corp,1487.384,22.232,155.383,1261.623,48.621,2.112,1059.106,190.206,9.393,51.829,4.417,25.115,2023,Optimal,0.074633774,0.11734105,0.095987412,0.925366226,0.789963771580754,0.904012588,0.9022510836552219,0.9324370158718628,4,Funding-Rich Underperformers,Funding-Rich Underperformers
30,2023,BFST,Business First Bancshares Inc,6584.55,90.611,644.259,5248.79,656.237,12.823,4992.785,913.513,71.043,215.129,36.642,18.755,2023,Optimal,0.12363997,0.073446513,0.0985432415,0.87636003,0.8631575730872023,0.9014567585,0.9022510836552219,0.9324370158718628,3,Network Laggards,Network Laggards
31,2023,BHB,Bar Harbor Bankshares,3970.885,52.516,432.059,3141.157,338.827,6.549,2999.049,547.362,44.852,117.675,35.647,5.528,2023,Optimal,0.13096012,0.038953302,0.084956711,0.86903988,0.9250143352448772,0.915043289,0.9022510836552219,0.9324370158718628,3,Network Laggards,Network Laggards
32,2023,BHLB,Berkshire Hills Bancorp Inc,12430.821,159.281,1012.221,10633.384,568.293,33.323,9039.686,1601.286,69.598,369.047,42.782,24.008,2023,Optimal,0.055012414,0.029543869,0.0422781415,0.944987586,0.9426078482139938,0.9577218585,0.9022510836552219,0.9324370158718628,1,Network Leaders,Network Leaders
33,2023,BHRB,Burke & Herbert Financial Services Corp,3617.579,48.648,314.75,3001.881,281.167,5.497,2087.756,1254.403,22.692,93.759,17.952,3.744,2023,Optimal,0.088970244,0.043482973,0.0662266085,0.911029756,0.9166580114383908,0.9337733915,0.9022510836552219,0.9324370158718628,4,Funding-Rich Underperformers,Funding-Rich Underperformers
34,2023,BK,Bank of New York Mellon Corp (The),409953.0,7095.0,40924.0,283669.0,47599.0,109.0,66280.0,126882.0,3286.0,4345.0,13157.0,237.0,2023,Optimal,0.12315042,0.0,0.06157521,0.87684958,1.0,0.93842479,0.9022510836552219,0.9324370158718628,2,Transformation Specialists,Transformation Specialists
35,2023,BKOR,Oak Ridge Financial Services Inc,619.394,9.954,58.347,493.144,60.657,0.739,466.796,112.959,5.742,22.057,3.909,0.457,2023,Optimal,0.11948482,0.0,0.05974241,0.88051518,1.0,0.94025759,0.9022510836552219,0.9324370158718628,2,Transformation Specialists,Transformation Specialists
36,2023,BKSC,Bank of South Carolina Corp,633.816,8.016,47.081,525.703,58.8,0.631,346.99,241.217,5.494,18.521,1.765,0.576,2023,Optimal,0.08299233,0.099646717,0.0913195235,0.91700767,0.8187659446265596,0.9086804765,0.9022510836552219,0.9324370158718628,4,Funding-Rich Underperformers,Funding-Rich Underperformers
37,2023,BKU,BankUnited Inc,35761.607,280.744,2577.921,26538.478,5896.364,106.951,24633.684,9187.438,178.671,873.804,86.838,130.58,2023,Optimal,0.13268243,0.0,0.066341215,0.86731757,1.0,0.933658785,0.9022510836552219,0.9324370158718628,2,Transformation Specialists,Transformation Specialists
38,2023,BLFY,Blue Foundry Bancorp,2044.963,28.439,355.64,1244.904,424.277,7.767,1560.73,337.366,-7.397,41.919,1.805,6.711,2023,Optimal,0.33591926,0.0,0.16795963,0.66408074,1.0,0.83204037,0.9022510836552219,0.9324370158718628,2,Transformation Specialists,Transformation Specialists
39,2023,BMBN,Benchmark Bankshares Inc,1162.325,18.586,98.692,1053.629,1.948,0.54,892.227,118.74,15.38,44.741,9.359,2.119,2023,Optimal,0.01229361,0.0,0.006146805,0.98770639,1.0,0.993853195,0.9022510836552219,0.9324370158718628,1,Network Leaders,Network Leaders
40,2023,BMRC,Bank of Marin Bancorp,3803.903,43.448,439.062,3290.075,49.204,2.887,2073.72,1477.226,19.895,102.761,4.989,7.992,2023,Optimal,0.046211011,0.0,0.0231055055,0.953788989,1.0,0.9768944945,0.9022510836552219,0.9324370158718628,1,Network Leaders,Network Leaders
41,2023,BNCC,BNCCORP Inc,968.205,17.517,108.418,837.203,16.512,1.419,668.808,162.144,5.705,32.31,10.004,3.384,2023,Optimal,0.057746966,0.11722312,0.087485043,0.942253034,0.7901527136316334,0.912514957,0.9022510836552219,0.9324370158718628,4,Funding-Rich Underperformers,Funding-Rich Underperformers
42,2023,BOH,Bank of Hawaii Corp,23733.296,234.079,1414.242,21055.045,805.373,12.647,13905.087,7468.54,171.202,497.025,176.609,11.747,2023,Optimal,0.0,0.0,0.0,1.0,1.0,1.0,0.9022510836552219,0.9324370158718628,1,Network Leaders,Network Leaders
43,2023,BOKF,BOK Financial Corp,49824.83,766.61,5145.419,34019.701,9211.752,299.636,23904.968,14974.604,530.746,1272.18,789.949,148.344,2023,Optimal,0.24233026,0.0,0.12116513,0.75766974,1.0,0.87883487,0.9022510836552219,0.9324370158718628,2,Transformation Specialists,Transformation Specialists
44,2023,BOTJ,Bank of the James Financial Group Inc,969.371,18.311,60.039,878.459,19.932,1.199,609.333,221.673,8.704,29.74,12.867,0.391,2023,Optimal,0.010722943,0.032221126,0.0214720345,0.989277057,0.9375693343443544,0.9785279655,0.9022510836552219,0.9324370158718628,1,Network Leaders,Network Leaders
45,2023,BPOP,Popular Inc,70758.155,778.045,5146.953,63618.243,1231.056,528.567,33333.162,25111.325,541.342,2131.524,650.724,438.027,2023,Optimal,0.0,0.0,0.0,1.0,1.0,1.0,0.9022510836552219,0.9324370158718628,1,Network Leaders,Network Leaders
46,2023,BPRN,Princeton Bancorp Inc,1916.497,23.386,240.211,1635.741,24.28,0.266,1548.335,92.955,25.765,65.016,17.121,6.708,2023,Optimal,0.0642749,0.0,0.03213745,0.9357251,1.0,0.96786255,0.9022510836552219,0.9324370158718628,1,Network Leaders,Network Leaders
47,2023,BRBS,Blue Ridge Bankshares Inc,3117.554,58.158,185.989,2566.032,324.474,18.779,2430.947,382.074,-51.773,93.041,28.541,63.063,2023,Optimal,0.094466415,0.090874877,0.092670646,0.905533585,0.8333908335116971,0.907329354,0.9022510836552219,0.9324370158718628,4,Funding-Rich Underperformers,Funding-Rich Underperformers
48,2023,BRKL,Brookline Bancorp Inc,11382.256,138.895,1198.644,8548.125,1408.668,15.302,9641.589,993.755,74.999,339.711,31.934,45.324,2023,Optimal,0.1695526,0.0,0.0847763,0.8304474,1.0,0.9152237,0.9022510836552219,0.9324370158718628,2,Transformation Specialists,Transformation Specialists
49,2023,BSBK,Bogota Financial Corp,939.324,9.82,137.173,625.347,167.69,0.857,717.475,150.16,0.643,14.973,1.139,12.8,2023,Optimal,0.2545132,0.0,0.1272566,0.7454868,1.0,0.8727434000000001,0.9022510836552219,0.9324370158718628,2,Transformation Specialists,Transformation Specialists
50,2023,BSRR,Sierra Bancorp,3729.799,50.977,338.097,2761.223,574.531,19.579,2090.384,1353.915,34.844,112.405,30.4,7.985,2023,Optimal,0.1879011,0.0,0.09395055,0.8120989000000001,1.0,0.90604945,0.9022510836552219,0.9324370158718628,2,Transformation Specialists,Transformation Specialists
51,2023,BUSE,First Busey Corp,12283.415,162.597,1271.981,10291.156,523.579,16.59,7651.034,2970.011,122.565,319.451,122.384,7.941,2023,Optimal,0.075534336,0.0,0.037767168,0.924465664,1.0,0.962232832,0.9022510836552219,0.9324370158718628,1,Network Leaders,Network Leaders
52,2023,BWB,Bridgewater Bancshares Inc,4611.99,36.538,425.515,3709.948,412.538,0.639,3717.709,621.201,39.96,105.174,6.493,0.919,2023,Optimal,0.086764392,0.0,0.043382196,0.913235608,1.0,0.956617804,0.9022510836552219,0.9324370158718628,1,Network Leaders,Network Leaders
53,2023,BWFG,Bankwell Financial Group Inc,3215.482,24.595,265.752,2736.757,159.205,16.441,2713.247,133.319,36.663,94.468,4.842,49.207,2023,Optimal,0.037131972,0.047307604,0.042219788,0.962868028,0.9096586259484468,0.957780212,0.9022510836552219,0.9324370158718628,4,Funding-Rich Underperformers,Funding-Rich Underperformers
54,2023,BY,Byline Bancorp Inc,8881.967,126.979,990.151,7176.999,553.776,40.744,6684.306,1368.684,107.878,330.621,56.315,65.307,2023,Optimal,0.11179917,0.026197844,0.068998507,0.8882008299999999,0.9489419235224976,0.931001493,0.9022510836552219,0.9324370158718628,2,Transformation Specialists,Transformation Specialists
55,2023,CAC,Camden National Corp,5714.506,60.009,495.064,4597.36,544.365,5.105,4098.094,1186.133,43.383,132.263,31.034,7.438,2023,Optimal,0.10888224,0.049308989,0.0790956145,0.89111776,0.9060162649573948,0.9209043855,0.9022510836552219,0.9324370158718628,3,Network Laggards,Network Laggards
56,2023,CADE,Cadence Bank,48934.51,634.722,5167.843,38497.137,4581.519,116.136,32497.022,8131.279,542.304,1351.356,-116.343,222.387,2023,Optimal,0.12650876,0.089825272,0.108167016,0.87349124,0.8351565626017159,0.891832984,0.9022510836552219,0.9324370158718628,3,Network Laggards,Network Laggards
57,2023,CARE,Carter Bankshares Inc,4512.539,55.856,351.243,3721.915,401.128,15.038,3505.91,800.629,23.384,122.31,18.278,311.998,2023,Optimal,0.091737615,0.0,0.0458688075,0.908262385,1.0,0.9541311925,0.9022510836552219,0.9324370158718628,1,Network Leaders,Network Leaders
58,2023,CARV,Carver Bancorp Inc,756.796,13.548,42.309,646.999,57.152,12.321,622.878,52.042,-2.977,22.561,6.723,11.827,2023,Optimal,0.059518076,0.058279515,0.0588987955,0.940481924,0.8898598826227871,0.9411012045,0.9022510836552219,0.9324370158718628,4,Funding-Rich Underperformers,Funding-Rich Underperformers
59,2023,CASH,Pathward Financial Inc,7535.543,184.318,650.625,6589.182,75.706,30.92,4366.116,1872.407,163.615,387.861,316.599,57.976,2023,Optimal,0.041203389,0.0,0.0206016945,0.958796611,1.0,0.9793983055,0.9022510836552219,0.9324370158718628,1,Network Leaders,Network Leaders
60,2023,CATY,Cathay General Bancorp,23081.534,154.149,2736.575,19325.447,709.72,84.501,19537.42,1662.722,354.124,741.746,68.292,93.279,2023,Optimal,0.0099214281,0.0,0.00496071405,0.9900785719,1.0,0.99503928595,0.9022510836552219,0.9324370158718628,1,Network Leaders,Network Leaders
61,2023,CBAN,Colony Bankcorp Inc,3053.422,49.233,254.935,2544.79,240.274,6.357,1883.47,873.281,21.747,78.244,35.634,10.657,2023,Optimal,0.087890288,0.11321126,0.100550774,0.912109712,0.7966041773598301,0.899449226,0.9022510836552219,0.9324370158718628,4,Funding-Rich Underperformers,Funding-Rich Underperformers
62,2023,CBCY,Central Bancompany Inc,19020.505,271.667,2743.798,14869.51,1259.653,25.982,11485.288,5083.584,273.693,633.179,206.88,22.708,2023,Optimal,0.13803241,0.0,0.069016205,0.86196759,1.0,0.930983795,0.9022510836552219,0.9324370158718628,2,Transformation Specialists,Transformation Specialists
63,2023,CBFV,CB Financial Services Inc,1456.091,21.212,139.834,1267.159,36.463,5.799,1110.396,207.095,22.55,44.553,24.012,2.402,2023,Optimal,0.050572783,0.0,0.0252863915,0.949427217,1.0,0.9747136085,0.9022510836552219,0.9324370158718628,1,Network Leaders,Network Leaders
64,2023,CBKM,Consumers Bancorp Inc,1060.024,14.02,55.484,952.533,36.094,0.44,710.362,289.129,10.674,33.715,4.747,0.228,2023,Optimal,0.0,0.028723391,0.0143616955,1.0,0.9441572122277134,0.9856383045,0.9022510836552219,0.9324370158718628,1,Network Leaders,Network Leaders
65,2023,CBNK,Capital Bancorp Inc,2226.176,48.754,254.86,1895.996,52.853,9.756,1903.288,212.682,35.871,141.526,24.975,16.042,2023,Optimal,0.068896804,0.0,0.034448402,0.931103196,1.0,0.965551598,0.9022510836552219,0.9324370158718628,1,Network Leaders,Network Leaders
66,2023,CBSH,Commerce Bancshares Inc,31701.061,584.063,2964.23,25363.898,2937.113,8.402,17205.479,9919.934,477.06,998.129,588.03,7.582,2023,Optimal,0.11365492,0.0,0.05682746,0.88634508,1.0,0.94317254,0.9022510836552219,0.9324370158718628,2,Transformation Specialists,Transformation Specialists
67,2023,CBU,Community Financial System Inc,15555.753,281.803,1697.937,12928.121,806.607,33.867,9704.598,4165.312,131.924,437.285,214.834,55.732,2023,Optimal,0.085220676,0.039297345,0.0622590104999999,0.914779324,0.9243770895998968,0.9377409895,0.9022510836552219,0.9324370158718628,4,Funding-Rich Underperformers,Funding-Rich Underperformers
68,2023,CCB,Coastal Financial Corp,3753.366,65.967,294.978,3360.363,53.858,33.175,3026.092,160.591,44.579,238.727,207.175,53.839,2023,Optimal,0.019438887,0.0,0.0097194435,0.980561113,1.0,0.9902805565,0.9022510836552219,0.9324370158718628,1,Network Leaders,Network Leaders
69,2023,CCBG,Capital City Bank Group,4304.477,93.787,440.625,3701.822,115.934,2.728,2733.918,966.374,52.258,158.988,71.61,6.243,2023,Optimal,0.057896276,0.0056352693,0.03176577265,0.942103724,0.98879261801563,0.96823422735,0.9022510836552219,0.9324370158718628,1,Network Leaders,Network Leaders
70,2023,CCFN,Muncy Columbia Financial Corp,1639.779,11.618,153.825,1150.669,323.465,2.654,1068.429,424.991,3.387,23.262,7.121,4.475,2023,Optimal,0.1770286,0.070112883,0.1235707415,0.8229714,0.8689617065380196,0.8764292585,0.9022510836552219,0.9324370158718628,3,Network Laggards,Network Laggards
71,2023,CCNE,CNB Financial Corp/PA,5752.957,71.062,571.247,4998.75,142.831,23.546,4468.476,770.235,58.02,189.829,33.335,31.805,2023,Optimal,0.041688051,0.043122351,0.042405201,0.958311949,0.9173206269453236,0.957594799,0.9022510836552219,0.9324370158718628,4,Funding-Rich Underperformers,Funding-Rich Underperformers
72,2023,CEFC,Commercial National Financial Corp,579.161,7.95,46.81,501.647,28.071,0.688,417.403,94.308,6.173,18.366,1.999,0.939,2023,Optimal,0.04266083,0.13531029,0.0889855599999999,0.95733917,0.7616329364899881,0.91101444,0.9022510836552219,0.9324370158718628,4,Funding-Rich Underperformers,Funding-Rich Underperformers
73,2023,CFBK,CF Bankshares Inc,2058.615,14.513,155.374,1744.057,130.258,0.761,1710.998,21.574,16.937,47.64,4.031,5.722,2023,Optimal,0.016311995,0.086194864,0.0512534294999999,0.983688005,0.8412902383232038,0.9487465705,0.9022510836552219,0.9324370158718628,4,Funding-Rich Underperformers,Funding-Rich Underperformers
74,2023,CFFI,C&F Financial Corp,2438.498,54.876,217.516,2066.13,118.337,1.541,1742.139,465.369,23.604,97.707,29.615,1.944,2023,Optimal,0.073374113,0.0,0.0366870565,0.926625887,1.0,0.9633129435,0.9022510836552219,0.9324370158718628,1,Network Leaders,Network Leaders
75,2023,CFFN,Capitol Federal Financial Inc,10177.461,51.491,1044.054,6051.22,2890.747,9.771,7994.708,1495.196,-101.659,153.272,-171.455,9.628,2023,Optimal,0.27406519,0.0,0.137032595,0.72593481,1.0,0.862967405,0.9022510836552219,0.9324370158718628,2,Transformation Specialists,Transformation Specialists
76,2023,CFG,Citizens Financial Group Inc,221964.0,2532.0,24342.0,177342.0,14949.0,960.0,145959.0,40003.0,1608.0,6241.0,1983.0,1378.0,2023,Optimal,0.0,0.0,0.0,1.0,1.0,1.0,0.9022510836552219,0.9324370158718628,1,Network Leaders,Network Leaders
77,2023,CFR,Cullen/Frost Bankers Inc,50845.038,663.024,3716.447,41920.568,4680.398,38.797,18824.251,20197.799,597.973,1558.664,428.542,61.632,2023,Optimal,0.084245518,0.0,0.042122759,0.915754482,1.0,0.957877241,0.9022510836552219,0.9324370158718628,1,Network Leaders,Network Leaders
78,2023,CHBH,Croghan Bancshares Inc,1118.128,17.606,119.657,887.202,105.33,0.583,713.009,301.999,10.773,36.102,5.791,0.639,2023,Optimal,0.13640158,0.037988247,0.0871949135,0.86359842,0.9268040902971804,0.9128050865,0.9022510836552219,0.9324370158718628,3,Network Laggards,Network Laggards
79,2023,CHCO,City Holding Co,6168.052,73.163,677.066,4934.262,434.856,6.301,4125.923,1369.103,114.365,219.241,70.629,8.559,2023,Optimal,0.11665854,0.022586083,0.0696223115,0.88334146,0.9558255615336788,0.9303776885,0.9022510836552219,0.9324370158718628,2,Transformation Specialists,Transformation Specialists
80,2023,CHMG,Chemung Financial Corp,2710.529,34.2,195.241,2429.427,40.797,8.373,1972.664,593.322,25.0,74.457,24.549,10.738,2023,Optimal,0.014607132,0.031817776,0.023212454,0.985392868,0.9383267535410243,0.976787546,0.9022510836552219,0.9324370158718628,1,Network Leaders,Network Leaders
81,2023,CIVB,Civista Bancshares Inc,3861.418,58.291,372.002,2985.028,455.826,10.905,2861.728,650.439,42.964,125.496,37.163,15.126,2023,Optimal,0.15358657,0.070574213,0.1120803915,0.84641343,0.8681563367713958,0.8879196085,0.9022510836552219,0.9324370158718628,3,Network Laggards,Network Laggards
82,2023,CIZN,Citizens Holding Co,1404.597,18.583,42.773,1170.077,176.576,6.46,640.945,567.793,1.854,29.878,8.748,5.826,2023,Optimal,0.0,0.19124465,0.095622325,1.0,0.6789162494874583,0.904377675,0.9022510836552219,0.9324370158718628,4,Funding-Rich Underperformers,Funding-Rich Underperformers
83,2023,CLBK,Columbia Financial Inc,10645.568,120.846,1040.335,7846.556,1545.23,6.721,7874.537,1579.812,36.086,205.876,27.379,12.618,2023,Optimal,0.18339871,0.0074388297,0.09541876985,0.81660129,0.9852321957806308,0.90458123015,0.9022510836552219,0.9324370158718628,2,Transformation Specialists,Transformation Specialists
84,2023,CLST,Catalyst Bancorp Inc,270.932,4.671,84.655,165.622,19.378,2.005,144.92,85.879,0.602,7.801,1.589,2.051,2023,Optimal,0.27615499,0.0,0.138077495,0.72384501,1.0,0.861922505,0.9022510836552219,0.9324370158718628,2,Transformation Specialists,Transformation Specialists
85,2023,CMA,Comerica Incorporated,85834.0,1306.0,6406.0,66762.0,10159.0,244.0,51306.0,16869.0,881.0,2514.0,1078.0,178.0,2023,Optimal,0.12915862,0.0,0.06457931,0.87084138,1.0,0.93542069,0.9022510836552219,0.9324370158718628,2,Transformation Specialists,Transformation Specialists
86,2023,CMTV,Community Bancorp/VT,1099.345,12.227,89.029,896.968,107.611,7.89,846.003,192.349,13.432,34.209,7.175,6.955,2023,Optimal,0.10190215,0.061184402,0.081543276,0.89809785,0.8846865787233837,0.918456724,0.9022510836552219,0.9324370158718628,3,Network Laggards,Network Laggards
87,2023,CNND,Canandaigua National Corp,4883.787,62.564,347.576,3586.978,888.854,10.566,3701.644,1023.323,44.731,133.47,50.845,14.437,2023,Optimal,0.1920122,0.037259748,0.114635974,0.8079878,0.9281573432848568,0.885364026,0.9022510836552219,0.9324370158718628,3,Network Laggards,Network Laggards
88,2023,CNOB,ConnectOne Bancorp Inc,9855.603,88.325,1216.62,7536.202,1027.695,44.718,8345.145,687.183,87.003,255.106,14.001,52.524,2023,Optimal,0.13484552,0.0059094305,0.07037747525,0.86515448,0.98825057143154,0.92962252475,0.9022510836552219,0.9324370158718628,2,Transformation Specialists,Transformation Specialists
89,2023,COFS,ChoiceOne Financial Services Inc,2576.706,31.963,195.634,2122.055,235.507,2.667,1410.653,939.576,21.261,65.885,14.906,2.034,2023,Optimal,0.095706705,0.063727136,0.0797169205,0.904293295,0.8801814227666745,0.9202830795,0.9022510836552219,0.9324370158718628,4,Funding-Rich Underperformers,Funding-Rich Underperformers
90,2023,COLB,Columbia Banking System Inc,52173.596,616.103,4995.034,41607.02,4757.03,58.843,37441.951,9088.439,348.715,1793.171,203.927,113.937,2023,Optimal,0.1142663,0.0,0.05713315,0.8857337,1.0,0.94286685,0.9022510836552219,0.9324370158718628,2,Transformation Specialists,Transformation Specialists
91,2023,CPF,Central Pacific Financial Corp.,7642.796,82.05,503.815,6847.592,186.736,5.251,5438.982,1286.341,58.669,210.0,46.663,7.008,2023,Optimal,0.00080698608,0.044409886,0.02260843604,0.99919301392,0.914956978873331,0.97739156396,0.9022510836552219,0.9324370158718628,4,Funding-Rich Underperformers,Funding-Rich Underperformers
92,2023,CPKF,Chesapeake Financial Shares Inc,1471.047,28.408,98.543,1265.977,88.351,5.519,821.029,486.707,10.12,41.614,22.29,2.128,2023,Optimal,0.060382032,0.074015366,0.067198699,0.939617968,0.8621707503577747,0.932801301,0.9022510836552219,0.9324370158718628,4,Funding-Rich Underperformers,Funding-Rich Underperformers
93,2023,CSBB,CSB Bancorp Inc/OH,1178.689,13.673,107.939,1027.427,37.896,0.256,701.404,368.153,14.756,36.141,6.744,0.396,2023,Optimal,0.047765538,0.051786894,0.049776216,0.952234462,0.9015258807740952,0.950223784,0.9022510836552219,0.9324370158718628,4,Funding-Rich Underperformers,Funding-Rich Underperformers
94,2023,CSHX,Cashmere Valley Bank,2042.738,22.359,202.798,1773.767,48.858,1.58,1042.453,793.688,27.982,65.637,14.31,2.095,2023,Optimal,0.045013152,0.059145048,0.0520791,0.954986848,0.8883154897212908,0.9479209,0.9022510836552219,0.9324370158718628,4,Funding-Rich Underperformers,Funding-Rich Underperformers
95,2023,CTBI,Community Trust Bancorp Inc,5769.696,73.711,702.208,4724.622,306.713,18.98,4050.906,1176.481,78.004,173.11,57.659,15.584,2023,Optimal,0.098131624,0.041117616,0.06962462,0.901868376,0.9210125438891816,0.93037538,0.9022510836552219,0.9324370158718628,3,Network Laggards,Network Laggards
96,2023,CUBI,Customers Bancorp Inc,21316.265,133.275,1638.394,17920.236,1527.325,30.783,12861.767,3618.358,250.143,687.449,70.565,27.209,2023,Optimal,0.0,0.064485146,0.032242573,1.0,0.8788425630130869,0.967757427,0.9022510836552219,0.9324370158718628,4,Funding-Rich Underperformers,Funding-Rich Underperformers
97,2023,CVBF,CVB Financial Corp,16020.993,139.191,2077.972,11433.642,2365.698,4.93,8831.32,5438.747,221.435,487.99,59.33,21.302,2023,Optimal,0.18511812,0.0,0.09255906,0.81488188,1.0,0.90744094,0.9022510836552219,0.9324370158718628,2,Transformation Specialists,Transformation Specialists
98,2023,CYFL,Century Financial Corp,474.291,7.853,50.047,415.98,5.683,0.695,218.629,156.612,8.002,18.223,5.178,1.02,2023,Optimal,0.023600942,0.021592538,0.02259674,0.976399058,0.9577276904502996,0.97740326,0.9022510836552219,0.9324370158718628,1,Network Leaders,Network Leaders
99,2023,CZBC,Citizens Bancorp/OR,1019.726,17.427,71.341,752.418,179.573,0.193,406.409,394.943,6.154,30.354,2.777,0.51,2023,Optimal,0.19402031,0.079399185,0.1367097475,0.80597969,0.8528826293305012,0.8632902525,0.9022510836552219,0.9324370158718628,3,Network Laggards,Network Laggards
100,2023,CZBS,Citizens Bancshares Corp,745.638,9.81,176.927,554.796,1.54,1.369,378.718,200.202,12.295,34.222,5.502,7.71,2023,Optimal,0.18039024,0.0,0.09019512,0.81960976,1.0,0.90980488,0.9022510836552219,0.9324370158718628,2,Transformation Specialists,Transformation Specialists
101,2023,CZFS,Citizens Financial Services Inc,2975.321,34.99,279.666,2321.481,333.224,7.488,2248.836,419.539,17.811,80.26,11.605,13.177,2023,Optimal,0.14168087,0.089859891,0.1157703804999999,0.85831913,0.8350982695260964,0.8842296195,0.9022510836552219,0.9324370158718628,3,Network Laggards,Network Laggards
102,2023,CZNC,Citizens & Northern Corp,2515.584,44.195,262.381,2014.806,215.329,25.597,1848.139,415.755,24.148,80.4,24.417,18.845,2023,Optimal,0.12416716,0.040585405,0.0823762825,0.87583284,0.921995052390726,0.9176237175,0.9022510836552219,0.9324370158718628,3,Network Laggards,Network Laggards
103,2023,CZWI,Citizens Community Bancorp Inc,1851.391,21.106,173.334,1519.092,148.681,12.721,1460.792,265.981,13.059,48.349,10.25,15.368,2023,Optimal,0.099603442,0.046946308,0.073274875,0.900396558,0.9103176397084156,0.926725125,0.9022510836552219,0.9324370158718628,3,Network Laggards,Network Laggards
104,2023,DCOM,Dime Community Bancshares Inc,13636.005,117.437,1226.225,10530.655,1568.65,34.237,10773.428,1579.629,96.094,316.571,36.206,29.099,2023,Optimal,0.11793162,0.025051211,0.0714914155,0.88206838,0.9511220303314192,0.9285085845,0.9022510836552219,0.9324370158718628,2,Transformation Specialists,Transformation Specialists
105,2023,DIMC,Dimeco Inc,989.961,15.85,98.578,826.54,52.118,4.794,722.446,197.138,10.828,33.975,6.684,8.537,2023,Optimal,0.089940959,0.062772967,0.076356963,0.910059041,0.88186946986957,0.923643037,0.9022510836552219,0.9324370158718628,4,Funding-Rich Underperformers,Funding-Rich Underperformers
106,2023,EBC,Eastern Bankshares Inc,21133.278,253.037,2974.855,17596.217,103.833,38.604,13948.36,4863.146,232.177,550.409,-237.753,52.557,2023,Optimal,0.077265789,0.0,0.0386328945,0.922734211,1.0,0.9613671055,0.9022510836552219,0.9324370158718628,1,Network Leaders,Network Leaders
107,2023,EBMT,Eagle Bancorp Montana Inc,2075.666,42.973,169.273,1635.195,236.235,7.778,1484.489,331.601,10.056,62.477,22.722,8.426,2023,Optimal,0.13931811,0.12499493,0.13215652,0.86068189,0.7777857896657366,0.86784348,0.9022510836552219,0.9324370158718628,3,Network Laggards,Network Laggards
108,2023,ECBK,ECB Bancorp Inc,1280.335,11.679,164.901,868.214,235.336,0.656,1048.38,91.874,4.456,24.79,1.052,1.213,2023,Optimal,0.23821182,0.015076516,0.126644168,0.76178818,0.9702948186420264,0.873355832,0.9022510836552219,0.9324370158718628,2,Transformation Specialists,Transformation Specialists
109,2023,EFSC,Enterprise Financial Services Corp,14518.59,164.566,1716.068,12176.371,482.448,10.25,10884.118,2434.902,194.059,562.592,68.725,49.464,2023,Optimal,0.069666892,0.0,0.034833446,0.930333108,1.0,0.965166554,0.9022510836552219,0.9324370158718628,1,Network Leaders,Network Leaders
110,2023,EFSI,Eagle Financial Services Inc,1825.597,30.306,108.379,1506.322,199.097,2.27,1462.686,147.011,9.357,50.291,14.745,6.13,2023,Optimal,0.097705895,0.14856263,0.1231342625,0.902294105,0.741306871528634,0.8768657375,0.9022510836552219,0.9324370158718628,4,Funding-Rich Underperformers,Funding-Rich Underperformers
111,2023,EGBN,Eagle Bancorp Inc,11664.538,86.096,1274.283,8808.039,1423.743,8.43,7968.695,2547.873,100.534,290.546,21.536,66.632,2023,Optimal,0.12282115,0.034689836,0.078755493,0.87717885,0.9329464061730668,0.921244507,0.9022510836552219,0.9324370158718628,2,Transformation Specialists,Transformation Specialists
112,2023,EMYB,Embassy Bancorp Inc,1656.496,13.772,105.655,1476.233,56.825,2.374,1254.039,278.518,12.656,39.039,2.629,0.366,2023,Optimal,0.0,0.0,0.0,1.0,1.0,1.0,0.9022510836552219,0.9324370158718628,1,Network Leaders,Network Leaders
113,2023,ENBP,ENB Financial Corp,2000.824,30.152,119.654,1726.798,143.565,4.347,1360.078,477.56,12.375,54.039,12.699,3.277,2023,Optimal,0.053271831,0.094641215,0.073956523,0.946728169,0.8270826756692146,0.926043477,0.9022510836552219,0.9324370158718628,4,Funding-Rich Underperformers,Funding-Rich Underperformers
114,2023,EQBK,Equity Bancshares Inc,5034.592,64.384,452.86,4145.455,383.81,18.248,3332.901,942.465,7.821,159.018,-19.129,26.457,2023,Optimal,0.093669309,0.14746278,0.1205660445,0.906330691,0.742975924674437,0.8794339555,0.9022510836552219,0.9324370158718628,4,Funding-Rich Underperformers,Funding-Rich Underperformers
115,2023,EQFN,Equitable Financial Corp,481.049,8.181,44.979,412.27,18.573,0.554,425.938,32.732,3.588,15.091,4.809,0.711,2023,Optimal,0.045542344,0.0,0.022771172,0.954457656,1.0,0.977228828,0.9022510836552219,0.9324370158718628,1,Network Leaders,Network Leaders
116,2023,ESQ,Esquire Financial Holdings Inc,1616.876,32.481,198.555,1407.299,2.183,0.004,1207.413,202.036,41.011,83.773,29.751,11.009,2023,Optimal,0.049834171,0.0,0.0249170855,0.950165829,1.0,0.9750829145,0.9022510836552219,0.9324370158718628,1,Network Leaders,Network Leaders
117,2023,EWBC,East West Bancorp Inc,69612.884,508.538,6950.834,56092.438,4755.364,99.796,52210.782,9224.188,1161.161,2312.254,295.264,114.015,2023,Optimal,0.018500282,0.0,0.009250141,0.981499718,1.0,0.990749859,0.9022510836552219,0.9324370158718628,1,Network Leaders,Network Leaders
118,2023,EXSR,Exchange Bank of Santa Rosa California,3368.572,41.11,255.224,2838.627,232.661,5.966,1594.677,1512.445,20.193,90.49,23.66,4.199,2023,Optimal,0.072801569,0.053527471,0.06316452,0.927198431,0.8983842899716851,0.93683548,0.9022510836552219,0.9324370158718628,4,Funding-Rich Underperformers,Funding-Rich Underperformers
119,2023,FBAK,First National Bank Alaska,5730.835,63.652,464.791,3780.018,1427.62,5.697,2273.311,2384.951,60.01,154.479,25.426,4.611,2023,Optimal,0.27145919,0.024944174,0.148201682,0.7285408099999999,0.9513257899644396,0.8517983179999999,0.9022510836552219,0.9324370158718628,2,Transformation Specialists,Transformation Specialists
120,2023,FBIZ,First Business Financial Services Inc,3507.846,61.059,289.588,2796.779,339.87,3.754,2850.261,317.551,37.027,112.588,31.308,20.844,2023,Optimal,0.12718707,0.053508201,0.0903476355,0.87281293,0.8984190138259778,0.9096523645,0.9022510836552219,0.9324370158718628,3,Network Laggards,Network Laggards
121,2023,FBK,FB Financial Corp,12604.403,203.441,1454.887,10548.287,458.607,87.491,9408.783,1506.163,120.224,407.217,70.543,86.483,2023,Optimal,0.081577833,0.05341469,0.0674962615,0.918422167,0.8985875353608368,0.9325037385,0.9022510836552219,0.9324370158718628,4,Funding-Rich Underperformers,Funding-Rich Underperformers
122,2023,FBNC,First Bancorp/NC,12114.942,139.851,1372.38,10031.599,647.991,38.293,8150.102,2777.557,104.131,346.658,57.49,44.789,2023,Optimal,0.082393923,0.048456386,0.0654251545,0.917606077,0.907566234233419,0.9345748455,0.9022510836552219,0.9324370158718628,4,Funding-Rich Underperformers,Funding-Rich Underperformers
123,2023,FBP,First BanCorp (Puerto Rico),18909.549,222.855,1497.609,16555.985,733.119,129.158,12185.483,5631.64,302.864,797.11,132.694,125.906,2023,Optimal,0.029340523,0.0,0.0146702615,0.970659477,1.0,0.9853297385,0.9022510836552219,0.9324370158718628,1,Network Leaders,Network Leaders
124,2023,FBPI,First Bancorp of Indiana Inc,631.341,9.114,32.012,462.203,129.832,0.468,454.45,117.086,2.851,16.464,3.269,0.494,2023,Optimal,0.18182131,0.062892026,0.122356668,0.81817869,0.8816586737663604,0.877643332,0.9022510836552219,0.9324370158718628,3,Network Laggards,Network Laggards
125,2023,FBSI,First Bancshares Inc,541.561,7.912,53.591,471.992,13.357,0.614,424.606,13.354,6.72,20.887,1.807,1.63,2023,Optimal,0.034588726,0.052721793,0.0436552595,0.965411274,0.899837177589426,0.9563447405,0.9022510836552219,0.9324370158718628,4,Funding-Rich Underperformers,Funding-Rich Underperformers
126,2023,FBTT,First Bankers Trustshares Inc,1148.708,14.656,62.103,971.432,105.227,7.634,598.647,445.249,5.407,23.255,7.812,10.684,2023,Optimal,0.062353178,0.11194181,0.087147494,0.937646822,0.798655273156785,0.912852506,0.9022510836552219,0.9324370158718628,4,Funding-Rich Underperformers,Funding-Rich Underperformers
127,2023,FCBC,First Community Bancshares Inc,3268.545,49.887,503.294,2722.325,1.739,17.399,2572.298,280.961,48.02,127.684,37.452,19.652,2023,Optimal,0.088292626,0.0,0.044146313,0.911707374,1.0,0.955853687,0.9022510836552219,0.9324370158718628,1,Network Leaders,Network Leaders
128,2023,FCCO,First Community Corp,1827.688,25.864,131.059,1511.001,171.253,5.831,1134.019,506.196,11.843,48.892,10.421,0.864,2023,Optimal,0.097140204,0.0,0.048570102,0.902859796,1.0,0.951429898,0.9022510836552219,0.9324370158718628,1,Network Leaders,Network Leaders
129,2023,FCF,First Commonwealth Financial Corp.,11459.488,142.871,1314.274,9192.309,833.919,36.021,8968.761,1490.866,157.063,385.676,96.609,40.918,2023,Optimal,0.11339819,0.023197357,0.0682977734999999,0.88660181,0.9546571209526687,0.9317022265,0.9022510836552219,0.9324370158718628,2,Transformation Specialists,Transformation Specialists
130,2023,FCNCA,First Citizens BancShares Inc,213758.0,2636.0,21255.0,145854.0,38050.0,674.0,133302.0,30122.0,11466.0,6712.0,12075.0,1031.0,2023,Optimal,0.16202358,0.0,0.08101179,0.8379764199999999,1.0,0.91898821,0.9022510836552219,0.9324370158718628,2,Transformation Specialists,Transformation Specialists
131,2023,FDBC,Fidelity D & D Bancorp Inc,2503.159,25.642,189.479,2158.425,134.122,4.069,1685.098,572.178,18.21,62.047,11.405,3.323,2023,Optimal,0.049008048,0.080697568,0.064852808,0.950991952,0.8506565196600869,0.935147192,0.9022510836552219,0.9324370158718628,4,Funding-Rich Underperformers,Funding-Rich Underperformers
132,2023,FDVA,Freedom Financial Holdings Inc,1084.668,14.323,77.228,921.058,71.95,8.639,769.743,236.148,2.319,27.192,3.895,13.21,2023,Optimal,0.075619687,0.072446714,0.0740332005,0.924380313,0.864894520064705,0.9259667995,0.9022510836552219,0.9324370158718628,4,Funding-Rich Underperformers,Funding-Rich Underperformers
133,2023,FFBB,FFB Bancorp,1364.326,20.162,130.7,1145.17,75.251,6.373,924.713,333.13,33.558,63.532,25.045,6.006,2023,Optimal,0.084873424,0.032007911,0.0584406675,0.915126576,0.9379696402346668,0.9415593325,0.9022510836552219,0.9324370158718628,1,Network Leaders,Network Leaders
134,2023,FFBC,First Financial Bancorp.,17532.9,292.731,2267.974,13360.797,1346.413,39.774,10933.176,3231.392,255.863,627.77,212.422,65.859,2023,Optimal,0.16085826,0.065872524,0.113365392,0.83914174,0.8763969939804922,0.886634608,0.9022510836552219,0.9324370158718628,3,Network Laggards,Network Laggards
135,2023,FFDF,FFD Financial Corp,733.462,7.651,59.983,642.979,22.041,0.339,567.81,42.116,11.116,23.628,2.8,0.463,2023,Optimal,0.01913751,0.0,0.009568755,0.98086249,1.0,0.990431245,0.9022510836552219,0.9324370158718628,1,Network Leaders,Network Leaders
136,2023,FFIC,Flushing Financial Corp,8537.236,85.957,669.837,6815.261,882.103,53.363,6906.95,978.742,28.664,179.152,22.588,46.153,2023,Optimal,0.11198901,0.03569298,0.0738409949999999,0.88801099,0.9310742069527206,0.926159005,0.9022510836552219,0.9324370158718628,3,Network Laggards,Network Laggards
137,2023,FFIN,First Financial Bankshares Inc,13105.594,131.915,1498.9,11138.3,404.081,24.325,7148.791,4732.762,198.977,383.809,108.003,35.096,2023,Optimal,0.049558897,0.016817395,0.033188146,0.950441103,0.9669215041310344,0.966811854,0.9022510836552219,0.9324370158718628,1,Network Leaders,Network Leaders
138,2023,FFMH,First Farmers and Merchants Corp,1871.603,21.581,124.241,1618.564,107.078,0.705,1018.866,709.924,16.049,44.355,13.2,1.407,2023,Optimal,0.049294487,0.077895343,0.063594915,0.950705513,0.8554677065712121,0.936405085,0.9022510836552219,0.9324370158718628,4,Funding-Rich Underperformers,Funding-Rich Underperformers
139,2023,FFWM,First Foundation Inc,13327.248,84.297,925.343,10688.932,1610.701,16.541,10177.802,1517.417,-199.064,202.305,49.351,20.213,2023,Optimal,0.030052428,0.063947428,0.0469999279999999,0.969947572,0.879792128225343,0.953000072,0.9022510836552219,0.9324370158718628,4,Funding-Rich Underperformers,Funding-Rich Underperformers
140,2023,FGBI,First Guaranty Bancshares Inc,3552.772,40.422,249.631,3009.094,275.696,14.821,2748.708,417.513,9.219,84.705,10.577,41.724,2023,Optimal,0.066292122,0.11897246,0.092632291,0.933707878,0.7873540873383069,0.907367709,0.9022510836552219,0.9324370158718628,4,Funding-Rich Underperformers,Funding-Rich Underperformers
141,2023,FGFH,Foresight Financial Group Inc,1574.728,22.627,140.863,1357.557,58.661,6.822,1083.645,374.932,14.546,49.271,7.556,16.045,2023,Optimal,0.059080188,0.058246222,0.0586632049999999,0.940919812,0.88991933863951,0.941336795,0.9022510836552219,0.9324370158718628,4,Funding-Rich Underperformers,Funding-Rich Underperformers
142,2023,FHB,First Hawaiian Inc,24926.474,225.755,2486.066,21332.657,563.832,11.996,14353.497,6329.385,234.983,636.127,200.815,18.595,2023,Optimal,0.02382335,0.0,0.011911675,0.97617665,1.0,0.988088325,0.9022510836552219,0.9324370158718628,1,Network Leaders,Network Leaders
143,2023,FHN,First Horizon Corp,81661.0,1049.0,9291.0,65780.0,4044.0,327.0,61292.0,9714.0,897.0,2540.0,927.0,469.0,2023,Optimal,0.099918276,0.0,0.049959138,0.900081724,1.0,0.950040862,0.9022510836552219,0.9324370158718628,2,Transformation Specialists,Transformation Specialists
144,2023,FIBK,First Interstate BancSystem Inc,30671.2,338.4,3227.5,23323.1,3669.6,78.3,18279.6,9272.6,257.5,878.8,147.0,127.8,2023,Optimal,0.15492787,0.038975864,0.096951867,0.84507213,0.9249725323744384,0.903048133,0.9022510836552219,0.9324370158718628,3,Network Laggards,Network Laggards
145,2023,FINW,Finwise Bancorp,586.221,25.751,155.056,404.833,6.486,0.1,371.448,15.626,17.46,54.559,21.08,27.127,2023,Optimal,0.23030734,0.0,0.11515367,0.76969266,1.0,0.88484633,0.9022510836552219,0.9324370158718628,2,Transformation Specialists,Transformation Specialists
146,2023,FISI,Financial Institutions Inc,6160.881,71.889,454.796,5212.912,343.32,10.217,4462.139,1053.292,50.264,165.715,48.244,26.802,2023,Optimal,0.064951888,0.08464782,0.074799854,0.935048112,0.8439164889484588,0.925200146,0.9022510836552219,0.9324370158718628,4,Funding-Rich Underperformers,Funding-Rich Underperformers
147,2023,FITB,Fifth Third Bancorp,214574.0,2694.0,19172.0,168912.0,20035.0,539.0,114655.0,51034.0,2349.0,5827.0,2881.0,689.0,2023,Optimal,0.010928485,0.028369094,0.0196487895,0.989071515,0.9448270194708904,0.9803512105,0.9022510836552219,0.9324370158718628,1,Network Leaders,Network Leaders
148,2023,FIZN,First Citizens Bancshares Inc,2390.928,29.672,182.777,2027.62,163.579,4.212,1402.225,751.082,18.61,56.476,16.783,1.845,2023,Optimal,0.069106976,0.064385072,0.066746024,0.930893024,0.879019212700871,0.933253976,0.9022510836552219,0.9324370158718628,4,Funding-Rich Underperformers,Funding-Rich Underperformers
149,2023,FKYS,First Keystone Corp,1415.87,16.055,121.615,980.439,302.444,5.359,910.864,405.335,5.56,29.116,6.156,5.681,2023,Optimal,0.24094115,0.082262382,0.1616017659999999,0.75905885,0.8479807052925915,0.838398234,0.9022510836552219,0.9324370158718628,3,Network Laggards,Network Laggards
150,2023,FLG,Flagstar Financial Inc,114057.0,1149.0,8367.0,81526.0,21713.0,153.0,84619.0,10551.0,-79.0,3077.0,2687.0,442.0,2023,Optimal,0.15711346,0.0,0.07855673,0.84288654,1.0,0.92144327,0.9022510836552219,0.9324370158718628,2,Transformation Specialists,Transformation Specialists
151,2023,FMAO,Farmers & Merchants Bancorp Inc,3283.229,34.435,316.543,2607.463,334.588,4.689,2581.191,375.616,22.787,81.397,16.04,22.353,2023,Optimal,0.12356983,0.079600372,0.101585101,0.87643017,0.8525373386959151,0.898414899,0.9022510836552219,0.9324370158718628,3,Network Laggards,Network Laggards
152,2023,FMBH,First Mid Bancshares Inc,7586.794,104.962,793.204,6123.659,622.936,23.539,5580.565,1177.932,68.935,193.463,86.786,21.292,2023,Optimal,0.1123035,0.071465499,0.0918844995,0.8876965,0.8666023328484233,0.9081155005,0.9022510836552219,0.9324370158718628,3,Network Laggards,Network Laggards
153,2023,FMBM,F & M Bank Corp,1294.596,23.0,78.323,1133.236,67.665,2.262,822.092,379.557,2.771,31.661,10.154,6.524,2023,Optimal,0.044210604,0.11168927,0.077949937,0.955789396,0.7990638697088441,0.922050063,0.9022510836552219,0.9324370158718628,4,Funding-Rich Underperformers,Funding-Rich Underperformers
154,2023,FMCB,Farmers & Merchants Bancorp,5308.928,70.883,549.755,4668.095,13.11,1.444,3654.689,1015.299,88.314,215.385,14.914,0.873,2023,Optimal,0.032856926,0.0,0.016428463,0.967143074,1.0,0.983571537,0.9022510836552219,0.9324370158718628,1,Network Leaders,Network Leaders
155,2023,FMNB,Farmers National Banc Corp/OH,5078.35,57.374,404.415,4177.386,452.641,14.876,3198.127,1335.012,49.932,137.786,41.861,15.229,2023,Optimal,0.091260184,0.11297337,0.1021167769999999,0.908739816,0.7969881884954715,0.897883223,0.9022510836552219,0.9324370158718628,4,Funding-Rich Underperformers,Funding-Rich Underperformers
156,2023,FNB,F.N.B. Corp,46158.0,461.677,6050.0,34711.0,4725.0,119.0,32323.0,7526.0,484.851,1316.504,254.332,110.0,2023,Optimal,0.15253742,0.0072569206,0.0798971703,0.84746258,0.98559072575907,0.9201028297,0.9022510836552219,0.9324370158718628,2,Transformation Specialists,Transformation Specialists
157,2023,FNFI,First Niles Financial Inc,156.897,3.874,13.661,88.1,53.961,0.15,104.049,20.087,0.808,3.315,3.606,0.437,2023,Optimal,0.27696216,0.0,0.13848108,0.7230378399999999,1.0,0.86151892,0.9022510836552219,0.9324370158718628,2,Transformation Specialists,Transformation Specialists
158,2023,FNLC,First Bancorp Inc/ME (The),2946.698,21.942,243.079,2599.662,70.304,1.755,2129.454,670.673,29.518,65.207,15.437,2.178,2023,Optimal,0.0,0.0,0.0,1.0,1.0,1.0,0.9022510836552219,0.9324370158718628,1,Network Leaders,Network Leaders
159,2023,FNRN,First Northern Community Bancorp,1871.832,25.914,159.245,1692.444,4.585,8.579,1069.061,582.875,21.554,66.539,7.845,8.334,2023,Optimal,0.011667358,0.0,0.005833679,0.988332642,1.0,0.994166321,0.9022510836552219,0.9324370158718628,1,Network Leaders,Network Leaders
160,2023,FNWB,First Northwest Bancorp,2201.797,31.209,163.34,1676.892,327.276,1.79,1660.028,309.287,2.286,61.432,4.02,18.644,2023,Optimal,0.16783256,0.086721845,0.1272772025,0.83216744,0.840397346572158,0.8727227975,0.9022510836552219,0.9324370158718628,3,Network Laggards,Network Laggards
161,2023,FNWD,Finward Bancorp,2108.279,27.655,147.345,1813.421,118.124,11.182,1512.595,377.921,8.38,54.555,10.746,12.879,2023,Optimal,0.056947173,0.11039211,0.0836696415,0.943052827,0.8011655360195237,0.9163303585,0.9022510836552219,0.9324370158718628,4,Funding-Rich Underperformers,Funding-Rich Underperformers
162,2023,FOTB,First Ottawa Bancshares Inc,1488.943,19.617,86.605,1235.731,157.279,6.003,1247.825,160.79,14.014,51.672,4.701,4.908,2023,Optimal,0.090112442,0.07349993,0.081806186,0.909887558,0.8630648629851331,0.918193814,0.9022510836552219,0.9324370158718628,4,Funding-Rich Underperformers,Funding-Rich Underperformers
163,2023,FRAF,Franklin Financial Services Corp,1836.039,28.813,132.136,1537.978,154.477,0.12,1256.985,475.305,13.598,53.637,14.851,0.147,2023,Optimal,0.085066811,0.0,0.0425334055,0.914933189,1.0,0.9574665945,0.9022510836552219,0.9324370158718628,1,Network Leaders,Network Leaders
164,2023,FRBA,First Bank,3609.327,34.339,370.9,2967.569,245.001,6.25,3021.501,160.399,20.897,104.516,-0.715,24.989,2023,Optimal,0.089887118,0.058220421,0.0740537695,0.910112882,0.8899654177057316,0.9259462305,0.9022510836552219,0.9324370158718628,4,Funding-Rich Underperformers,Funding-Rich Underperformers
165,2023,FRFC,First Robinson Financial Corp,468.791,6.564,25.617,384.216,54.358,0.936,254.059,173.07,1.917,10.238,3.199,1.465,2023,Optimal,0.071488124,0.14721796,0.109353042,0.928511876,0.7433478813389567,0.890646958,0.9022510836552219,0.9324370158718628,4,Funding-Rich Underperformers,Funding-Rich Underperformers
166,2023,FRME,First Merchants Corp,18405.887,228.745,2247.713,14821.453,1051.111,48.979,12486.027,3853.133,223.786,545.4,105.602,58.411,2023,Optimal,0.10889859,0.034441643,0.0716701165,0.89110141,0.9334101769141556,0.9283298835,0.9022510836552219,0.9324370158718628,2,Transformation Specialists,Transformation Specialists
167,2023,FRST,Primis Financial Corp,3856.546,58.765,397.593,3270.155,160.718,38.845,3219.414,254.316,-7.832,98.711,45.25,10.809,2023,Optimal,0.071352194,0.0,0.035676097,0.928647806,1.0,0.964323903,0.9022510836552219,0.9324370158718628,1,Network Leaders,Network Leaders
168,2023,FSBC,Five Star Bancorp,3593.125,27.097,285.774,3026.896,249.352,0.404,3081.719,132.961,47.734,110.88,7.511,1.965,2023,Optimal,0.04239903,0.0,0.021199515,0.95760097,1.0,0.978800485,0.9022510836552219,0.9324370158718628,1,Network Leaders,Network Leaders
169,2023,FSBW,FS Bancorp Inc,2972.669,53.622,264.488,2522.323,150.121,9.222,2433.015,303.502,36.053,123.303,20.49,10.952,2023,Optimal,0.071409823,0.05798247,0.0646961465,0.928590177,0.8903904901184232,0.9353038535,0.9022510836552219,0.9324370158718628,4,Funding-Rich Underperformers,Funding-Rich Underperformers
170,2023,FSFG,First Savings Financial Group Inc,2288.854,43.938,150.981,1681.794,415.982,13.57,1787.143,253.978,8.172,61.574,25.342,15.688,2023,Optimal,0.19713304,0.093607553,0.1453702965,0.80286696,0.8288096077185744,0.8546297035,0.9022510836552219,0.9324370158718628,3,Network Laggards,Network Laggards
171,2023,FULT,Fulton Financial Corp,27571.915,377.417,2760.139,21537.623,2582.756,177.696,21351.094,3790.679,284.28,854.286,227.678,154.237,2023,Optimal,0.13567358,0.0,0.06783679,0.86432642,1.0,0.93216321,0.9022510836552219,0.9324370158718628,2,Transformation Specialists,Transformation Specialists
172,2023,FUNC,First United Corp,1905.86,27.503,161.873,1550.977,157.903,8.535,1406.327,316.716,15.06,56.87,14.469,8.992,2023,Optimal,0.11114547,0.086882142,0.099013806,0.88885453,0.8401259186389319,0.900986194,0.9022510836552219,0.9324370158718628,3,Network Laggards,Network Laggards
173,2023,FUSB,First US Bancshares Inc,1072.94,16.076,90.593,950.191,22.854,2.337,821.791,137.87,8.485,37.35,3.381,3.002,2023,Optimal,0.035845468,0.10559173,0.070718599,0.964154532,0.8089860350167417,0.929281401,0.9022510836552219,0.9324370158718628,4,Funding-Rich Underperformers,Funding-Rich Underperformers
174,2023,FVCB,FVCBankcorp Inc,2190.558,20.643,217.117,1845.292,113.861,4.493,1828.564,181.347,3.822,54.396,-13.37,1.829,2023,Optimal,0.07045299,0.0,0.035226495,0.92954701,1.0,0.964773505,0.9022510836552219,0.9324370158718628,1,Network Leaders,Network Leaders
175,2023,FXNC,First National Corp/VA,1419.295,21.039,116.271,1233.726,64.606,2.858,969.43,303.179,9.624,43.413,11.784,6.763,2023,Optimal,0.051818577,0.12754625,0.0896824135,0.948181423,0.7737631604911994,0.9103175865,0.9022510836552219,0.9324370158718628,4,Funding-Rich Underperformers,Funding-Rich Underperformers
176,2023,GABC,German American Bancorp Inc,6152.198,83.244,663.558,5252.963,199.274,14.315,3971.082,1611.872,85.888,190.433,60.261,9.191,2023,Optimal,0.060877805,0.0,0.0304389025,0.939122195,1.0,0.9695610975,0.9022510836552219,0.9324370158718628,1,Network Leaders,Network Leaders
177,2023,GBCI,Glacier Bancorp Inc,27742.629,309.048,3020.281,19929.167,4485.807,32.742,16198.082,8300.885,222.927,691.682,118.079,25.631,2023,Optimal,0.20205009,0.0,0.101025045,0.79794991,1.0,0.898974955,0.9022510836552219,0.9324370158718628,2,Transformation Specialists,Transformation Specialists
178,2023,GCBC,Greene County Bancorp Inc,2698.283,23.418,183.283,2437.161,51.772,6.385,1408.866,1009.484,30.785,61.218,12.146,5.76,2023,Optimal,0.0,0.096638754,0.048319377,1.0,0.8237546253996418,0.951680623,0.9022510836552219,0.9324370158718628,4,Funding-Rich Underperformers,Funding-Rich Underperformers
179,2023,GLBZ,Glen Burnie Bancorp,351.813,6.71,19.325,300.067,30.219,0.498,176.307,140.644,1.429,12.135,1.1,0.527,2023,Optimal,0.032021635,0.12644378,0.0792327075,0.967978365,0.7754991731589126,0.9207672925,0.9022510836552219,0.9324370158718628,4,Funding-Rich Underperformers,Funding-Rich Underperformers
180,2023,GNTY,Guaranty Bancshares Inc,3184.791,48.862,303.846,2633.246,228.585,10.886,2321.801,600.403,30.037,96.98,22.513,5.826,2023,Optimal,0.095022484,0.025064421,0.0600434525,0.904977516,0.9510968862316996,0.9399565475,0.9022510836552219,0.9324370158718628,1,Network Leaders,Network Leaders
181,2023,GSBC,Great Southern Bancorp Inc,5812.402,78.521,571.829,4721.708,430.676,3.72,4654.29,699.543,67.8,193.215,30.073,11.771,2023,Optimal,0.10673404,0.0029847914,0.0548594157,0.89326596,0.9940481821347784,0.9451405843,0.9022510836552219,0.9324370158718628,2,Transformation Specialists,Transformation Specialists
182,2023,HAFC,Hanmi Financial Corp,7570.341,81.398,701.891,6280.574,501.414,9.963,6182.434,882.124,80.041,221.271,34.179,15.591,2023,Optimal,0.080215534,0.0088345623,0.04452504815,0.919784466,0.9824856073926364,0.95547495185,0.9022510836552219,0.9324370158718628,1,Network Leaders,Network Leaders
183,2023,HARL,Harleysville Financial Corp,842.274,9.185,87.213,647.768,100.832,2.902,638.733,164.487,12.223,30.356,2.705,3.025,2023,Optimal,0.14339253,0.053810219,0.0986013744999999,0.85660747,0.8978749341583296,0.9013986255,0.9022510836552219,0.9324370158718628,3,Network Laggards,Network Laggards
184,2023,HBAN,Huntington Bancshares Inc,189368.0,2487.0,19398.0,151230.0,13393.0,594.0,116754.0,41780.0,1951.0,5439.0,1921.0,711.0,2023,Optimal,0.018431708,0.0,0.009215854,0.981568292,1.0,0.990784146,0.9022510836552219,0.9324370158718628,1,Network Leaders,Network Leaders
185,2023,HBC2,HSBC USA Inc,168238.0,530.0,11639.0,121283.0,29063.0,441.0,58987.0,40772.0,393.0,1705.0,1652.0,610.0,2023,Optimal,0.0,0.19615381,0.098076905,1.0,0.6720257740097823,0.901923095,0.9022510836552219,0.9324370158718628,4,Funding-Rich Underperformers,Funding-Rich Underperformers
186,2023,HBCP,Home Bancorp Inc,3320.122,48.933,367.444,2670.624,263.913,10.976,2581.638,434.991,40.24,120.692,14.636,10.389,2023,Optimal,0.11955091,0.053073053,0.0863119815,0.88044909,0.8992034733985353,0.9136880185,0.9022510836552219,0.9324370158718628,3,Network Laggards,Network Laggards
187,2023,HBIA,Hills Bancorporation,4341.667,44.897,515.139,3282.78,517.871,13.58,3438.782,795.167,38.176,113.886,28.606,40.344,2023,Optimal,0.16409954,0.0,0.08204977,0.83590046,1.0,0.91795023,0.9022510836552219,0.9324370158718628,2,Transformation Specialists,Transformation Specialists
188,2023,HBNC,Horizon Bancorp Inc,7940.485,80.809,718.812,5664.893,1465.851,23.98,4417.63,2527.398,27.981,175.744,11.998,21.78,2023,Optimal,0.20824423,0.083445276,0.145844753,0.79175577,0.8459630996628205,0.854155247,0.9022510836552219,0.9324370158718628,3,Network Laggards,Network Laggards
189,2023,HBT,HBT Financial Inc,5073.17,77.49,489.496,4401.437,147.328,5.186,3404.417,1293.925,65.842,191.072,36.046,8.709,2023,Optimal,0.049250828,0.020081515,0.0346661715,0.950749172,0.9606276269009736,0.9653338285,0.9022510836552219,0.9324370158718628,1,Network Leaders,Network Leaders
190,2023,HFBK,Harford Bank (Alberdeen MD),665.617,9.224,58.963,554.309,48.201,6.997,507.96,109.216,6.458,21.447,3.128,6.522,2023,Optimal,0.082636345,0.068097217,0.075366781,0.917363655,0.8724887287109184,0.924633219,0.9022510836552219,0.9324370158718628,4,Funding-Rich Underperformers,Funding-Rich Underperformers
191,2023,HFBL,Home Federal Bancorp/LA,660.915,9.088,50.542,597.361,9.416,2.183,494.667,113.974,5.704,21.552,2.099,1.596,2023,Optimal,0.0065743639,0.096632285,0.05160332445,0.9934256361,0.8237653836718841,0.94839667555,0.9022510836552219,0.9324370158718628,4,Funding-Rich Underperformers,Funding-Rich Underperformers
192,2023,HFWA,Heritage Financial Corp,7174.957,100.083,853.261,5599.872,547.307,5.906,4335.627,1877.981,61.755,225.155,18.663,5.761,2023,Optimal,0.14213437,0.030299946,0.086217158,0.85786563,0.9411822816886763,0.913782842,0.9022510836552219,0.9324370158718628,2,Transformation Specialists,Transformation Specialists
193,2023,HIFS,Hingham Institution for Savings,4483.947,16.413,407.62,2349.977,1693.086,1.168,3940.896,152.876,26.371,48.302,16.303,1.477,2023,Optimal,0.27679236,0.0,0.13839618,0.72320764,1.0,0.86160382,0.9022510836552219,0.9324370158718628,2,Transformation Specialists,Transformation Specialists
194,2023,HLFN,Home Loan Financial Corp,291.161,4.131,35.701,220.611,32.036,0.43,258.368,15.745,5.171,12.259,1.387,0.984,2023,Optimal,0.12423321,0.0,0.062116605,0.87576679,1.0,0.937883395,0.9022510836552219,0.9324370158718628,2,Transformation Specialists,Transformation Specialists
195,2023,HNVR,Hanover Bancorp Inc,2149.535,20.652,185.907,1735.07,215.369,13.512,1874.562,25.544,15.164,54.492,8.848,15.061,2023,Optimal,0.11005028,0.07631716,0.09318372,0.8899497199999999,0.8581883429230099,0.90681628,0.9022510836552219,0.9324370158718628,3,Network Laggards,Network Laggards
196,2023,HOMB,Home Bancshares Inc,22656.658,256.966,3791.075,16787.711,1928.247,61.476,14424.728,4789.823,392.929,826.945,169.934,95.372,2023,Optimal,0.17757804,0.014643496,0.096110768,0.82242196,0.9711356825175964,0.903889232,0.9022510836552219,0.9324370158718628,2,Transformation Specialists,Transformation Specialists
197,2023,HONE,HarborOne Bancorp Inc,5667.896,73.917,583.759,4387.409,592.985,14.84,4750.311,337.045,16.077,127.271,41.854,17.582,2023,Optimal,0.14821909,0.024532591,0.0863758405,0.85178091,0.952109691354855,0.9136241595,0.9022510836552219,0.9324370158718628,2,Transformation Specialists,Transformation Specialists
198,2023,HONT,Honat Bancorp Inc,963.21,14.238,124.83,822.547,1.096,1.705,695.337,190.744,12.866,34.027,5.697,1.15,2023,Optimal,0.069086928,0.0,0.034543464,0.930913072,1.0,0.965456536,0.9022510836552219,0.9324370158718628,1,Network Leaders,Network Leaders
199,2023,HOPE,Hope Bancorp Inc,19131.522,207.871,2121.243,14753.753,1956.665,69.437,13853.619,2469.971,133.673,525.861,45.577,45.528,2023,Optimal,0.14317825,0.0016835039,0.07243087695,0.8568217499999999,0.9966386510440765,0.92756912305,0.9022510836552219,0.9324370158718628,2,Transformation Specialists,Transformation Specialists
200,2023,HTB,HomeTrust Bancshares Inc,4607.487,62.221,471.186,3601.168,478.024,6.32,3658.823,187.061,44.604,157.415,31.05,8.315,2023,Optimal,0.14133689,0.044406108,0.092871499,0.85866311,0.914963905975165,0.907128501,0.9022510836552219,0.9324370158718628,3,Network Laggards,Network Laggards
201,2023,HTBK,Heritage Commerce Corp,5194.095,56.862,672.901,4378.458,71.176,2.425,3350.378,1125.741,64.443,183.224,8.998,7.707,2023,Optimal,0.067627517,0.021334896,0.0444812064999999,0.932372483,0.9582215469508446,0.9555187935,0.9022510836552219,0.9324370158718628,1,Network Leaders,Network Leaders
202,2023,HWBK,Hawthorn Bancshares Inc,1875.35,28.971,136.085,1570.844,157.699,30.16,1539.147,195.042,0.956,59.142,-4.011,14.107,2023,Optimal,0.085054735,0.0,0.0425273675,0.914945265,1.0,0.9574726325,0.9022510836552219,0.9324370158718628,1,Network Leaders,Network Leaders
203,2023,HWC,Hancock Whitney Corp,35578.573,460.795,3803.661,29690.059,1516.764,42.915,23921.917,7738.968,392.602,1097.599,288.48,62.664,2023,Optimal,0.074654235,0.0,0.0373271175,0.925345765,1.0,0.9626728825,0.9022510836552219,0.9324370158718628,1,Network Leaders,Network Leaders
204,2023,IBCP,Independent Bank Corp,5263.726,78.965,404.449,4622.879,134.378,4.176,3790.901,1050.159,59.067,156.329,50.676,5.801,2023,Optimal,0.03716905,0.018089474,0.027629262,0.96283095,0.9644638816882612,0.972370738,0.9022510836552219,0.9324370158718628,1,Network Leaders,Network Leaders
205,2023,IBOC,International Bancshares Corp,15066.189,134.441,2447.774,11824.554,650.029,81.792,8058.961,5174.61,411.768,663.501,169.941,74.134,2023,Optimal,0.10673033,0.0,0.053365165,0.89326967,1.0,0.946634835,0.9022510836552219,0.9324370158718628,2,Transformation Specialists,Transformation Specialists
206,2023,INBC,InBankshares Corp,1340.349,18.544,119.464,1157.458,55.793,1.314,902.141,285.213,8.811,43.66,5.343,2.53,2023,Optimal,0.058438555,0.11744212,0.0879403375,0.941561445,0.7898018735860789,0.9120596625,0.9022510836552219,0.9324370158718628,4,Funding-Rich Underperformers,Funding-Rich Underperformers
207,2023,INBK,First Internet Bancorp,5167.572,45.322,362.795,4066.973,719.772,7.571,3840.22,730.358,8.417,74.904,26.125,10.354,2023,Optimal,0.11662361,0.11743447,0.11702904,0.88337639,0.7898141266395693,0.88297096,0.9022510836552219,0.9324370158718628,3,Network Laggards,Network Laggards
208,2023,INDB,Independent Bank Corp,19347.373,222.135,2895.251,14865.547,1274.656,54.881,14278.07,2969.43,239.502,606.521,124.609,54.493,2023,Optimal,0.14766118,0.0,0.07383059,0.8523388199999999,1.0,0.92616941,0.9022510836552219,0.9324370158718628,2,Transformation Specialists,Transformation Specialists
209,2023,IROQ,IF Bancorp Inc,848.976,12.712,71.753,735.314,30.287,1.294,594.596,204.426,4.66,21.997,4.069,0.148,2023,Optimal,0.053402505,0.0,0.0267012525,0.946597495,1.0,0.9732987475,0.9022510836552219,0.9324370158718628,1,Network Leaders,Network Leaders
210,2023,ISBA,Isabella Bank Corp,2058.968,25.905,202.402,1723.695,116.136,0.973,1349.463,543.996,18.167,57.944,13.827,1.487,2023,Optimal,0.08247919,0.042166345,0.0623227675,0.91752081,0.9190794344831772,0.9376772325,0.9022510836552219,0.9324370158718628,4,Funding-Rich Underperformers,Funding-Rich Underperformers
211,2023,ISTR,Investar Holding Corp,2815.155,37.143,226.768,2255.727,300.044,11.382,2210.619,396.987,16.678,74.52,6.538,10.238,2023,Optimal,0.12119517,0.066845591,0.0940203805,0.87880483,0.874685537318774,0.9059796195,0.9022510836552219,0.9324370158718628,3,Network Laggards,Network Laggards
212,2023,JDVB,JD Bancshares Inc,1188.47,20.278,74.359,1027.938,80.59,14.74,685.618,373.093,6.581,44.117,3.528,12.134,2023,Optimal,0.056581081,0.087268765,0.071924923,0.943418919,0.8394715864020982,0.928075077,0.9022510836552219,0.9324370158718628,4,Funding-Rich Underperformers,Funding-Rich Underperformers
213,2023,JFBC,Jeffersonville Bancorp,687.932,9.881,80.767,574.405,25.346,6.127,338.498,228.713,11.175,26.792,2.773,2.817,2023,Optimal,0.081241405,0.0,0.0406207025,0.918758595,1.0,0.9593792975,0.9022510836552219,0.9324370158718628,1,Network Leaders,Network Leaders
214,2023,JPM,JPMorgan Chase & Co,3875393.0,46465.0,327878.0,2400688.0,661905.0,7247.0,1319721.0,771988.0,49552.0,89267.0,68837.0,7597.0,2023,Optimal,0.0,0.0,0.0,1.0,1.0,1.0,0.9022510836552219,0.9324370158718628,1,Network Leaders,Network Leaders
215,2023,JUVF,Juniata Valley Financial Corp,870.555,10.809,40.137,749.045,73.136,0.178,525.394,270.988,6.596,22.692,5.321,4.952,2023,Optimal,0.0099683531,0.11722136,0.06359485655,0.9900316469,0.7901555337252054,0.93640514345,0.9022510836552219,0.9324370158718628,4,Funding-Rich Underperformers,Funding-Rich Underperformers
216,2023,KEY,KeyCorp,188281.0,2660.0,14637.0,145587.0,23193.0,420.0,109083.0,47004.0,967.0,3913.0,2470.0,591.0,2023,Optimal,0.049319393,0.0,0.0246596965,0.950680607,1.0,0.9753403035,0.9022510836552219,0.9324370158718628,1,Network Leaders,Network Leaders
217,2023,KFFB,Kentucky First Federal Bancorp,349.022,4.915,50.711,226.309,70.087,5.829,315.441,16.977,0.933,8.856,0.302,4.771,2023,Optimal,0.25168789,0.0,0.125843945,0.74831211,1.0,0.874156055,0.9022510836552219,0.9324370158718628,2,Transformation Specialists,Transformation Specialists
218,2023,KISB,Kish Bancorp Inc,1542.776,22.198,92.765,1179.069,240.473,0.555,1232.862,202.355,13.5,43.627,11.371,0.56,2023,Optimal,0.16603385,0.01009808,0.088065965,0.83396615,0.9800057436006612,0.911934035,0.9022510836552219,0.9324370158718628,2,Transformation Specialists,Transformation Specialists
219,2023,KRNY,Kearny Financial Corp,8064.815,75.589,869.284,5629.183,1524.033,92.244,5829.421,1445.928,40.811,175.865,2.751,55.583,2023,Optimal,0.21905219,0.0,0.109526095,0.78094781,1.0,0.890473905,0.9022510836552219,0.9324370158718628,2,Transformation Specialists,Transformation Specialists
220,2023,KSBI,KS Bancorp Inc,613.596,9.48,40.478,545.038,23.248,0.859,476.679,99.024,6.209,20.255,3.219,0.892,2023,Optimal,0.019269042,0.084575411,0.0519222265,0.980730958,0.8440395934810658,0.9480777735,0.9022510836552219,0.9324370158718628,4,Funding-Rich Underperformers,Funding-Rich Underperformers
221,2023,LARK,Landmark Bancorp Inc,1561.672,22.681,126.914,1316.251,99.027,4.26,948.227,464.447,12.236,43.292,13.23,3.319,2023,Optimal,0.080250912,0.096017201,0.0881340565,0.919749088,0.8247888793854796,0.9118659435,0.9022510836552219,0.9324370158718628,4,Funding-Rich Underperformers,Funding-Rich Underperformers
222,2023,LCNB,LCNB Corp,2291.592,29.108,235.303,1824.389,216.779,0.43,1723.471,318.723,12.628,56.349,15.411,0.152,2023,Optimal,0.12727818,0.0,0.06363909,0.87272182,1.0,0.93636091,0.9022510836552219,0.9324370158718628,2,Transformation Specialists,Transformation Specialists
223,2023,LFGP,Ledyard Financial Group Inc,856.115,16.501,56.02,660.157,134.555,1.446,418.766,352.197,3.165,17.235,14.127,1.295,2023,Optimal,0.15487696,0.074815772,0.114846366,0.84512304,0.8607840079220572,0.885153634,0.9022510836552219,0.9324370158718628,3,Network Laggards,Network Laggards
224,2023,LKFN,Lakeland Financial Corp,6524.029,60.544,649.793,5720.525,54.695,17.187,4916.534,1203.066,93.767,197.035,49.858,16.096,2023,Optimal,0.017281544,0.0,0.008640772,0.982718456,1.0,0.991359228,0.9022510836552219,0.9324370158718628,1,Network Leaders,Network Leaders
225,2023,LOB,Live Oak Bancshares Inc,11271.423,175.052,902.666,10275.019,26.534,73.392,8633.847,1132.96,73.898,345.305,111.733,141.444,2023,Optimal,0.0,0.0,0.0,1.0,1.0,1.0,0.9022510836552219,0.9324370158718628,1,Network Leaders,Network Leaders
226,2023,LSBK,Lake Shore Bancorp Inc,725.118,11.254,86.273,590.924,35.967,3.0,562.291,62.735,4.82,24.358,2.635,3.381,2023,Optimal,0.10406378,0.11478561,0.1094246949999999,0.8959362200000001,0.7940669327441354,0.890575305,0.9022510836552219,0.9324370158718628,3,Network Laggards,Network Laggards
227,2023,MBCN,Middlefield Banc Corp,1822.883,24.511,205.681,1426.602,175.428,7.932,1478.13,180.736,17.368,65.203,6.691,10.877,2023,Optimal,0.14518421,0.056999873,0.1010920415,0.85481579,0.8921478148559815,0.8989079584999999,0.9022510836552219,0.9324370158718628,3,Network Laggards,Network Laggards
228,2023,MBIN,Merchants Bancorp,16952.516,108.181,1701.084,14061.46,975.378,26.683,10199.553,2366.482,279.234,448.071,114.668,82.015,2023,Optimal,0.016807684,0.2268762,0.121841942,0.983192316,0.6301563271013001,0.878158058,0.9022510836552219,0.9324370158718628,4,Funding-Rich Underperformers,Funding-Rich Underperformers
229,2023,MBKL,MBT Bancshares Inc,591.223,9.044,39.506,493.508,54.798,0.555,408.822,142.288,5.265,20.507,3.467,2.177,2023,Optimal,0.076155566,0.10752241,0.091838988,0.923844434,0.8058325338987948,0.908161012,0.9022510836552219,0.9324370158718628,4,Funding-Rich Underperformers,Funding-Rich Underperformers
230,2023,MBWM,Mercantile Bank Corp,5353.224,68.801,522.145,3900.918,839.951,7.728,4303.758,638.605,82.217,193.545,32.143,3.615,2023,Optimal,0.19816706,0.0,0.09908353,0.8018329399999999,1.0,0.90091647,0.9022510836552219,0.9324370158718628,2,Transformation Specialists,Transformation Specialists
231,2023,MCB,Metropolitan Bank Holding Corp,7067.672,66.961,659.021,5737.292,613.635,0.024,5624.797,971.156,77.268,222.836,27.903,51.897,2023,Optimal,0.092791761,0.0,0.0463958805,0.907208239,1.0,0.9536041195,0.9022510836552219,0.9324370158718628,1,Network Leaders,Network Leaders
232,2023,MCBK,Madison County Financial Inc,609.711,5.903,92.44,437.795,72.271,0.652,456.99,121.685,3.226,9.838,3.083,0.82,2023,Optimal,0.17360485,0.0,0.086802425,0.82639515,1.0,0.913197575,0.9022510836552219,0.9324370158718628,2,Transformation Specialists,Transformation Specialists
233,2023,MCBS,Metrocity Bankshares Inc,3502.823,29.304,381.517,2730.936,333.651,24.492,3139.993,46.674,51.613,101.479,18.204,38.381,2023,Optimal,0.12895378,0.0,0.06447689,0.87104622,1.0,0.93552311,0.9022510836552219,0.9324370158718628,2,Transformation Specialists,Transformation Specialists
234,2023,MCHB,Mechanics Bancorp,17501.795,200.992,2235.605,14298.143,832.701,40.106,10777.755,3902.539,201.914,563.212,74.226,56.047,2023,Optimal,0.093815861,0.082505213,0.088160537,0.906184139,0.8475661604042548,0.911839463,0.9022510836552219,0.9324370158718628,4,Funding-Rich Underperformers,Funding-Rich Underperformers
235,2023,MFBP,M&F Bancorp Inc,453.258,8.665,125.202,320.944,1.323,0.885,269.082,117.058,5.695,19.14,5.855,0.805,2023,Optimal,0.20188975,0.0,0.100944875,0.79811025,1.0,0.899055125,0.9022510836552219,0.9324370158718628,2,Transformation Specialists,Transformation Specialists
236,2023,MFGI,Merchants Financial Group Inc,2600.353,42.034,263.936,2174.409,145.367,9.328,2159.81,249.366,25.502,83.062,29.301,10.587,2023,Optimal,0.08533735,0.039035567,0.0621864585,0.91466265,0.9248619234224924,0.9378135415,0.9022510836552219,0.9324370158718628,4,Funding-Rich Underperformers,Funding-Rich Underperformers
237,2023,MGYR,Magyar Bancorp Inc,907.292,11.134,104.79,755.453,32.459,3.59,697.4,98.246,7.709,27.734,2.682,5.412,2023,Optimal,0.088486632,0.10091771,0.094702171,0.911513368,0.8166662065959498,0.905297829,0.9022510836552219,0.9324370158718628,4,Funding-Rich Underperformers,Funding-Rich Underperformers
238,2023,MNSB,MainStreet Bancshares Inc,2035.432,28.267,221.517,1686.127,94.544,0.021,1721.643,101.559,26.585,75.947,3.638,1.004,2023,Optimal,0.09460346,0.0,0.04730173,0.90539654,1.0,0.95269827,0.9022510836552219,0.9324370158718628,1,Network Leaders,Network Leaders
239,2023,MOFG,MidWestOne Financial Group Inc,6427.54,76.34,524.378,5395.673,426.638,15.924,4126.947,1876.13,20.859,144.172,18.423,30.288,2023,Optimal,0.072658314,0.059526415,0.0660923645,0.927341686,0.8876358075508669,0.9339076355,0.9022510836552219,0.9324370158718628,4,Funding-Rich Underperformers,Funding-Rich Underperformers
240,2023,MPB,Mid Penn Bancorp Inc,5290.792,59.345,542.35,4346.212,356.174,8.628,4252.792,639.889,37.397,146.973,20.008,14.509,2023,Optimal,0.09208124,0.03284912,0.0624651799999999,0.90791876,0.9363912514153084,0.93753482,0.9022510836552219,0.9324370158718628,1,Network Leaders,Network Leaders
241,2023,MRBK,Meridian Corp,2246.193,47.377,158.022,1823.462,234.174,22.939,1895.806,191.993,13.243,68.942,31.965,35.466,2023,Optimal,0.11263768,0.014616039,0.0636268595,0.88736232,0.9711890243438188,0.9363731405,0.9022510836552219,0.9324370158718628,2,Transformation Specialists,Transformation Specialists
242,2023,MSBC,Mission Bancorp/CA,1651.969,18.719,156.714,1436.767,45.278,0.058,1210.454,242.681,30.469,69.59,5.415,0.35,2023,Optimal,0.045969077,0.0,0.0229845385,0.954030923,1.0,0.9770154615,0.9022510836552219,0.9324370158718628,1,Network Leaders,Network Leaders
243,2023,MSBI,Midland States Bancorp Inc,7866.868,93.438,791.853,6309.529,664.362,57.824,6131.079,963.817,75.46,236.017,66.59,67.701,2023,Optimal,0.11336293,0.033678884,0.073520907,0.88663707,0.934836854034062,0.926479093,0.9022510836552219,0.9324370158718628,2,Transformation Specialists,Transformation Specialists
244,2023,MTB,M&T Bank Corp,208264.0,2997.0,26957.0,163274.0,14234.0,2479.81,131254.0,26897.0,2741.0,7115.0,2528.0,2205.0,2023,Optimal,0.037190561,0.0,0.0185952805,0.962809439,1.0,0.9814047195,0.9022510836552219,0.9324370158718628,1,Network Leaders,Network Leaders
245,2023,MVBF,MVB Financial Corp,3313.882,63.371,289.342,2901.476,99.181,12.359,2317.594,386.361,31.232,123.283,19.715,9.092,2023,Optimal,0.041416874,0.12425957,0.082838222,0.958583126,0.7789486105953273,0.917161778,0.9022510836552219,0.9324370158718628,4,Funding-Rich Underperformers,Funding-Rich Underperformers
246,2023,MYFW,First Western Financial Inc,2975.462,45.202,242.738,2529.039,188.951,12.349,2530.915,81.257,5.225,71.105,21.948,50.816,2023,Optimal,0.069803559,0.06402394,0.0669137495,0.930196441,0.8796569558387943,0.9330862505,0.9022510836552219,0.9324370158718628,4,Funding-Rich Underperformers,Funding-Rich Underperformers
247,2023,NASB,NASB Financial Inc,2814.082,32.789,386.106,1794.43,604.984,26.525,2092.416,259.705,21.647,83.47,8.264,23.424,2023,Optimal,0.29961979,0.04253147,0.17107563,0.7003802100000001,0.9184073167594644,0.82892437,0.9022510836552219,0.9324370158718628,3,Network Laggards,Network Laggards
248,2023,NBHC,National Bank Holdings Corp,9951.064,137.701,1212.807,8190.391,445.933,20.243,7698.758,1304.358,142.048,361.951,63.917,32.316,2023,Optimal,0.093803005,0.020915302,0.0573591534999999,0.906196995,0.959026371807678,0.9426408465,0.9022510836552219,0.9324370158718628,1,Network Leaders,Network Leaders
249,2023,NBN,Northeast Bank,2869.938,35.721,296.663,1937.207,584.533,12.946,2520.36,84.818,44.187,118.796,5.258,15.683,2023,Optimal,0.25935101,0.0,0.129675505,0.74064899,1.0,0.870324495,0.9022510836552219,0.9324370158718628,2,Transformation Specialists,Transformation Specialists
250,2023,NBTB,NBT Bancorp Inc,13309.04,194.25,1425.691,10968.994,665.613,21.161,9650.713,2419.577,118.782,378.219,142.178,37.874,2023,Optimal,0.093589647,0.020604094,0.0570968705,0.906410353,0.9596237284934896,0.9429031295,0.9022510836552219,0.9324370158718628,1,Network Leaders,Network Leaders
251,2023,NECB,Northeast Community Bancorp Inc,1764.135,18.839,279.325,1400.036,69.196,1.456,1586.897,34.891,46.276,97.191,3.743,5.841,2023,Optimal,0.12856059,0.0,0.064280295,0.87143941,1.0,0.935719705,0.9022510836552219,0.9324370158718628,2,Transformation Specialists,Transformation Specialists
252,2023,NEFB,Neffs Bancorp Inc,455.783,4.375,69.098,373.341,10.17,0.057,233.343,211.169,2.903,10.529,0.311,0.161,2023,Optimal,0.042004219,0.0,0.0210021095,0.957995781,1.0,0.9789978905,0.9022510836552219,0.9324370158718628,1,Network Leaders,Network Leaders
253,2023,NFBK,Northfield Bancorp Inc,5598.396,46.496,699.445,3878.435,955.696,10.238,4203.654,855.626,37.669,124.667,11.896,11.433,2023,Optimal,0.21747817,0.041015385,0.1292467775,0.78252183,0.921201193390624,0.8707532225,0.9022510836552219,0.9324370158718628,3,Network Laggards,Network Laggards
254,2023,NIC,Nicolet Bankshares Inc,8468.678,99.109,1039.007,7197.8,178.256,40.055,6353.942,860.133,61.516,241.516,35.972,27.892,2023,Optimal,0.059503019,0.0,0.0297515095,0.940496981,1.0,0.9702484905,0.9022510836552219,0.9324370158718628,1,Network Leaders,Network Leaders
255,2023,NIDB,Northeast Indiana Bancorp Inc,498.684,6.416,46.42,401.072,47.25,2.989,375.993,91.211,4.26,14.574,3.206,6.941,2023,Optimal,0.1006239,0.090556507,0.0955902035,0.8993761,0.8339260617515164,0.9044097965,0.9022510836552219,0.9324370158718628,3,Network Laggards,Network Laggards
256,2023,NKSH,National Bankshares Inc,1655.37,17.318,140.522,1503.972,1.127,3.509,856.646,619.865,15.691,37.283,9.359,2.629,2023,Optimal,0.0012382011,0.0,0.00061910055,0.9987617989,1.0,0.99938089945,0.9022510836552219,0.9324370158718628,1,Network Leaders,Network Leaders
257,2023,NRIM,Northrim BanCorp Inc,2807.497,61.741,234.718,2485.055,33.077,6.43,1789.497,690.819,25.394,103.256,26.375,5.81,2023,Optimal,0.031351472,0.056800938,0.044076205,0.968648528,0.8925039977585636,0.955923795,0.9022510836552219,0.9324370158718628,4,Funding-Rich Underperformers,Funding-Rich Underperformers
258,2023,NTRS,Northern Trust Corp,150783.1,2727.0,11897.9,116164.0,17928.9,45.9,47617.0,49298.8,1107.3,1982.0,4791.5,65.1,2023,Optimal,0.073933829,0.0,0.0369669145,0.926066171,1.0,0.9630330855,0.9022510836552219,0.9324370158718628,1,Network Leaders,Network Leaders
259,2023,NWBI,Northwest Bancshares Inc,14419.105,195.691,1551.317,11979.902,707.381,82.393,11406.041,1888.344,134.957,435.683,113.823,97.186,2023,Optimal,0.083680023,0.0033173934,0.0434987082,0.916319977,0.9933871506228787,0.9565012918,0.9022510836552219,0.9324370158718628,1,Network Leaders,Network Leaders
260,2023,NWFL,Norwood Financial Corp.,2201.079,23.565,181.07,1795.159,202.325,1.459,1603.618,413.577,16.759,62.067,8.124,7.719,2023,Optimal,0.10251296,0.08375029,0.093131625,0.89748704,0.8454435661558162,0.906868375,0.9022510836552219,0.9324370158718628,3,Network Laggards,Network Laggards
261,2023,NWPP,New Peoples Bankshares Inc,826.313,14.256,64.811,716.467,40.038,3.674,638.111,89.805,7.184,28.019,9.949,3.691,2023,Optimal,0.051763789,0.14357194,0.0976678645,0.948236211,0.7489061510201099,0.9023321355,0.9022510836552219,0.9324370158718628,4,Funding-Rich Underperformers,Funding-Rich Underperformers
262,2023,OBK,Origin Bancorp Inc,9722.584,138.819,1062.905,8251.125,329.038,14.679,7660.944,1327.244,83.8,299.557,58.335,34.044,2023,Optimal,0.066659738,0.0039235251,0.03529163155,0.933340262,0.9921836175726448,0.96470836845,0.9022510836552219,0.9324370158718628,1,Network Leaders,Network Leaders
263,2023,OBT,Orange County Bancorp Inc,2485.468,32.186,165.376,2038.749,257.238,8.451,1747.062,504.473,29.478,88.391,13.419,4.427,2023,Optimal,0.09971681,0.064944808,0.082330809,0.90028319,0.8780315984225167,0.917669191,0.9022510836552219,0.9324370158718628,3,Network Laggards,Network Laggards
264,2023,OCFC,OceanFirst Financial Corp.,13538.253,135.802,1661.945,10434.949,1138.258,23.265,10203.858,2107.556,104.029,369.731,33.624,29.548,2023,Optimal,0.13817219,0.00052366396,0.06934792698,0.86182781,0.998953220240834,0.93065207302,0.9022510836552219,0.9324370158718628,2,Transformation Specialists,Transformation Specialists
265,2023,OFED,Oconee Federal Financial Corp,595.405,6.571,71.789,474.243,46.0,2.087,413.024,136.069,3.349,14.573,1.645,1.124,2023,Optimal,0.10242359,0.046590449,0.0745070195,0.89757641,0.9109671810123696,0.9254929805,0.9022510836552219,0.9324370158718628,3,Network Laggards,Network Laggards
266,2023,OFG,OFG Bancorp,11344.453,155.827,1193.48,9762.169,224.799,115.702,7534.379,2686.757,181.872,560.87,128.381,100.021,2023,Optimal,0.05181753,0.0,0.025908765,0.94818247,1.0,0.974091235,0.9022510836552219,0.9324370158718628,1,Network Leaders,Network Leaders
267,2023,ONB,Old National Bancorp,49089.836,546.364,5562.9,37235.18,5536.107,264.336,32822.227,10172.508,581.992,1503.153,333.342,284.255,2023,Optimal,0.15690315,0.0039787076,0.0804409287999999,0.84309685,0.9920741195607404,0.9195590712,0.9022510836552219,0.9324370158718628,2,Transformation Specialists,Transformation Specialists
268,2023,OPBK,OP Bancorp,2147.73,29.593,192.665,1807.558,114.341,3.081,1765.845,210.526,23.918,68.687,14.181,8.082,2023,Optimal,0.079438765,0.069822368,0.0746305665,0.920561235,0.8694692313630892,0.9253694335,0.9022510836552219,0.9324370158718628,4,Funding-Rich Underperformers,Funding-Rich Underperformers
269,2023,ORBN,Oregon Bancorp Inc,395.422,18.094,72.984,312.354,1.898,1.242,308.743,34.213,3.552,15.934,16.084,0.443,2023,Optimal,0.10832127,0.0,0.054160635,0.89167873,1.0,0.945839365,0.9022510836552219,0.9324370158718628,2,Transformation Specialists,Transformation Specialists
270,2023,ORPB,Oregon Pacific Bancorp,760.987,12.593,56.382,660.45,38.085,0.052,536.662,179.948,9.232,26.9,7.127,0.443,2023,Optimal,0.048863165,0.0,0.0244315825,0.951136835,1.0,0.9755684175,0.9022510836552219,0.9324370158718628,1,Network Leaders,Network Leaders
271,2023,ORRF,Orrstown Financial Services Inc,3064.24,50.983,265.056,2558.814,190.992,20.583,2298.313,525.511,35.663,104.906,25.652,25.527,2023,Optimal,0.086086068,0.045300407,0.0656932375,0.913913932,0.91332557282741,0.9343067625,0.9022510836552219,0.9324370158718628,4,Funding-Rich Underperformers,Funding-Rich Underperformers
272,2023,OSBC,Old Second Bancorp Inc,5722.799,88.566,577.281,4570.746,516.625,35.33,4042.953,1226.184,91.729,251.931,34.179,73.902,2023,Optimal,0.12469715,0.026941909,0.0758195295,0.87530285,0.9475298285835172,0.9241804705,0.9022510836552219,0.9324370158718628,2,Transformation Specialists,Transformation Specialists
273,2023,OTTW,Ottawa Bancorp Inc,363.918,4.728,41.64,281.086,32.45,2.3,316.553,18.781,1.669,9.415,1.301,4.8,2023,Optimal,0.11665291,0.0,0.058326455,0.88334709,1.0,0.941673545,0.9022510836552219,0.9324370158718628,2,Transformation Specialists,Transformation Specialists
274,2023,OVBC,Ohio Valley Banc Corp.,1352.135,23.391,144.007,1127.136,54.298,3.771,971.9,175.281,12.631,46.027,12.629,2.511,2023,Optimal,0.091264577,0.089607205,0.0904358909999999,0.908735423,0.8355238390700619,0.909564109,0.9022510836552219,0.9324370158718628,4,Funding-Rich Underperformers,Funding-Rich Underperformers
275,2023,OZK,Bank OZK,34237.457,258.846,5139.976,27405.143,1344.601,49.555,26459.075,3294.771,690.783,1439.485,122.549,128.397,2023,Optimal,0.055765274,0.0,0.027882637,0.944234726,1.0,0.972117363,0.9022510836552219,0.9324370158718628,1,Network Leaders,Network Leaders
276,2023,PB,Prosperity Bancshares Inc,38547.877,328.43,7079.33,27179.809,4077.396,27.494,21174.804,12812.646,419.316,956.433,153.265,72.667,2023,Optimal,0.18832457,0.0,0.094162285,0.81167543,1.0,0.905837715,0.9022510836552219,0.9324370158718628,2,Transformation Specialists,Transformation Specialists
277,2023,PBBK,PB Bankshares Inc,439.748,5.21,46.989,332.966,55.918,1.049,325.893,71.498,1.919,12.114,0.785,1.421,2023,Optimal,0.13580587,0.097421265,0.1166135675,0.86419413,0.8224542058604998,0.8833864325,0.9022510836552219,0.9324370158718628,3,Network Laggards,Network Laggards
278,2023,PBCO,PBCO Financial Corp,763.353,14.786,77.588,629.781,49.756,2.939,516.697,155.64,0.979,27.5,-1.672,0.939,2023,Optimal,0.094656064,0.080146888,0.087401476,0.905343936,0.8516000205335036,0.912598524,0.9022510836552219,0.9324370158718628,4,Funding-Rich Underperformers,Funding-Rich Underperformers
279,2023,PBHC,Pathfinder Bancorp Inc,1465.798,15.92,120.256,1120.067,211.605,9.236,897.207,449.956,9.293,38.919,5.19,17.378,2023,Optimal,0.16124216,0.075303078,0.118272619,0.83875784,0.8599407375638518,0.881727381,0.9022510836552219,0.9324370158718628,3,Network Laggards,Network Laggards
280,2023,PCB,PCB Bancorp,2789.506,34.572,348.872,2351.612,59.137,7.36,2323.452,156.039,30.705,88.504,10.683,6.474,2023,Optimal,0.073716429,0.0,0.0368582145,0.926283571,1.0,0.9631417855,0.9022510836552219,0.9324370158718628,1,Network Leaders,Network Leaders
281,2023,PDLB,Ponce Financial Group Inc,2750.722,30.699,491.395,1507.62,717.105,13.709,1922.04,601.027,3.352,65.266,10.223,12.726,2023,Optimal,0.39831478,0.0,0.19915739,0.60168522,1.0,0.80084261,0.9022510836552219,0.9324370158718628,2,Transformation Specialists,Transformation Specialists
282,2023,PEBK,Peoples Bancorp of North Carolina Inc.,1635.91,26.64,121.016,1392.045,107.011,3.728,1093.066,394.798,15.546,54.719,22.914,3.887,2023,Optimal,0.071126013,0.1069166,0.0890213065,0.928873987,0.8068208571449738,0.9109786935,0.9022510836552219,0.9324370158718628,4,Funding-Rich Underperformers,Funding-Rich Underperformers
283,2023,PEBO,Peoples Bancorp Inc,9157.382,144.031,1053.534,7152.297,829.442,45.21,6159.196,1795.4,113.363,339.374,87.413,39.367,2023,Optimal,0.14350525,0.063189071,0.1033471605,0.85649475,0.8811329560779504,0.8966528395,0.9022510836552219,0.9324370158718628,3,Network Laggards,Network Laggards
284,2023,PFBC,Preferred Bank of Los Angeles,6659.276,51.314,695.105,5709.342,167.998,27.47,5262.419,350.013,150.04,289.374,7.113,45.435,2023,Optimal,0.014797467,0.0,0.0073987335,0.985202533,1.0,0.9926012665,0.9022510836552219,0.9324370158718628,1,Network Leaders,Network Leaders
285,2023,PFIS,Peoples Financial Services Corp,3742.289,35.285,340.422,3279.037,86.55,4.134,2849.897,489.056,27.38,86.754,14.133,4.948,2023,Optimal,0.029044246,0.0358286,0.032436423,0.970955754,0.9308213733430414,0.967563577,0.9022510836552219,0.9324370158718628,4,Funding-Rich Underperformers,Funding-Rich Underperformers
286,2023,PFLC,Pacific Financial Corp,1148.899,22.793,114.691,1009.292,15.97,0.899,684.553,295.362,14.605,49.2,6.172,0.664,2023,Optimal,0.043116956,0.030972577,0.0370447665,0.956883044,0.9399158082552956,0.9629552335,0.9022510836552219,0.9324370158718628,1,Network Leaders,Network Leaders
287,2023,PFS,Provident Financial Services Inc,14210.81,148.497,1690.596,10329.352,2040.767,60.633,10873.701,2133.679,128.398,399.454,79.829,61.29,2023,Optimal,0.19172137,0.015748696,0.103735033,0.80827863,0.9689909599450768,0.896264967,0.9022510836552219,0.9324370158718628,2,Transformation Specialists,Transformation Specialists
288,2023,PGC,Peapack-Gladstone Financial Corp,6476.857,100.524,583.681,5274.114,553.394,19.09,5429.325,702.582,48.854,156.089,73.578,61.324,2023,Optimal,0.1073833,0.009301032,0.058342166,0.8926167,0.9815693599726748,0.941657834,0.9022510836552219,0.9324370158718628,2,Transformation Specialists,Transformation Specialists
289,2023,PKBK,Parke Bancorp Inc,2023.5,12.34,284.317,1552.827,170.566,17.826,1787.34,24.023,28.462,64.214,6.692,8.788,2023,Optimal,0.07859535,0.0,0.039297675,0.92140465,1.0,0.960702325,0.9022510836552219,0.9324370158718628,1,Network Leaders,Network Leaders
290,2023,PLBC,Plumas Bancorp,1610.416,20.32,147.317,1333.655,116.055,1.19,961.471,496.786,29.776,69.794,10.722,5.315,2023,Optimal,0.094582976,0.06881395,0.081698463,0.905417024,0.8712330616568019,0.918301537,0.9022510836552219,0.9324370158718628,4,Funding-Rich Underperformers,Funding-Rich Underperformers
291,2023,PNBK,Patriot National Bancorp Inc,1093.425,17.598,44.383,840.311,203.278,19.748,848.859,99.929,-4.179,28.5,6.005,21.311,2023,Optimal,0.1497741,0.079023843,0.1143989715,0.8502259,0.8535271606597853,0.8856010285,0.9022510836552219,0.9324370158718628,3,Network Laggards,Network Laggards
292,2023,PNC,The PNC Financial Services Group Inc,561580.0,7428.0,51141.0,421418.0,74735.0,2019.0,314966.0,132569.0,5578.0,13916.0,7574.0,2216.0,2023,Optimal,0.0,0.0,0.0,1.0,1.0,1.0,0.9022510836552219,0.9324370158718628,1,Network Leaders,Network Leaders
293,2023,PNFP,Pinnacle Financial Partners Inc,47959.883,531.828,6035.788,38539.81,3079.686,46.068,32676.091,7323.887,562.152,1262.118,433.253,86.635,2023,Optimal,0.10668761,0.0,0.053343805,0.89331239,1.0,0.946656195,0.9022510836552219,0.9324370158718628,2,Transformation Specialists,Transformation Specialists
294,2023,PPBN,Pinnacle Bankshares Corp,1016.528,15.604,68.405,932.444,11.32,1.695,640.799,235.16,9.762,33.172,7.964,1.557,2023,Optimal,0.00038051697,0.15852784,0.079454178485,0.99961948303,0.7263288208939372,0.920545821515,0.9022510836552219,0.9324370158718628,4,Funding-Rich Underperformers,Funding-Rich Underperformers
295,2023,PRK,Park National Corp,9836.453,181.501,1145.293,8042.566,533.934,102.465,7472.986,1429.144,126.734,373.113,92.634,62.101,2023,Optimal,0.10327423,0.0,0.051637115,0.89672577,1.0,0.948362885,0.9022510836552219,0.9324370158718628,2,Transformation Specialists,Transformation Specialists
296,2023,PROV,Provident Financial Holdings Inc,1332.948,17.737,129.687,950.571,237.178,1.423,1083.575,165.997,8.592,36.985,4.075,1.3,2023,Optimal,0.22360277,0.016302745,0.1199527575,0.7763972299999999,0.967917542129634,0.8800472425,0.9022510836552219,0.9324370158718628,2,Transformation Specialists,Transformation Specialists
297,2023,PSBQ,PSB Holdings Inc/WI,1424.1,18.648,109.287,1141.802,159.905,6.371,1090.777,258.952,9.569,38.692,6.72,5.94,2023,Optimal,0.12578765,0.066984582,0.096386116,0.87421235,0.8744413309619876,0.903613884,0.9022510836552219,0.9324370158718628,3,Network Laggards,Network Laggards
298,2023,PVBC,Provident Bancorp Inc,1670.309,31.266,221.902,1331.222,108.868,33.434,1342.729,32.627,10.954,58.171,7.061,16.517,2023,Optimal,0.13023171,0.0,0.065115855,0.86976829,1.0,0.934884145,0.9022510836552219,0.9324370158718628,2,Transformation Specialists,Transformation Specialists
299,2023,PVBK,Pacific Valley Bancorp,585.995,7.584,51.677,513.086,17.957,0.188,452.531,29.511,4.847,18.047,1.5,0.107,2023,Optimal,0.033008497,0.0,0.0165042485,0.966991503,1.0,0.9834957515,0.9022510836552219,0.9324370158718628,1,Network Leaders,Network Leaders
300,2023,QCRH,QCR Holdings Inc,8538.894,136.619,886.596,6514.005,721.795,8.903,6540.822,1024.807,113.558,221.006,132.684,34.186,2023,Optimal,0.16353071,0.0,0.081765355,0.83646929,1.0,0.918234645,0.9022510836552219,0.9324370158718628,2,Transformation Specialists,Transformation Specialists
301,2023,QNBC,QNB Corp,1706.318,19.026,90.824,1488.713,117.126,9.121,1093.533,498.822,9.483,40.155,4.837,1.94,2023,Optimal,0.022743343,0.0,0.0113716715,0.977256657,1.0,0.9886283285,0.9022510836552219,0.9324370158718628,1,Network Leaders,Network Leaders
302,2023,QNTO,Quaint Oak Bancorp Inc,754.118,20.973,51.565,631.699,56.528,2.0,610.107,3.815,2.02,18.163,15.332,0.452,2023,Optimal,0.080335503,0.0,0.0401677515,0.919664497,1.0,0.9598322485,0.9022510836552219,0.9324370158718628,1,Network Leaders,Network Leaders
303,2023,RBB,RBB Bancorp,4026.025,37.795,511.26,3174.76,315.276,24.1,3031.861,339.17,42.465,119.286,15.018,31.619,2023,Optimal,0.12631657,0.099148474,0.112732522,0.87368343,0.819590389569153,0.887267478,0.9022510836552219,0.9324370158718628,3,Network Laggards,Network Laggards
304,2023,RBCAA,Republic Bancorp Inc,6594.891,115.869,912.756,5053.163,513.157,17.899,5239.861,691.644,90.374,288.778,71.457,21.988,2023,Optimal,0.16013968,0.0,0.08006984,0.83986032,1.0,0.91993016,0.9022510836552219,0.9324370158718628,2,Transformation Specialists,Transformation Specialists
305,2023,RBKB,Rhinebeck Bancorp Inc,1313.202,19.459,113.685,1039.777,139.526,4.424,1016.975,198.499,4.395,37.965,5.78,4.206,2023,Optimal,0.13735367,0.071520008,0.104436839,0.86264633,0.8665073774338705,0.895563161,0.9022510836552219,0.9324370158718628,3,Network Laggards,Network Laggards
306,2023,RF,Regions Financial Corp,152194.0,2416.0,17493.0,127788.0,2865.0,516.0,98379.0,30123.0,2074.0,5320.0,2256.0,823.0,2023,Optimal,0.0,0.0,0.0,1.0,1.0,1.0,0.9022510836552219,0.9324370158718628,1,Network Leaders,Network Leaders
307,2023,RMBI,Richmond Mutual Bancorporation Inc,1461.024,17.439,134.86,1041.14,271.457,9.233,1105.736,300.285,9.487,37.662,4.611,8.135,2023,Optimal,0.22214527,0.036578435,0.1293618525,0.77785473,0.9294246652931768,0.8706381475,0.9022510836552219,0.9324370158718628,3,Network Laggards,Network Laggards
308,2023,RNST,Renasant Corp,17360.535,281.768,2297.383,14076.785,788.107,58.639,12351.23,2144.743,144.678,519.327,113.075,78.992,2023,Optimal,0.10653467,0.084449089,0.0954918795,0.89346533,0.844254396344465,0.9045081205,0.9022510836552219,0.9324370158718628,3,Network Laggards,Network Laggards
309,2023,RRBI,Red River Bancshares Inc,3128.81,37.241,303.851,2801.888,3.767,2.366,1992.858,716.532,34.879,86.438,21.114,2.602,2023,Optimal,0.014144504,0.0,0.007072252,0.985855496,1.0,0.992927748,0.9022510836552219,0.9324370158718628,1,Network Leaders,Network Leaders
310,2023,RVSB,Riverview Bancorp Inc,1521.529,24.204,155.588,1231.679,117.476,1.852,1024.013,377.633,3.799,38.086,10.242,0.178,2023,Optimal,0.11700538,0.0,0.05850269,0.88299462,1.0,0.94149731,0.9022510836552219,0.9324370158718628,2,Transformation Specialists,Transformation Specialists
311,2023,SBCF,Seacoast Banking Corp of Florida,14580.249,201.742,2108.086,11776.935,581.42,31.144,10062.94,2584.033,104.033,488.24,79.152,72.664,2023,Optimal,0.10979934,0.035245365,0.0725223525,0.89020066,0.9319091566278108,0.9274776475,0.9022510836552219,0.9324370158718628,3,Network Laggards,Network Laggards
312,2023,SBFG,SB Financial Group Inc,1343.249,22.777,124.342,1070.205,126.939,5.113,1000.212,226.987,12.095,39.273,17.721,3.329,2023,Optimal,0.1317818,0.063208368,0.097495084,0.8682182,0.8810988139250613,0.902504916,0.9022510836552219,0.9324370158718628,3,Network Laggards,Network Laggards
313,2023,SBKO,Summit Bank Group Inc,1078.37,17.532,95.655,916.943,58.641,0.644,922.241,59.357,8.921,46.474,0.508,2.308,2023,Optimal,0.074547895,0.05887075,0.0667093225,0.925452105,0.8888046534480246,0.9332906775,0.9022510836552219,0.9324370158718628,4,Funding-Rich Underperformers,Funding-Rich Underperformers
314,2023,SBNC,Southern Bancshares NC Inc,4987.939,60.198,459.982,4137.764,368.119,2.716,3408.987,1632.448,148.388,118.1,169.492,7.488,2023,Optimal,0.08543825,0.0,0.042719125,0.91456175,1.0,0.957280875,0.9022510836552219,0.9324370158718628,1,Network Leaders,Network Leaders
315,2023,SBSI,Southside Bancshares Inc,8284.914,85.625,773.288,6549.681,893.319,10.862,4524.51,2624.974,86.692,215.027,35.834,4.001,2023,Optimal,0.12243673,0.0,0.061218365,0.87756327,1.0,0.938781635,0.9022510836552219,0.9324370158718628,2,Transformation Specialists,Transformation Specialists
316,2023,SFBC,Sound Financial Bancorp Inc,995.221,17.135,100.654,826.539,56.538,3.618,894.478,12.849,7.439,33.85,5.006,4.131,2023,Optimal,0.094751927,0.043165814,0.0689588704999999,0.905248073,0.9172407427070842,0.9310411295,0.9022510836552219,0.9324370158718628,4,Funding-Rich Underperformers,Funding-Rich Underperformers
317,2023,SFBS,ServisFirst Bancshares Inc,16129.668,80.965,1440.405,13273.511,1348.894,18.089,11658.829,1893.073,206.853,410.937,30.417,22.528,2023,Optimal,0.0,0.069661833,0.0348309165,1.0,0.8697498015711662,0.9651690835,0.9022510836552219,0.9324370158718628,4,Funding-Rich Underperformers,Funding-Rich Underperformers
318,2023,SFDL,Security Federal Corp,1549.671,20.313,172.362,1194.997,171.477,6.421,634.131,701.634,10.19,39.248,9.39,6.825,2023,Optimal,0.15876,0.099197933,0.1289789665,0.84124,0.8195085161245478,0.8710210334999999,0.9022510836552219,0.9324370158718628,3,Network Laggards,Network Laggards
319,2023,SFIGA,Star Financial Group Inc,2998.676,45.025,189.914,2546.014,240.116,3.066,1639.546,1076.278,23.863,86.076,25.211,4.33,2023,Optimal,0.067298591,0.11326262,0.0902806055,0.932701409,0.796521291624792,0.9097193945,0.9022510836552219,0.9324370158718628,4,Funding-Rich Underperformers,Funding-Rich Underperformers
320,2023,SFNC,Simmons First National Corp,27345.674,286.117,3426.488,22244.978,1475.264,62.472,16845.67,6878.441,175.057,650.126,155.566,90.271,2023,Optimal,0.091088582,0.050371464,0.070730023,0.908911418,0.9040882854753564,0.929269977,0.9022510836552219,0.9324370158718628,4,Funding-Rich Underperformers,Funding-Rich Underperformers
321,2023,SFST,Southern First Bankshares Inc,4055.789,40.275,312.467,3379.564,335.966,2.627,3602.627,154.641,13.426,77.654,9.86,3.963,2023,Optimal,0.077603323,0.0,0.0388016615,0.922396677,1.0,0.9611983385,0.9022510836552219,0.9324370158718628,1,Network Leaders,Network Leaders
322,2023,SHBI,Shore Bancshares Inc,6010.918,57.003,511.135,5386.12,85.154,3.946,4641.01,647.312,11.228,135.307,33.159,13.701,2023,Optimal,0.0,0.0,0.0,1.0,1.0,1.0,0.9022510836552219,0.9324370158718628,1,Network Leaders,Network Leaders
323,2023,SLBK,Skyline Bankshares Inc,1045.843,16.704,82.882,928.742,29.483,4.288,817.704,130.727,9.7,35.598,6.97,1.731,2023,Optimal,0.033379853,0.013736234,0.0235580435,0.966620147,0.972899786869017,0.9764419565,0.9022510836552219,0.9324370158718628,1,Network Leaders,Network Leaders
324,2023,SMBC,Southern Missouri Bancorp Inc,4360.211,46.896,446.058,3725.54,162.744,6.309,3618.898,438.155,39.237,126.745,26.204,11.29,2023,Optimal,0.055485834,0.003515576,0.029500705,0.944514166,0.9929934799537182,0.970499295,0.9022510836552219,0.9324370158718628,1,Network Leaders,Network Leaders
325,2023,SMBK,SmartFinancial Inc,4829.387,65.749,459.886,4267.854,65.48,4.808,3444.462,703.308,28.593,130.08,22.325,9.735,2023,Optimal,0.028755339,0.060959114,0.0448572265,0.971244661,0.8850867800736004,0.9551427735,0.9022510836552219,0.9324370158718628,4,Funding-Rich Underperformers,Funding-Rich Underperformers
326,2023,SNV,Synovus Financial Corp.,59809.534,728.378,5144.148,50739.185,2125.104,143.381,43404.49,9973.606,543.705,1816.655,404.01,288.177,2023,Optimal,0.057076362,0.0,0.028538181,0.942923638,1.0,0.971461819,0.9022510836552219,0.9324370158718628,1,Network Leaders,Network Leaders
327,2023,SOMC,Southern Michigan Bancorp Inc,1414.795,20.586,97.83,1157.971,146.541,1.129,1036.417,231.34,10.905,39.98,7.738,0.889,2023,Optimal,0.10746105,0.089461741,0.0984613954999999,0.89253895,0.8357689166433977,0.9015386045,0.9022510836552219,0.9324370158718628,3,Network Laggards,Network Laggards
328,2023,SOME,Somerset Trust Holding Co,2199.339,33.096,142.522,1787.34,254.415,10.66,1430.585,608.89,23.235,80.017,16.133,9.691,2023,Optimal,0.11105207,0.088933539,0.0999928045,0.88894793,0.8366593812847929,0.9000071955,0.9022510836552219,0.9324370158718628,3,Network Laggards,Network Laggards
329,2023,SPFI,South Plains Financial Inc,4204.793,79.377,407.114,3626.153,119.798,7.959,3014.153,622.762,62.745,139.747,75.817,6.09,2023,Optimal,0.055317779,0.0,0.0276588895,0.944682221,1.0,0.9723411105,0.9022510836552219,0.9324370158718628,1,Network Leaders,Network Leaders
330,2023,SRCE,1st Source Corp,8727.958,115.612,1068.263,7038.581,438.447,26.927,6518.505,1647.675,124.927,278.647,90.623,24.235,2023,Optimal,0.111236,0.0,0.055618,0.888764,1.0,0.944382,0.9022510836552219,0.9324370158718628,2,Transformation Specialists,Transformation Specialists
331,2023,SSB,SouthState Bank Corp,44902.024,583.398,5533.098,37048.909,1089.373,109.742,32388.489,7460.308,494.308,1452.608,286.906,184.124,2023,Optimal,0.08403135,0.0,0.042015675,0.91596865,1.0,0.957984325,0.9022510836552219,0.9324370158718628,1,Network Leaders,Network Leaders
332,2023,SSBI,Summit State Bank,1122.508,15.399,97.678,1009.693,6.914,3.756,953.847,90.087,10.822,35.462,5.201,44.206,2023,Optimal,0.020227743,0.0,0.0101138715,0.979772257,1.0,0.9898861285,0.9022510836552219,0.9324370158718628,1,Network Leaders,Network Leaders
333,2023,STBA,S&T Bancorp Inc,9551.526,111.462,1283.445,7521.769,552.341,22.117,7653.341,995.473,144.781,349.41,57.62,23.022,2023,Optimal,0.12837946,0.0,0.06418973,0.87162054,1.0,0.93581027,0.9022510836552219,0.9324370158718628,2,Transformation Specialists,Transformation Specialists
334,2023,STD2,Santander Holdings USA Inc,164972.575,2065.108,17500.909,77073.176,60946.237,2575.951,93047.209,17432.519,932.902,5875.348,3464.849,3175.729,2023,Optimal,0.46684482,0.0,0.23342241,0.5331551800000001,1.0,0.76657759,0.9022510836552219,0.9324370158718628,2,Transformation Specialists,Transformation Specialists
335,2023,STEL,Stellar Bancorp Inc,10647.139,157.034,1521.018,8873.467,180.424,45.048,7925.133,1420.731,130.497,436.759,24.562,39.191,2023,Optimal,0.084317965,0.0,0.0421589825,0.915682035,1.0,0.9578410175,0.9022510836552219,0.9324370158718628,1,Network Leaders,Network Leaders
336,2023,SYBT,Stock Yards Bancorp Inc,8170.102,110.327,858.103,6670.748,415.07,15.811,5771.038,1487.252,107.748,247.332,92.22,19.178,2023,Optimal,0.10095158,0.046213965,0.0735827725,0.89904842,0.911654849684596,0.9264172275,0.9022510836552219,0.9324370158718628,3,Network Laggards,Network Laggards
337,2023,TBBK,Bancorp Inc (The),7705.695,121.055,807.281,6680.91,147.863,39.341,5361.139,763.125,192.296,354.052,112.094,30.218,2023,Optimal,0.04930658,0.0,0.02465329,0.95069342,1.0,0.97534671,0.9022510836552219,0.9324370158718628,1,Network Leaders,Network Leaders
338,2023,TCBI,Texas Capital Bancshares Inc,28356.266,459.7,3199.142,22371.839,2470.22,48.338,20340.558,4143.194,189.141,914.123,161.419,81.398,2023,Optimal,0.12677407,0.052305252,0.0895396609999999,0.87322593,0.9005892027991133,0.910460339,0.9022510836552219,0.9324370158718628,3,Network Laggards,Network Laggards
339,2023,TCBK,TriCo Bancshares,9910.089,135.795,1159.682,7834.038,761.942,24.76,6794.47,2305.882,117.39,356.677,61.4,34.595,2023,Optimal,0.12947464,0.016436768,0.072955704,0.87052536,0.967658060948854,0.927044296,0.9022510836552219,0.9324370158718628,2,Transformation Specialists,Transformation Specialists
340,2023,TCBS,Texas Community Bancshares Inc,452.044,7.069,53.689,317.241,77.251,1.182,282.992,123.256,-0.733,11.064,0.352,1.342,2023,Optimal,0.20848206,0.071061842,0.139771951,0.79151794,0.8673058095930188,0.860228049,0.9022510836552219,0.9324370158718628,3,Network Laggards,Network Laggards
341,2023,TCBX,Third Coast Bancshares Inc,4396.074,62.217,411.974,3803.148,141.708,12.261,3638.788,194.128,33.401,139.525,8.205,17.319,2023,Optimal,0.050588341,0.062164718,0.0563765295,0.949411659,0.8829471230845384,0.9436234705,0.9022510836552219,0.9324370158718628,4,Funding-Rich Underperformers,Funding-Rich Underperformers
342,2023,TECTP,Tectonic Financial Inc,677.346,31.288,106.857,526.891,35.548,2.804,501.095,51.347,15.22,27.361,39.804,2.57,2023,Optimal,0.14168831,0.0,0.070844155,0.85831169,1.0,0.929155845,0.9022510836552219,0.9324370158718628,2,Transformation Specialists,Transformation Specialists
343,2023,TFC,Truist Financial Corp,535349.0,8654.0,59253.0,395865.0,65154.0,1250.0,312061.0,123031.0,-1091.0,14600.0,8790.0,1488.0,2023,Optimal,0.049866898,0.0,0.024933449,0.950133102,1.0,0.975066551,0.9022510836552219,0.9324370158718628,1,Network Leaders,Network Leaders
344,2023,TFIN,Triumph Financial Inc,5347.334,210.607,864.4,3977.478,437.729,54.581,4163.1,321.387,41.081,368.079,50.173,75.781,2023,Optimal,0.18503626,0.0,0.09251813,0.81496374,1.0,0.90748187,0.9022510836552219,0.9324370158718628,2,Transformation Specialists,Transformation Specialists
345,2023,TFSL,TFS Financial Corp,16917.979,112.785,1927.361,9449.82,5291.846,36.797,15243.062,755.422,75.25,283.567,21.429,33.358,2023,Optimal,0.34307078,0.0,0.17153539,0.65692922,1.0,0.8284646099999999,0.9022510836552219,0.9324370158718628,2,Transformation Specialists,Transformation Specialists
346,2023,THFF,First Financial Corp,4851.146,68.525,527.976,4090.068,181.254,16.726,3167.821,1274.501,60.672,167.262,42.702,27.665,2023,Optimal,0.074455421,0.032631643,0.053543532,0.925544579,0.9367990643687838,0.946456468,0.9022510836552219,0.9324370158718628,1,Network Leaders,Network Leaders
347,2023,TMP,Tompkins Financial Corp,7819.749,124.703,669.934,6399.847,682.171,32.996,5605.935,1763.557,9.505,209.514,10.241,62.397,2023,Optimal,0.10263128,0.038023863,0.0703275715,0.89736872,0.92673797904779,0.9296724285,0.9022510836552219,0.9324370158718628,3,Network Laggards,Network Laggards
348,2023,TOWN,TowneBank,16835.039,270.158,2055.878,13893.206,575.335,6.833,11329.021,2642.014,153.715,457.78,236.342,7.751,2023,Optimal,0.090806117,0.0,0.0454030585,0.909193883,1.0,0.9545969415,0.9022510836552219,0.9324370158718628,1,Network Leaders,Network Leaders
349,2023,TRCY,Tri City Bankshares Corp,2078.743,30.606,143.512,1768.372,162.134,8.118,1173.61,612.419,6.458,53.28,14.925,6.604,2023,Optimal,0.069511069,0.17058658,0.1200488244999999,0.930488931,0.7085451295708517,0.8799511755,0.9022510836552219,0.9324370158718628,4,Funding-Rich Underperformers,Funding-Rich Underperformers
350,2023,TRMK,Trustmark Corp,18722.189,304.665,1661.847,15569.763,1115.897,67.958,12950.524,3189.157,165.489,552.878,206.958,106.875,2023,Optimal,0.082588068,0.080803002,0.081695535,0.917411932,0.8504759852619285,0.918304465,0.9022510836552219,0.9324370158718628,4,Funding-Rich Underperformers,Funding-Rich Underperformers
351,2023,TRST,TrustCo Bank Corp NY,6168.191,51.242,645.285,5350.777,133.461,19.554,5002.879,464.95,58.646,171.845,18.315,17.86,2023,Optimal,0.013804838,0.006298791,0.0100518144999999,0.986195162,0.9874812708584482,0.9899481855,0.9022510836552219,0.9324370158718628,1,Network Leaders,Network Leaders
352,2023,TSBK,Timberland Bancorp Inc,1839.905,23.562,233.073,1560.935,36.867,2.165,1318.122,319.402,27.118,68.359,11.14,1.596,2023,Optimal,0.071387994,0.01462949,0.0430087419999999,0.928612006,0.9711628921804748,0.956991258,0.9022510836552219,0.9324370158718628,1,Network Leaders,Network Leaders
353,2023,UBAB,United Bancorporation of Alabama Inc,1389.987,19.236,248.636,1089.853,40.792,7.063,811.948,272.97,31.541,58.759,21.044,2.959,2023,Optimal,0.1454574,0.0,0.0727287,0.8545426,1.0,0.9272713,0.9022510836552219,0.9324370158718628,2,Transformation Specialists,Transformation Specialists
354,2023,UBCP,United Bancorp Inc,819.449,10.272,63.593,621.459,128.332,3.701,483.236,246.739,8.95,25.835,4.054,4.018,2023,Optimal,0.16628469,0.14376795,0.15502632,0.83371531,0.7486064371711063,0.8449736800000001,0.9022510836552219,0.9324370158718628,3,Network Laggards,Network Laggards
355,2023,UBFO,United Security Bancshares,1211.045,13.157,122.542,1004.477,74.65,19.519,920.042,184.62,19.796,49.321,5.569,16.456,2023,Optimal,0.087422572,0.0,0.043711286,0.912577428,1.0,0.956288714,0.9022510836552219,0.9324370158718628,1,Network Leaders,Network Leaders
356,2023,UBOH,United Bancshares Inc/OH,1071.498,15.76,93.924,952.845,19.104,1.737,708.828,253.588,8.606,33.107,7.375,1.421,2023,Optimal,0.031828742,0.092319633,0.0620741875,0.968171258,0.8309659000700209,0.9379258125,0.9022510836552219,0.9324370158718628,4,Funding-Rich Underperformers,Funding-Rich Underperformers
357,2023,UBSI,United Bankshares Inc,29926.482,279.177,4771.24,22819.319,2078.083,60.69,21359.084,4125.754,366.313,919.924,135.258,48.113,2023,Optimal,0.13349448,0.0,0.06674724,0.86650552,1.0,0.93325276,0.9022510836552219,0.9324370158718628,2,Transformation Specialists,Transformation Specialists
358,2023,UCB,United Community Banks Inc,27297.251,318.464,3261.525,23310.611,368.969,44.281,18318.755,5821.932,187.544,817.765,75.483,92.877,2023,Optimal,0.052534016,0.0,0.026267008,0.947465984,1.0,0.973732992,0.9022510836552219,0.9324370158718628,1,Network Leaders,Network Leaders
359,2023,UMBF,UMB Financial Corp,44011.674,553.421,3100.419,35792.859,4361.821,19.337,23170.768,13250.158,350.024,920.116,541.853,14.95,2023,Optimal,0.097327274,0.0,0.048663637,0.902672726,1.0,0.951336363,0.9022510836552219,0.9324370158718628,1,Network Leaders,Network Leaders
360,2023,UNB,Union Bankshares Inc,1468.879,19.612,65.807,1305.603,84.54,2.397,1030.022,265.883,11.257,37.843,9.904,2.02,2023,Optimal,0.0,0.14658761,0.073293805,1.0,0.7443063073043323,0.926706195,0.9022510836552219,0.9324370158718628,4,Funding-Rich Underperformers,Funding-Rich Underperformers
361,2023,UNTY,Unity Bancorp Inc,2578.507,29.051,261.43,1924.14,372.085,9.065,2153.821,154.124,39.707,94.997,8.142,19.186,2023,Optimal,0.17932316,0.070806372,0.125064766,0.82067684,0.8677513062090743,0.8749352340000001,0.9022510836552219,0.9324370158718628,3,Network Laggards,Network Laggards
362,2023,USB,U.S. Bancorp,663491.0,10416.0,55771.0,512312.0,68165.0,1016.0,365495.0,153751.0,5429.0,17396.0,10617.0,1494.0,2023,Optimal,0.0,0.0,0.0,1.0,1.0,1.0,0.9022510836552219,0.9324370158718628,1,Network Leaders,Network Leaders
363,2023,UVSP,Univest Financial Corp,7780.628,120.188,839.208,6375.781,499.918,33.535,6567.214,541.122,71.104,219.997,76.824,40.093,2023,Optimal,0.10151493,0.014604801,0.0580598655,0.89848507,0.971210857694335,0.9419401345,0.9022510836552219,0.9324370158718628,2,Transformation Specialists,Transformation Specialists
364,2023,UWHR,Uwharrie Capital Corp,1072.591,19.306,49.441,981.713,32.088,0.399,592.071,367.232,8.031,32.696,9.468,1.242,2023,Optimal,0.0,0.1362111,0.06810555,1.0,0.7602362800363419,0.93189445,0.9022510836552219,0.9324370158718628,4,Funding-Rich Underperformers,Funding-Rich Underperformers
365,2023,VABK,Virginia National Bankshares Corp,1646.017,15.9,153.04,1409.098,79.925,1.378,1092.665,428.98,19.263,48.969,9.101,2.732,2023,Optimal,0.054082587,0.075273993,0.06467829,0.945917413,0.8599910469516955,0.93532171,0.9022510836552219,0.9324370158718628,4,Funding-Rich Underperformers,Funding-Rich Underperformers
366,2023,VBTX,Veritex Holdings Inc,12394.337,122.07,1531.323,10338.195,350.288,43.667,9584.34,1332.262,108.261,399.114,19.105,95.823,2023,Optimal,0.064936581,0.027852423,0.046394502,0.935063419,0.9458046264682494,0.953605498,0.9022510836552219,0.9324370158718628,1,Network Leaders,Network Leaders
367,2023,VLY,Valley National Bancorp,60934.974,563.591,6701.391,49242.829,3707.098,271.984,50210.295,5100.248,498.511,1665.478,225.729,293.386,2023,Optimal,0.067187929,0.0,0.0335939645,0.932812071,1.0,0.9664060355,0.9022510836552219,0.9324370158718628,1,Network Leaders,Network Leaders
368,2023,WABC,Westamerica Bancorporation,6364.592,47.871,772.894,5474.267,76.976,0.774,866.602,4892.424,161.768,280.123,43.522,0.791,2023,Optimal,0.0093558178,0.0,0.0046779089,0.9906441822,1.0,0.9953220911,0.9022510836552219,0.9324370158718628,1,Network Leaders,Network Leaders
369,2023,WAFD,WaFd Inc,22474.675,196.534,2426.426,16070.329,3673.422,44.554,17653.757,2545.503,257.426,690.234,52.377,57.924,2023,Optimal,0.18195898,0.006933864,0.094446422,0.81804102,0.9862277667920404,0.905553578,0.9022510836552219,0.9324370158718628,2,Transformation Specialists,Transformation Specialists
370,2023,WAL,Western Alliance Bancorporation,70862.0,566.3,6078.0,55333.0,8304.0,98.0,50297.0,12993.0,722.4,2338.9,280.7,418.0,2023,Optimal,0.066230982,0.0,0.033115491,0.933769018,1.0,0.966884509,0.9022510836552219,0.9324370158718628,1,Network Leaders,Network Leaders
371,2023,WASH,Washington Trust Bancorp Inc,7202.847,82.458,472.686,5348.16,1244.708,12.846,5647.706,1052.273,48.176,137.098,56.14,45.301,2023,Optimal,0.17889262,0.060889298,0.119890959,0.8211073799999999,0.8852108356361231,0.880109041,0.9022510836552219,0.9324370158718628,3,Network Laggards,Network Laggards
372,2023,WBS,Webster Financial Corp,74945.249,684.382,8689.996,60784.284,4089.664,206.136,50726.052,16361.199,867.84,2337.269,314.337,218.6,2023,Optimal,0.056157182,0.0,0.028078591,0.943842818,1.0,0.971921409,0.9022510836552219,0.9324370158718628,1,Network Leaders,Network Leaders
373,2023,WCCB,West Coast Community Bancorp,1794.362,19.699,230.036,1515.09,36.924,3.153,1377.597,279.048,35.15,82.764,3.572,9.525,2023,Optimal,0.072680448,0.0091621616,0.0409213047999999,0.927319552,0.9818420429369376,0.9590786952,0.9022510836552219,0.9324370158718628,1,Network Leaders,Network Leaders
374,2023,WCFB,WCF Bancorp Inc,196.168,3.437,22.609,142.629,29.1,0.547,146.896,25.094,-0.163,4.754,0.647,0.184,2023,Optimal,0.12527634,0.0,0.06263817,0.87472366,1.0,0.93736183,0.9022510836552219,0.9324370158718628,2,Transformation Specialists,Transformation Specialists
375,2023,WFC,Wells Fargo & Co,1932468.0,35829.0,187443.0,1358173.0,301207.0,5763.0,920259.0,421795.0,19142.0,52375.0,30222.0,8443.0,2023,Optimal,0.0,4.424081e-16,2.2120405e-16,1.0,0.9999999999999992,0.9999999999999998,0.9022510836552219,0.9324370158718628,1,Network Leaders,Network Leaders
376,2023,WNEB,Western New England Bancorp Inc,2564.571,32.214,237.409,2143.744,164.929,5.694,2027.317,364.388,15.068,67.909,10.897,6.421,2023,Optimal,0.082365021,0.048262596,0.0653138085,0.917634979,0.9079188818065964,0.9346861915,0.9022510836552219,0.9324370158718628,4,Funding-Rich Underperformers,Funding-Rich Underperformers
377,2023,WSBC,WesBanco Inc,17712.374,223.839,2533.062,13168.704,1810.231,42.901,11638.461,3405.984,159.032,481.338,120.447,28.305,2023,Optimal,0.17789529,0.0055229774,0.0917091337,0.82210471,0.9890147166715556,0.9082908663,0.9022510836552219,0.9324370158718628,2,Transformation Specialists,Transformation Specialists
378,2023,WSBF,Waterstone Financial Inc,2213.389,84.096,344.056,1190.624,611.054,4.452,1664.215,225.787,9.375,50.215,81.185,5.062,2023,Optimal,0.4133742,0.0,0.2066871,0.5866258,1.0,0.7933129,0.9022510836552219,0.9324370158718628,2,Transformation Specialists,Transformation Specialists
379,2023,WSFS,WSFS Financial Corp,20594.672,289.193,2469.815,16474.086,1046.672,43.372,12769.336,4937.926,269.156,725.103,289.871,75.754,2023,Optimal,0.11703217,0.012585986,0.064809078,0.88296783,0.9751409042313172,0.935190922,0.9022510836552219,0.9324370158718628,2,Transformation Specialists,Transformation Specialists
380,2023,WTBA,West Bancorporation Inc,3825.758,27.06,225.043,2973.779,596.039,0.322,2927.535,646.876,24.137,69.031,10.066,0.296,2023,Optimal,0.051727253,0.0,0.0258636265,0.948272747,1.0,0.9741363735,0.9022510836552219,0.9324370158718628,1,Network Leaders,Network Leaders
381,2023,WTBFA,W T B Financial Corp,11445.591,154.457,897.443,8118.301,2265.563,3.062,6505.401,3594.355,55.851,285.093,57.241,31.404,2023,Optimal,0.21840191,0.0,0.109200955,0.78159809,1.0,0.890799045,0.9022510836552219,0.9324370158718628,2,Transformation Specialists,Transformation Specialists
382,2023,WTFC,Wintrust Financial Corp.,56259.934,746.413,5399.526,45397.17,3829.639,110.597,42131.831,7704.102,622.626,1837.864,434.106,152.339,2023,Optimal,0.10347261,0.0030927438,0.0532826769,0.89652739,0.9938335835462556,0.9467173231,0.9022510836552219,0.9324370158718628,2,Transformation Specialists,Transformation Specialists
383,2023,ZION,Zions Bancorporation National Association,87203.0,1275.0,5691.0,74961.0,5119.0,149.0,57396.0,20850.0,680.0,2438.0,677.0,228.0,2023,Optimal,0.0,0.0,0.0,1.0,1.0,1.0,0.9022510836552219,0.9324370158718628,1,Network Leaders,Network Leaders
