DMU,Year,Ticker,Bank Name,Assets,Employee Expense,Equity,Deposits,Borrowings,Lagged NPAs,Performing Loans,Investment,Net Income,Net-interest Income,Non-interest Income,NPAs,LP_Group,LP_Status,beta1,beta2,overall_beta,Stage1_Efficiency,Stage2_Efficiency,Overall_Efficiency,Stage1_Mean,Stage2_Mean,Class,Class_Name,Quadrant_Name
1,2022,ABBB,Auburn Bancorp Inc,98.171,2.034,6.824,81.14,10.0,0.875,77.077,15.877,0.152,3.138,0.483,0.408,2022,Optimal,0.0,0.0,0.0,1.0,1.0,1.0,0.9030261202360312,0.9337132013214337,1,Network Leaders,Network Leaders
2,2022,ABCB,Ameris Bancorp,25053.286,319.719,3197.4,19462.738,2069.146,101.871,19855.253,1745.916,346.54,801.026,284.424,153.544,2022,Optimal,0.14332438,0.0,0.07166219,0.85667562,1.0,0.92833781,0.9030261202360312,0.9337132013214337,2,Transformation Specialists,Transformation Specialists
3,2022,ACNB,ACNB Corp,2525.507,35.979,245.042,2198.975,66.116,6.219,1538.61,621.879,35.752,83.425,21.807,4.331,2022,Optimal,0.058485618,0.11330393,0.085894774,0.941514382,0.7964546303182455,0.914105226,0.9030261202360312,0.9337132013214337,4,Funding-Rich Underperformers,Funding-Rich Underperformers
4,2022,AFBI,Affinity Bancshares Inc,791.283,12.221,117.103,657.172,12.722,10.538,646.234,73.809,7.134,29.755,2.402,9.621,2022,Optimal,0.11475157,0.0,0.057375785,0.88524843,1.0,0.942624215,0.9030261202360312,0.9337132013214337,2,Transformation Specialists,Transformation Specialists
5,2022,ALPIB,Alpine Banks of Colorado,6317.255,81.845,425.028,5518.666,323.976,3.836,3894.684,1975.548,73.354,201.764,41.081,2.625,2022,Optimal,0.042972515,0.027831277,0.035401896,0.957027485,0.9458446583154524,0.964598104,0.9030261202360312,0.9337132013214337,1,Network Leaders,Network Leaders
6,2022,ALRS,Alerus Financial Corp,3779.637,102.571,356.872,2915.484,442.825,3.082,2443.994,1063.183,40.005,99.729,111.223,3.824,2022,Optimal,0.16180434,0.0,0.08090217,0.83819566,1.0,0.91909783,0.9030261202360312,0.9337132013214337,2,Transformation Specialists,Transformation Specialists
7,2022,AMAL,Amalgamated Financial Corp,7843.124,74.712,508.955,6595.037,698.487,54.586,4106.002,3391.689,81.455,239.84,23.897,34.751,2022,Optimal,0.073206957,0.0,0.0366034785,0.926793043,1.0,0.9633965215,0.9030261202360312,0.9337132013214337,1,Network Leaders,Network Leaders
8,2022,AMBK,American Bank Inc,927.284,6.791,81.908,667.477,159.632,0.341,662.597,207.823,10.115,23.587,1.743,0.309,2022,Optimal,0.16828404,0.0,0.08414202,0.83171596,1.0,0.91585798,0.9030261202360312,0.9337132013214337,2,Transformation Specialists,Transformation Specialists
9,2022,AMFC,AMB Financial Corp.,324.819,4.745,27.177,291.736,3.093,0.46,266.371,17.108,3.178,10.51,2.204,0.404,2022,Optimal,0.027790092,0.0,0.013895046,0.972209908,1.0,0.986104954,0.9030261202360312,0.9337132013214337,1,Network Leaders,Network Leaders
10,2022,AMTB,Amerant Bancorp Inc,9127.804,123.51,705.726,7044.199,1199.305,59.501,6857.194,1366.68,63.31,266.665,67.277,37.599,2022,Optimal,0.15287003,0.066267185,0.1095686075,0.84712997,0.8757024769546855,0.8904313925,0.9030261202360312,0.9337132013214337,3,Network Laggards,Network Laggards
11,2022,ARBV,American Riviera Bancorp,1282.568,18.3,87.096,1163.528,25.069,2.869,907.685,269.874,13.494,46.846,3.347,3.066,2022,Optimal,0.025612141,0.093399416,0.0595057785,0.974387859,0.8291577357125641,0.9404942215,0.9030261202360312,0.9337132013214337,4,Funding-Rich Underperformers,Funding-Rich Underperformers
12,2022,AROW,Arrow Financial Corp,3969.509,47.003,353.538,3498.364,85.741,11.79,2983.207,757.097,48.799,118.343,30.898,12.576,2022,Optimal,0.039576428,0.040400902,0.039988665,0.960423572,0.9223358958602672,0.960011335,0.9030261202360312,0.9337132013214337,4,Funding-Rich Underperformers,Funding-Rich Underperformers
13,2022,ASB,Associated Banc-Corp,39405.727,454.101,4015.49,29636.154,5202.226,160.062,28799.569,7023.135,366.122,957.321,282.37,126.466,2022,Optimal,0.16990736,0.0,0.08495368,0.8300926399999999,1.0,0.91504632,0.9030261202360312,0.9337132013214337,2,Transformation Specialists,Transformation Specialists
14,2022,ASRV,AmeriServ Financial Inc,1363.874,28.492,106.178,1108.537,138.373,3.323,990.766,249.265,7.448,40.563,16.692,5.2,2022,Optimal,0.12763746,0.095181911,0.1114096855,0.87236254,0.8261806371270498,0.8885903145,0.9030261202360312,0.9337132013214337,3,Network Laggards,Network Laggards
15,2022,ATLO,Ames National Corp,2134.926,22.909,149.098,1897.957,79.796,13.057,1241.711,791.051,19.293,53.244,9.687,14.722,2022,Optimal,0.038887963,0.02177084,0.0303294015,0.961112037,0.9573860612424602,0.9696705985,0.9030261202360312,0.9337132013214337,1,Network Leaders,Network Leaders
16,2022,AUB,Atlantic Union Bankshares Corp,20461.138,228.926,2372.737,15931.677,1764.684,32.796,14449.142,3709.761,234.51,584.261,118.523,27.114,2022,Optimal,0.14185854,0.02507543,0.083466985,0.85814146,0.9510759320414108,0.916533015,0.9030261202360312,0.9337132013214337,2,Transformation Specialists,Transformation Specialists
17,2022,AUBN,Auburn National Bancorporation Inc,1023.888,12.307,68.041,950.337,3.162,0.818,504.458,405.304,10.346,27.166,6.506,2.731,2022,Optimal,0.0045635621,0.0,0.00228178105,0.9954364379,1.0,0.99771821895,0.9030261202360312,0.9337132013214337,1,Network Leaders,Network Leaders
18,2022,AVBH,Avidbank Holdings Inc,2133.268,29.102,137.538,1823.235,164.953,3.244,1554.222,451.362,25.023,74.079,4.67,14.245,2022,Optimal,0.078642625,0.024879454,0.0517610394999999,0.921357375,0.9514490140222872,0.9482389605,0.9030261202360312,0.9337132013214337,1,Network Leaders,Network Leaders
19,2022,AX,Axos Financial Inc.,17401.165,167.39,1642.973,13946.422,637.622,151.977,14239.678,282.886,240.716,607.158,113.363,118.992,2022,Optimal,0.1131454,0.0,0.0565727,0.8868546,1.0,0.9434273,0.9030261202360312,0.9337132013214337,2,Transformation Specialists,Transformation Specialists
20,2022,BAC,Bank of America Corp,3051375.0,36447.0,273197.0,1930341.0,508908.0,4697.0,1032103.0,862819.0,27528.0,52462.0,42488.0,3978.0,2022,Optimal,0.027854525,0.0,0.0139272625,0.972145475,1.0,0.9860727375,0.9030261202360312,0.9337132013214337,1,Network Leaders,Network Leaders
21,2022,BANC,Banc of California Inc,41228.936,406.839,3950.531,33936.334,2779.518,74.017,28609.129,7146.912,423.613,1290.762,74.827,108.8,2022,Optimal,0.086526219,0.066734016,0.0766301175,0.913473781,0.8748816199745149,0.9233698825,0.9030261202360312,0.9337132013214337,4,Funding-Rich Underperformers,Funding-Rich Underperformers
22,2022,BANF,BancFirst Corp,12387.863,184.976,1250.836,10974.228,91.769,69.074,6943.563,1556.116,193.1,373.673,183.747,61.554,2022,Optimal,0.025051456,0.080160533,0.0526059945,0.974948544,0.8515766304155459,0.9473940055,0.9030261202360312,0.9337132013214337,4,Funding-Rich Underperformers,Funding-Rich Underperformers
23,2022,BANR,Banner Corp,15833.431,242.266,1456.432,13620.059,511.808,23.705,10146.724,3918.619,195.378,553.179,75.255,23.35,2022,Optimal,0.052460888,0.051183754,0.051822321,0.947539112,0.9026169234346824,0.948177679,0.9030261202360312,0.9337132013214337,4,Funding-Rich Underperformers,Funding-Rich Underperformers
24,2022,BCAL,California BanCorp,2283.927,37.069,260.355,1931.905,78.825,0.809,1897.773,181.069,16.113,87.786,3.675,0.041,2022,Optimal,0.08787098,0.0,0.04393549,0.91212902,1.0,0.95606451,0.9030261202360312,0.9337132013214337,1,Network Leaders,Network Leaders
25,2022,BCBP,BCB Bancorp Inc,3546.193,28.021,291.254,2811.607,433.628,14.964,3077.704,129.514,45.579,113.945,1.595,5.184,2022,Optimal,0.12941508,0.013650412,0.071532746,0.87058492,0.9730668249360904,0.928467254,0.9030261202360312,0.9337132013214337,2,Transformation Specialists,Transformation Specialists
26,2022,BCML,BayCom Corp,2513.334,40.48,317.149,2085.479,89.333,6.909,2021.124,188.042,23.73,96.714,6.1,15.244,2022,Optimal,0.10373207,0.038864681,0.0712983755,0.89626793,0.9251785497942056,0.9287016245,0.9030261202360312,0.9337132013214337,3,Network Laggards,Network Laggards
27,2022,BCTF,Bancorp 34 Inc,575.556,7.274,50.687,487.587,29.531,4.338,466.265,65.691,4.015,18.494,0.664,6.796,2022,Optimal,0.09343842,0.04911583,0.071277125,0.90656158,0.9063671930295818,0.928722875,0.9030261202360312,0.9337132013214337,4,Funding-Rich Underperformers,Funding-Rich Underperformers
28,2022,BFC,Bank First Corp,3660.432,33.155,453.103,3060.229,124.207,8.39,2893.978,366.229,45.214,104.085,19.847,6.421,2022,Optimal,0.085427596,0.041801748,0.063614672,0.914572404,0.9197510503697102,0.936385328,0.9030261202360312,0.9337132013214337,4,Funding-Rich Underperformers,Funding-Rich Underperformers
29,2022,BFIN,BankFinancial Corp,1575.137,21.576,151.671,1374.934,23.341,1.475,1234.872,217.828,10.494,50.815,5.976,2.112,2022,Optimal,0.060927371,0.02748348,0.0442054255,0.939072629,0.9465033150703308,0.9557945745,0.9030261202360312,0.9337132013214337,1,Network Leaders,Network Leaders
30,2022,BFST,Business First Bancshares Inc,5990.46,85.222,580.481,4820.345,577.783,14.517,4606.176,928.218,54.255,199.577,29.31,12.823,2022,Optimal,0.11964797,0.05770699,0.08867748,0.88035203,0.8908828427048591,0.91132252,0.9030261202360312,0.9337132013214337,3,Network Laggards,Network Laggards
31,2022,BHB,Bar Harbor Bankshares,3909.803,48.657,393.45,3043.431,402.747,10.191,2902.69,574.409,43.557,113.681,35.311,6.549,2022,Optimal,0.15361603,0.067789,0.110702515,0.84638397,0.873029222065408,0.8892974849999999,0.9030261202360312,0.9337132013214337,3,Network Laggards,Network Laggards
32,2022,BHLB,Berkshire Hills Bancorp Inc,11662.864,152.741,954.062,10327.269,188.551,37.062,8335.309,2026.637,92.533,344.597,68.937,33.323,2022,Optimal,0.025775961,0.068469524,0.0471227425,0.974224039,0.8718362621262749,0.9528772575,0.9030261202360312,0.9337132013214337,4,Funding-Rich Underperformers,Funding-Rich Underperformers
33,2022,BHRB,Burke & Herbert Financial Services Corp,3562.898,47.138,273.453,2920.4,353.437,26.261,1887.221,1388.2,44.013,103.692,17.087,5.497,2022,Optimal,0.10929321,0.03040546,0.069849335,0.89070679,0.9409835037170706,0.930150665,0.9030261202360312,0.9337132013214337,2,Transformation Specialists,Transformation Specialists
34,2022,BK,Bank of New York Mellon Corp (The),405783.0,6800.0,40741.0,278970.0,44526.0,120.0,65406.0,143300.0,2573.0,3504.0,12873.0,109.0,2022,Optimal,0.13849386,0.0,0.06924693,0.86150614,1.0,0.93075307,0.9030261202360312,0.9337132013214337,2,Transformation Specialists,Transformation Specialists
35,2022,BKOR,Oak Ridge Financial Services Inc,589.281,9.988,52.643,480.985,49.752,3.0,426.295,94.726,6.662,21.654,4.07,0.739,2022,Optimal,0.13553825,0.10528555,0.1204119,0.86446175,0.8094871501758074,0.8795881,0.9030261202360312,0.9337132013214337,3,Network Laggards,Network Laggards
36,2022,BKSC,Bank of South Carolina Corp,653.346,7.547,38.812,598.67,13.434,0.815,330.982,271.172,6.655,18.897,2.065,0.631,2022,Optimal,0.0184607,0.065564941,0.0420128205,0.9815393,0.8769386294964446,0.9579871795,0.9030261202360312,0.9337132013214337,4,Funding-Rich Underperformers,Funding-Rich Underperformers
37,2022,BKU,BankUnited Inc,37026.712,265.548,2435.981,27509.334,6411.832,208.184,24885.988,10049.499,284.971,912.96,77.636,106.951,2022,Optimal,0.15459769,0.0,0.077298845,0.84540231,1.0,0.922701155,0.9030261202360312,0.9337132013214337,2,Transformation Specialists,Transformation Specialists
38,2022,BLFY,Blue Foundry Bancorp,2043.338,29.247,393.718,1288.862,337.824,11.983,1545.127,364.022,2.396,51.843,2.664,7.767,2022,Optimal,0.32189796,0.0,0.16094898,0.67810204,1.0,0.83905102,0.9030261202360312,0.9337132013214337,2,Transformation Specialists,Transformation Specialists
39,2022,BMBN,Benchmark Bankshares Inc,1124.672,16.545,85.654,1029.193,3.168,0.61,815.911,161.393,13.24,39.314,8.613,0.54,2022,Optimal,0.018441275,0.00358598,0.0110136275,0.981558725,0.9928536666086148,0.9889863725,0.9030261202360312,0.9337132013214337,1,Network Leaders,Network Leaders
40,2022,BMRC,Bank of Marin Bancorp,4147.464,41.653,412.092,3573.348,139.078,9.176,2092.546,1774.303,46.586,127.492,10.905,2.887,2022,Optimal,0.058163277,0.011032094,0.0345976855,0.941836723,0.9781765701297312,0.9654023145,0.9030261202360312,0.9337132013214337,1,Network Leaders,Network Leaders
41,2022,BNCC,BNCCORP Inc,943.321,21.194,100.346,819.584,16.66,1.69,616.645,177.939,6.5,30.958,19.128,1.419,2022,Optimal,0.070820608,0.10963465,0.090227629,0.929179392,0.8023950495778046,0.909772371,0.9030261202360312,0.9337132013214337,4,Funding-Rich Underperformers,Funding-Rich Underperformers
42,2022,BOH,Bank of Hawaii Corp,23606.877,235.27,1316.995,20615.696,1236.31,18.966,13576.929,8312.027,225.804,540.558,157.541,12.647,2022,Optimal,0.0,0.016951113,0.0084755565,1.0,0.9666628753667532,0.9915244435,0.9030261202360312,0.9337132013214337,1,Network Leaders,Network Leaders
43,2022,BOKF,BOK Financial Corp,47790.642,670.918,4687.358,34480.705,7350.542,369.266,22557.15,14603.788,520.273,1211.38,643.257,299.636,2022,Optimal,0.20347158,0.0,0.10173579,0.79652842,1.0,0.89826421,0.9030261202360312,0.9337132013214337,2,Transformation Specialists,Transformation Specialists
44,2022,BOTJ,Bank of the James Financial Group Inc,928.571,17.682,50.226,848.138,25.143,1.715,611.625,190.813,8.959,29.703,13.244,1.199,2022,Optimal,0.022435525,0.16258704,0.0925112825,0.977564475,0.7203013032039304,0.9074887175,0.9030261202360312,0.9337132013214337,4,Funding-Rich Underperformers,Funding-Rich Underperformers
45,2022,BPOP,Popular Inc,67637.917,719.764,4093.425,61227.227,1562.346,632.954,30492.03,26518.683,1102.641,2167.359,897.062,528.567,2022,Optimal,0.0,0.0,0.0,1.0,1.0,1.0,0.9030261202360312,0.9337132013214337,1,Network Leaders,Network Leaders
46,2022,BPRN,Princeton Bancorp Inc,1601.779,20.455,219.601,1347.73,26.772,1.414,1370.368,85.345,26.494,68.083,4.862,0.266,2022,Optimal,0.094727656,0.0,0.047363828,0.905272344,1.0,0.952636172,0.9030261202360312,0.9337132013214337,1,Network Leaders,Network Leaders
47,2022,BRBS,Blue Ridge Bankshares Inc,3130.465,56.006,248.793,2502.507,359.531,16.251,2411.059,424.046,17.333,104.567,48.092,18.779,2022,Optimal,0.13348911,0.082936658,0.108212884,0.86651089,0.8468300848672538,0.891787116,0.9030261202360312,0.9337132013214337,3,Network Laggards,Network Laggards
48,2022,BRKL,Brookline Bancorp Inc,9185.836,113.487,992.125,6522.146,1452.136,33.177,7644.388,728.073,109.744,299.771,28.347,15.302,2022,Optimal,0.22105646,0.0,0.11052823,0.77894354,1.0,0.88947177,0.9030261202360312,0.9337132013214337,2,Transformation Specialists,Transformation Specialists
49,2022,BSBK,Bogota Financial Corp,951.099,8.435,139.659,701.411,102.319,0.865,721.604,168.019,6.877,23.078,1.124,0.857,2022,Optimal,0.19269451,0.0,0.096347255,0.80730549,1.0,0.903652745,0.9030261202360312,0.9337132013214337,2,Transformation Specialists,Transformation Specialists
50,2022,BSRR,Sierra Bancorp,3608.59,47.053,303.582,2846.164,420.127,4.615,2052.817,1284.533,33.659,109.615,30.77,19.579,2022,Optimal,0.14326128,0.0,0.07163064,0.8567387200000001,1.0,0.92836936,0.9030261202360312,0.9337132013214337,2,Transformation Specialists,Transformation Specialists
51,2022,BUSE,First Busey Corp,12336.677,159.016,1145.977,10071.28,917.703,21.268,7725.702,3391.24,128.311,323.438,126.803,16.59,2022,Optimal,0.10192853,0.049047547,0.0754880385,0.89807147,0.9064912793700092,0.9245119615,0.9030261202360312,0.9337132013214337,3,Network Laggards,Network Laggards
52,2022,BWB,Bridgewater Bancshares Inc,4345.662,36.941,394.064,3416.543,479.151,0.722,3560.153,568.219,53.392,129.698,6.332,0.639,2022,Optimal,0.13610285,0.0,0.068051425,0.86389715,1.0,0.931948575,0.9030261202360312,0.9337132013214337,2,Transformation Specialists,Transformation Specialists
53,2022,BWFG,Bankwell Financial Group Inc,3252.449,22.237,238.469,2800.818,158.959,16.587,2668.815,126.85,37.429,94.743,3.04,16.441,2022,Optimal,0.042655937,0.10282093,0.0727384335,0.957344063,0.8135310507753964,0.9272615665,0.9030261202360312,0.9337132013214337,4,Funding-Rich Underperformers,Funding-Rich Underperformers
54,2022,BY,Byline Bancorp Inc,7362.941,118.051,765.816,5695.121,765.819,25.242,5421.258,1213.327,87.954,265.33,57.314,40.744,2022,Optimal,0.15239336,0.020074657,0.0862340085,0.84760664,0.9606408082737026,0.9137659915,0.9030261202360312,0.9337132013214337,2,Transformation Specialists,Transformation Specialists
55,2022,CAC,Camden National Corp,5671.85,62.019,451.278,4826.929,324.841,6.884,4010.353,1255.171,61.439,147.694,40.702,5.105,2022,Optimal,0.068046795,0.032650593,0.050348694,0.931953205,0.9367635224899348,0.949651306,0.9030261202360312,0.9337132013214337,1,Network Leaders,Network Leaders
56,2022,CADE,Cadence Bank,48653.414,745.023,4311.374,38956.614,4694.592,186.812,30349.277,12096.554,463.237,1351.303,493.032,116.136,2022,Optimal,0.11588467,0.016108189,0.0659964295,0.88411533,0.968294342719838,0.9340035705,0.9030261202360312,0.9337132013214337,2,Transformation Specialists,Transformation Specialists
57,2022,CARE,Carter Bankshares Inc,4204.519,52.399,328.627,3630.333,205.02,18.313,3148.913,846.013,50.118,139.928,21.718,15.038,2022,Optimal,0.058627054,0.057630206,0.05812863,0.941372946,0.8910201208833477,0.94187137,0.9030261202360312,0.9337132013214337,4,Funding-Rich Underperformers,Funding-Rich Underperformers
58,2022,CARV,Carver Bancorp Inc,723.224,13.186,45.224,600.429,64.263,11.541,597.896,58.427,-4.401,22.789,3.595,12.321,2022,Optimal,0.11658057,0.056349238,0.086464904,0.88341943,0.8933132415437025,0.913535096,0.9030261202360312,0.9337132013214337,3,Network Laggards,Network Laggards
59,2022,CASH,Pathward Financial Inc,6747.41,171.126,645.14,5866.037,68.083,61.833,3536.305,1956.237,156.386,307.324,293.807,30.92,2022,Optimal,0.047064772,0.0,0.023532386,0.952935228,1.0,0.976467614,0.9030261202360312,0.9337132013214337,1,Network Leaders,Network Leaders
60,2022,CATY,Cathay General Bancorp,21947.976,142.546,2474.04,18505.279,659.254,71.653,18247.383,1512.756,360.642,733.697,56.814,84.501,2022,Optimal,0.039448872,0.0,0.019724436,0.960551128,1.0,0.980275564,0.9030261202360312,0.9337132013214337,1,Network Leaders,Network Leaders
61,2022,CBAN,Colony Bankcorp Inc,2936.57,52.809,230.268,2490.997,205.247,5.779,1737.106,912.204,19.542,80.625,35.072,6.357,2022,Optimal,0.080598433,0.097353126,0.0889757794999999,0.919401567,0.8225673692572139,0.9110242205,0.9030261202360312,0.9337132013214337,4,Funding-Rich Underperformers,Funding-Rich Underperformers
62,2022,CBCY,Central Bancompany Inc,19445.397,254.401,2387.592,15561.196,1350.582,28.746,11223.613,6529.44,258.22,555.775,231.249,25.982,2022,Optimal,0.1180976,0.0,0.0590488,0.8819024,1.0,0.9409512,0.9030261202360312,0.9337132013214337,2,Transformation Specialists,Transformation Specialists
63,2022,CBFV,CB Financial Services Inc,1408.938,18.469,110.155,1268.503,24.786,7.302,1049.873,190.058,11.247,42.935,9.82,5.799,2022,Optimal,0.031909007,0.11934432,0.0756266635,0.968090993,0.7867603062478578,0.9243733365,0.9030261202360312,0.9337132013214337,4,Funding-Rich Underperformers,Funding-Rich Underperformers
64,2022,CBKM,Consumers Bancorp Inc,977.313,13.26,53.97,886.562,30.728,1.771,611.843,307.146,11.192,32.746,4.735,0.44,2022,Optimal,0.028344474,0.068549015,0.0484467445,0.971655526,0.871697013356004,0.9515532555,0.9030261202360312,0.9337132013214337,4,Funding-Rich Underperformers,Funding-Rich Underperformers
65,2022,CBNK,Capital Bancorp Inc,2123.655,42.898,224.015,1758.072,121.421,11.512,1730.755,259.843,41.804,140.607,29.372,9.756,2022,Optimal,0.10813766,0.0,0.05406883,0.89186234,1.0,0.94593117,0.9030261202360312,0.9337132013214337,2,Transformation Specialists,Transformation Specialists
66,2022,CBSH,Commerce Bancshares Inc,31875.931,554.047,2481.577,26187.44,2876.637,9.272,16303.131,12475.654,488.399,942.185,567.041,8.402,2022,Optimal,0.093439507,0.0,0.0467197535,0.906560493,1.0,0.9532802465,0.9030261202360312,0.9337132013214337,1,Network Leaders,Network Leaders
67,2022,CBU,Community Financial System Inc,15835.651,257.339,1551.705,13012.308,1168.866,46.191,8809.394,5314.888,188.081,420.63,258.725,33.867,2022,Optimal,0.095025679,0.027325476,0.0611755775,0.904974321,0.9468026898225194,0.9388244225,0.9030261202360312,0.9337132013214337,1,Network Leaders,Network Leaders
68,2022,CCB,Coastal Financial Corp,3144.467,52.228,243.494,2817.521,52.821,1.727,2627.256,108.908,40.625,171.775,124.684,33.175,2022,Optimal,0.02685353,0.0,0.013426765,0.97314647,1.0,0.986573235,0.9030261202360312,0.9337132013214337,1,Network Leaders,Network Leaders
69,2022,CCBG,Capital City Bank Group,4519.223,91.519,387.281,3939.317,132.859,4.339,2547.685,1074.048,33.412,125.022,75.181,2.728,2022,Optimal,0.048589264,0.10209806,0.075343662,0.951410736,0.814720552180266,0.924656338,0.9030261202360312,0.9337132013214337,4,Funding-Rich Underperformers,Funding-Rich Underperformers
70,2022,CCFN,Muncy Columbia Financial Corp,944.014,10.406,85.942,682.325,172.063,2.87,527.729,345.351,9.514,22.327,6.071,2.654,2022,Optimal,0.22568673,0.020918581,0.1233026555,0.7743132699999999,0.9590200797804852,0.8766973445,0.9030261202360312,0.9337132013214337,2,Transformation Specialists,Transformation Specialists
71,2022,CCNE,CNB Financial Corp/PA,5475.179,71.46,530.762,4622.437,271.089,20.295,4275.178,816.504,63.188,189.659,34.766,23.546,2022,Optimal,0.076760067,0.040125524,0.0584427955,0.923239933,0.922844843099918,0.9415572045,0.9030261202360312,0.9337132013214337,4,Funding-Rich Underperformers,Funding-Rich Underperformers
72,2022,CEFC,Commercial National Financial Corp,613.754,7.917,39.313,538.732,32.403,4.416,411.294,101.705,8.081,20.417,2.208,0.688,2022,Optimal,0.066171934,0.15907006,0.112620997,0.933828066,0.7255212338070401,0.8873790029999999,0.9030261202360312,0.9337132013214337,4,Funding-Rich Underperformers,Funding-Rich Underperformers
73,2022,CFBK,CF Bankshares Inc,1820.174,15.125,139.248,1527.922,125.821,0.997,1588.317,23.384,18.164,48.79,3.21,0.761,2022,Optimal,0.094825585,0.01029239,0.0525589875,0.905174415,0.9796249281853938,0.9474410125,0.9030261202360312,0.9337132013214337,1,Network Leaders,Network Leaders
74,2022,CFFI,C&F Financial Corp,2332.317,47.867,196.233,2003.86,101.19,3.949,1635.718,513.711,29.159,93.464,28.482,1.541,2022,Optimal,0.072768016,0.034930945,0.0538494805,0.927231984,0.9324960855238512,0.9461505195,0.9030261202360312,0.9337132013214337,4,Funding-Rich Underperformers,Funding-Rich Underperformers
75,2022,CFFN,Capitol Federal Financial Inc,9624.897,56.6,1096.499,6194.866,2143.967,13.606,7480.579,1663.931,84.453,192.594,22.83,9.771,2022,Optimal,0.2681575,0.0,0.13407875,0.7318425,1.0,0.86592125,0.9030261202360312,0.9337132013214337,2,Transformation Specialists,Transformation Specialists
76,2022,CFG,Citizens Financial Group Inc,226733.0,2439.0,23690.0,180724.0,16956.0,724.0,156662.0,35052.0,2073.0,6012.0,2009.0,960.0,2022,Optimal,0.0,0.0,0.0,1.0,1.0,1.0,0.9030261202360312,0.9337132013214337,1,Network Leaders,Network Leaders
77,2022,CFR,Cullen/Frost Bankers Inc,52892.376,580.704,3137.228,43954.196,5256.64,57.177,17154.969,20882.688,579.15,1291.283,404.818,38.797,2022,Optimal,0.082275622,0.0,0.041137811,0.917724378,1.0,0.958862189,0.9030261202360312,0.9337132013214337,1,Network Leaders,Network Leaders
78,2022,CHBH,Croghan Bancshares Inc,1125.763,16.513,109.07,908.898,100.746,0.499,699.459,336.291,14.014,37.668,7.006,0.583,2022,Optimal,0.13522438,0.026674236,0.080949308,0.86477562,0.9480375857021116,0.919050692,0.9030261202360312,0.9337132013214337,2,Transformation Specialists,Transformation Specialists
79,2022,CHCO,City Holding Co,5878.106,66.536,577.852,4869.866,290.964,7.58,3646.258,1529.327,102.071,180.033,72.077,6.301,2022,Optimal,0.093228196,0.03754652,0.065387358,0.906771804,0.92762441148181,0.934612642,0.9030261202360312,0.9337132013214337,4,Funding-Rich Underperformers,Funding-Rich Underperformers
80,2022,CHMG,Chemung Financial Corp,2645.553,32.722,166.388,2327.227,105.757,8.227,1829.448,646.04,28.783,74.179,21.436,8.373,2022,Optimal,0.04696001,0.077271112,0.062115561,0.95303999,0.8565428681057957,0.937884439,0.9030261202360312,0.9337132013214337,4,Funding-Rich Underperformers,Funding-Rich Underperformers
81,2022,CIVB,Civista Bancshares Inc,3537.83,50.851,334.835,2619.984,541.736,5.37,2546.666,651.177,39.427,110.204,29.076,10.905,2022,Optimal,0.19663936,0.049411742,0.123025551,0.80336064,0.905829637648556,0.876974449,0.9030261202360312,0.9337132013214337,3,Network Laggards,Network Laggards
82,2022,CIZN,Citizens Holding Co,1324.003,17.649,39.025,1126.402,145.89,6.668,585.591,609.698,9.62,34.909,10.885,6.46,2022,Optimal,0.0,0.11457586,0.05728793,1.0,0.7944045549308775,0.94271207,0.9030261202360312,0.9337132013214337,4,Funding-Rich Underperformers,Funding-Rich Underperformers
83,2022,CLBK,Columbia Financial Inc,10408.169,116.926,1053.595,8001.159,1145.662,3.939,7677.564,1811.655,86.173,266.777,30.4,6.721,2022,Optimal,0.15542646,0.0,0.07771323,0.8445735400000001,1.0,0.92228677,0.9030261202360312,0.9337132013214337,2,Transformation Specialists,Transformation Specialists
84,2022,CLST,Catalyst Bancorp Inc,263.324,4.822,88.474,165.094,9.198,1.231,133.607,94.885,0.18,7.331,1.173,2.005,2022,Optimal,0.30671205,0.0,0.153356025,0.69328795,1.0,0.846643975,0.9030261202360312,0.9337132013214337,2,Transformation Specialists,Transformation Specialists
85,2022,CMA,Comerica Incorporated,85406.0,1208.0,5181.0,71397.0,6641.0,269.0,52642.0,19240.0,1151.0,2466.0,1068.0,244.0,2022,Optimal,0.052779203,0.054700863,0.053740033,0.947220797,0.8962722703299807,0.946259967,0.9030261202360312,0.9337132013214337,4,Funding-Rich Underperformers,Funding-Rich Underperformers
86,2022,CMTV,Community Bancorp/VT,1056.032,11.09,75.176,922.972,51.568,5.941,749.042,194.33,13.74,33.085,6.643,7.89,2022,Optimal,0.062576135,0.13835135,0.1004637425,0.937423865,0.7569268047163119,0.8995362575,0.9030261202360312,0.9337132013214337,4,Funding-Rich Underperformers,Funding-Rich Underperformers
87,2022,CNND,Canandaigua National Corp,4747.541,74.68,312.559,3762.068,606.781,23.019,3477.511,1100.384,47.854,144.109,50.734,10.566,2022,Optimal,0.13562233,0.036747142,0.086184736,0.86437767,0.9291106953444584,0.913815264,0.9030261202360312,0.9337132013214337,3,Network Laggards,Network Laggards
88,2022,CNOB,ConnectOne Bancorp Inc,9644.948,81.289,1178.751,7356.622,1022.274,61.7,8099.689,697.299,125.211,302.119,13.243,44.718,2022,Optimal,0.15432564,0.0024830787,0.07840435935,0.8456743600000001,0.9950461434157672,0.92159564065,0.9030261202360312,0.9337132013214337,2,Transformation Specialists,Transformation Specialists
89,2022,COFS,ChoiceOne Financial Services Inc,2385.915,30.391,168.874,2118.003,85.262,5.737,1189.782,972.802,23.64,67.314,14.072,2.667,2022,Optimal,0.039898329,0.0781689,0.0590336145,0.960101671,0.8549969304438293,0.9409663855,0.9030261202360312,0.9337132013214337,4,Funding-Rich Underperformers,Funding-Rich Underperformers
90,2022,COLB,Columbia Banking System Inc,31848.639,441.226,2479.826,27065.612,1718.09,53.069,26155.981,3318.745,336.752,1070.016,199.528,58.843,2022,Optimal,0.062177243,0.0,0.0310886215,0.937822757,1.0,0.9689113785,0.9030261202360312,0.9337132013214337,1,Network Leaders,Network Leaders
91,2022,CPF,Central Pacific Financial Corp.,7432.763,88.781,452.871,6736.223,146.748,5.881,5555.466,1345.823,73.928,215.563,47.919,5.251,2022,Optimal,0.0054931156,0.0,0.0027465578,0.9945068844,1.0,0.9972534422,0.9030261202360312,0.9337132013214337,1,Network Leaders,Network Leaders
92,2022,CPKF,Chesapeake Financial Shares Inc,1328.997,25.627,79.067,1166.24,71.987,6.737,740.82,449.671,17.629,44.085,22.192,5.519,2022,Optimal,0.057670371,0.11045108,0.0840607254999999,0.942329629,0.8010698859422064,0.9159392745,0.9030261202360312,0.9337132013214337,4,Funding-Rich Underperformers,Funding-Rich Underperformers
93,2022,CSBB,CSB Bancorp Inc/OH,1159.108,13.446,95.92,1023.417,35.318,1.088,627.171,401.144,13.313,32.323,6.711,0.256,2022,Optimal,0.05217586,0.082862861,0.0675193605,0.94782414,0.8469559461602036,0.9324806395,0.9030261202360312,0.9337132013214337,4,Funding-Rich Underperformers,Funding-Rich Underperformers
94,2022,CSHX,Cashmere Valley Bank,2087.762,24.558,158.39,1900.019,17.166,0.404,1005.741,819.155,26.0,61.862,11.666,1.58,2022,Optimal,0.016827931,0.049502557,0.033165244,0.983172069,0.905664723406672,0.966834756,0.9030261202360312,0.9337132013214337,4,Funding-Rich Underperformers,Funding-Rich Underperformers
95,2022,CTBI,Community Trust Bancorp Inc,5380.316,72.49,628.047,4426.143,291.755,20.111,3709.29,1269.955,81.814,169.102,57.916,18.98,2022,Optimal,0.10081887,0.02471023,0.06276455,0.89918113,0.9517712826971584,0.93723545,0.9030261202360312,0.9337132013214337,2,Transformation Specialists,Transformation Specialists
96,2022,CUBI,Customers Bancorp Inc,20896.112,112.365,1402.961,18156.953,1124.578,49.76,15466.359,3901.955,228.034,623.72,32.272,30.783,2022,Optimal,0.0,0.043442157,0.0217210785,1.0,0.9167329847494364,0.9782789215,0.9030261202360312,0.9337132013214337,4,Funding-Rich Underperformers,Funding-Rich Underperformers
97,2022,CVBF,CVB Financial Corp,16476.54,131.596,1948.517,12836.245,1584.889,6.893,8998.266,5837.139,235.425,505.513,49.989,4.93,2022,Optimal,0.12812848,0.0,0.06406424,0.87187152,1.0,0.93593576,0.9030261202360312,0.9337132013214337,2,Transformation Specialists,Transformation Specialists
98,2022,CYFL,Century Financial Corp,454.393,6.958,43.09,403.644,5.628,1.204,201.592,167.497,5.86,13.63,5.631,0.695,2022,Optimal,0.060971517,0.072108452,0.0665399845,0.939028483,0.8654829147825802,0.9334600155,0.9030261202360312,0.9337132013214337,4,Funding-Rich Underperformers,Funding-Rich Underperformers
99,2022,CZBC,Citizens Bancorp/OR,1055.153,16.032,58.658,955.728,29.531,2.226,378.687,464.92,9.102,29.479,3.037,0.193,2022,Optimal,0.029242745,0.18245783,0.1058502875,0.970757255,0.6913922418696319,0.8941497125,0.9030261202360312,0.9337132013214337,4,Funding-Rich Underperformers,Funding-Rich Underperformers
100,2022,CZBS,Citizens Bancshares Corp,807.136,9.084,172.167,620.208,4.878,1.904,340.855,178.621,9.437,23.722,6.548,1.369,2022,Optimal,0.17592353,0.19984742,0.187885475,0.8240764700000001,0.666878610281964,0.812114525,0.9030261202360312,0.9337132013214337,3,Network Laggards,Network Laggards
101,2022,CZFS,Citizens Financial Services Inc,2333.393,27.837,200.147,1844.208,262.294,8.842,1724.999,441.714,29.06,72.134,9.738,7.488,2022,Optimal,0.14673095,0.075249339,0.1109901445,0.85326905,0.8600336940081579,0.8890098555,0.9030261202360312,0.9337132013214337,3,Network Laggards,Network Laggards
102,2022,CZNC,Citizens & Northern Corp,2454.307,41.833,249.325,1997.593,185.914,21.902,1740.04,498.033,26.618,83.128,24.432,25.597,2022,Optimal,0.12167193,0.017274039,0.0694729845,0.87832807,0.9660385730142476,0.9305270155,0.9030261202360312,0.9337132013214337,2,Transformation Specialists,Transformation Specialists
103,2022,CZWI,Citizens Community Bancorp Inc,1816.386,22.128,167.088,1424.72,216.884,13.233,1411.784,279.998,17.761,56.369,10.43,12.721,2022,Optimal,0.15557067,0.072584275,0.1140774725,0.84442933,0.864655343749096,0.8859225275,0.9030261202360312,0.9337132013214337,3,Network Laggards,Network Laggards
104,2022,DCOM,Dime Community Bancshares Inc,13189.921,120.108,1169.583,10254.407,1392.983,40.307,10566.831,1625.13,152.556,379.863,38.156,34.237,2022,Optimal,0.13890938,0.030513635,0.0847115075,0.86109062,0.9407797549423011,0.9152884925,0.9030261202360312,0.9337132013214337,2,Transformation Specialists,Transformation Specialists
105,2022,DIMC,Dimeco Inc,969.567,14.861,88.013,787.574,82.093,13.823,679.072,218.823,12.341,34.809,4.956,4.794,2022,Optimal,0.13172746,0.0195824,0.07565493,0.86827254,0.9615874106889252,0.92434507,0.9030261202360312,0.9337132013214337,2,Transformation Specialists,Transformation Specialists
106,2022,EBC,Eastern Bankshares Inc,22646.858,298.186,2471.79,18974.359,787.607,34.983,13562.528,7208.788,199.759,568.054,176.161,38.604,2022,Optimal,0.076137588,0.0,0.038068794,0.923862412,1.0,0.961931206,0.9030261202360312,0.9337132013214337,1,Network Leaders,Network Leaders
107,2022,EBMT,Eagle Bancorp Montana Inc,1948.384,44.521,158.416,1635.272,130.222,7.063,1353.678,358.715,10.701,63.312,30.499,7.778,2022,Optimal,0.09624071,0.12213476,0.109187735,0.90375929,0.7823171256186735,0.890812265,0.9030261202360312,0.9337132013214337,4,Funding-Rich Underperformers,Funding-Rich Underperformers
108,2022,ECBK,ECB Bancorp Inc,1064.462,9.928,162.73,718.149,174.0,0.982,892.874,89.885,2.72,23.634,1.401,0.656,2022,Optimal,0.26852454,0.0,0.13426227,0.73147546,1.0,0.86573773,0.9030261202360312,0.9337132013214337,2,Transformation Specialists,Transformation Specialists
109,2022,EFSC,Enterprise Financial Services Corp,13054.172,147.029,1522.263,10829.15,597.59,31.517,9737.138,2309.512,203.043,473.903,59.162,10.25,2022,Optimal,0.0871019,0.0,0.04355095,0.9128981,1.0,0.95644905,0.9030261202360312,0.9337132013214337,1,Network Leaders,Network Leaders
110,2022,EFSI,Eagle Financial Services Inc,1616.717,25.73,101.729,1264.075,242.335,2.766,1323.307,158.389,14.521,49.213,13.345,2.27,2022,Optimal,0.15976366,0.097001901,0.1283827805,0.84023634,0.823150897165127,0.8716172195,0.9030261202360312,0.9337132013214337,3,Network Laggards,Network Laggards
111,2022,EGBN,Eagle Bancorp Inc,11150.854,84.053,1228.321,8713.182,1109.162,30.843,7635.632,2757.107,140.93,332.867,23.654,8.43,2022,Optimal,0.12765719,0.0,0.063828595,0.87234281,1.0,0.936171405,0.9030261202360312,0.9337132013214337,2,Transformation Specialists,Transformation Specialists
112,2022,EMYB,Embassy Bancorp Inc,1640.227,13.403,88.276,1521.107,20.724,2.579,1208.613,317.987,17.702,46.282,2.343,2.374,2022,Optimal,0.0,0.060253891,0.0301269455,1.0,0.8863406368767573,0.9698730545,0.9030261202360312,0.9337132013214337,4,Funding-Rich Underperformers,Funding-Rich Underperformers
113,2022,ENBP,ENB Financial Corp,1858.716,27.324,97.335,1638.958,116.58,2.881,1191.117,544.93,14.631,50.583,13.564,4.347,2022,Optimal,0.04932128,0.098047042,0.073684161,0.95067872,0.8214155892239087,0.926315839,0.9030261202360312,0.9337132013214337,4,Funding-Rich Underperformers,Funding-Rich Underperformers
114,2022,EQBK,Equity Bancshares Inc,4981.651,62.006,410.058,4241.807,287.028,65.998,3311.548,1208.033,57.688,162.83,35.957,18.248,2022,Optimal,0.069771393,0.0,0.0348856965,0.930228607,1.0,0.9651143035,0.9030261202360312,0.9337132013214337,1,Network Leaders,Network Leaders
115,2022,EQFN,Equitable Financial Corp,454.828,7.804,42.41,396.158,11.353,1.284,395.539,33.97,4.591,15.059,6.057,0.554,2022,Optimal,0.082196285,0.018092649,0.050144467,0.917803715,0.964457755356998,0.949855533,0.9030261202360312,0.9337132013214337,1,Network Leaders,Network Leaders
116,2022,ESQ,Esquire Financial Holdings Inc,1395.639,25.774,158.158,1228.236,2.81,0.006,947.295,190.456,28.518,59.346,24.925,0.004,2022,Optimal,0.054505995,0.0,0.0272529975,0.945494005,1.0,0.9727470025,0.9030261202360312,0.9337132013214337,1,Network Leaders,Network Leaders
117,2022,EWBC,East West Bancorp Inc,64112.15,477.635,5984.612,55967.849,564.331,103.482,48202.43,9036.861,1128.083,2045.881,298.666,99.796,2022,Optimal,0.0,0.0,0.0,1.0,1.0,1.0,0.9030261202360312,0.9337132013214337,1,Network Leaders,Network Leaders
118,2022,EXSR,Exchange Bank of Santa Rosa California,3334.397,40.279,202.024,3066.281,28.21,5.899,1509.908,1590.648,37.48,99.135,24.368,5.966,2022,Optimal,0.0,0.0078148268,0.0039074134,1.0,0.9844915423107764,0.9960925866,0.9030261202360312,0.9337132013214337,1,Network Leaders,Network Leaders
119,2022,FBAK,First National Bank Alaska,5337.737,60.741,407.55,4224.857,674.697,17.629,2227.047,2815.357,58.235,145.37,24.608,5.697,2022,Optimal,0.13495579,0.0,0.067477895,0.86504421,1.0,0.932522105,0.9030261202360312,0.9337132013214337,2,Transformation Specialists,Transformation Specialists
120,2022,FBIZ,First Business Financial Services Inc,2976.611,57.742,260.64,2168.206,466.983,6.522,2443.066,242.471,40.858,98.422,29.428,3.754,2022,Optimal,0.2125728,0.034012511,0.1232926555,0.7874272,0.9342125735652728,0.8767073445,0.9030261202360312,0.9337132013214337,2,Transformation Specialists,Transformation Specialists
121,2022,FBK,FB Financial Corp,12847.756,211.491,1325.518,10855.834,485.431,62.983,9298.212,1532.817,124.555,412.235,114.667,87.491,2022,Optimal,0.070138707,0.07936186,0.0747502835,0.929861293,0.8529467031566225,0.9252497165,0.9030261202360312,0.9337132013214337,4,Funding-Rich Underperformers,Funding-Rich Underperformers
122,2022,FBNC,First Bancorp/NC,10625.049,117.718,1031.596,9227.529,306.898,52.637,6665.145,2895.793,146.936,324.854,67.985,38.293,2022,Optimal,0.045053325,0.05347907,0.0492661975,0.954946675,0.8984715092631124,0.9507338025,0.9030261202360312,0.9337132013214337,4,Funding-Rich Underperformers,Funding-Rich Underperformers
123,2022,FBP,First BanCorp (Puerto Rico),18634.484,206.038,1325.54,16143.467,1015.849,158.102,11552.825,6084.06,305.072,795.293,123.092,129.158,2022,Optimal,0.045172982,0.0,0.022586491,0.954827018,1.0,0.977413509,0.9030261202360312,0.9337132013214337,1,Network Leaders,Network Leaders
124,2022,FBPI,First Bancorp of Indiana Inc,518.48,7.872,32.588,389.675,90.769,1.273,350.569,116.889,2.436,13.691,3.954,0.468,2022,Optimal,0.20335884,0.10123681,0.152297825,0.79664116,0.8161398001216469,0.847702175,0.9030261202360312,0.9337132013214337,3,Network Laggards,Network Laggards
125,2022,FBSI,First Bancshares Inc,471.715,6.676,47.586,420.692,2.514,0.618,411.767,13.105,5.283,17.738,1.717,0.614,2022,Optimal,0.050701028,0.0,0.025350514,0.949298972,1.0,0.974649486,0.9030261202360312,0.9337132013214337,1,Network Leaders,Network Leaders
126,2022,FBTT,First Bankers Trustshares Inc,1118.117,14.578,56.592,913.551,140.788,8.634,551.269,483.311,8.823,27.649,7.04,7.634,2022,Optimal,0.12439807,0.048241603,0.0863198365,0.87560193,0.9079570914530856,0.9136801635,0.9030261202360312,0.9337132013214337,3,Network Laggards,Network Laggards
127,2022,FCBC,First Community Bancshares Inc,3135.572,47.183,421.985,2678.815,2.544,23.237,2400.197,300.349,46.662,112.663,37.182,17.399,2022,Optimal,0.072883331,0.0,0.0364416655,0.927116669,1.0,0.9635583345,0.9030261202360312,0.9337132013214337,1,Network Leaders,Network Leaders
128,2022,FCCO,First Community Corp,1672.946,25.357,118.361,1385.382,158.539,1.415,980.857,564.754,14.613,47.943,11.569,5.831,2022,Optimal,0.10938939,0.035632202,0.072510796,0.89061061,0.9311875356305308,0.927489204,0.9030261202360312,0.9337132013214337,3,Network Laggards,Network Laggards
129,2022,FCF,First Commonwealth Financial Corp.,9805.666,126.031,1052.074,8005.469,599.067,55.822,7642.143,1250.237,128.181,312.221,98.708,36.021,2022,Optimal,0.1030462,0.026920002,0.064983101,0.8969538,0.9475713746979876,0.935016899,0.9030261202360312,0.9337132013214337,2,Transformation Specialists,Transformation Specialists
130,2022,FCNCA,First Citizens BancShares Inc,109298.0,1396.0,9662.0,89408.0,6997.0,159.634,70781.0,19624.0,1098.0,2946.0,2136.0,674.0,2022,Optimal,0.056799361,0.0,0.0283996805,0.943200639,1.0,0.9716003195,0.9030261202360312,0.9337132013214337,1,Network Leaders,Network Leaders
131,2022,FDBC,Fidelity D & D Bancorp Inc,2378.372,26.977,162.95,2166.913,31.026,6.434,1564.174,648.874,30.021,72.274,16.642,4.069,2022,Optimal,0.013253627,0.033633486,0.0234435564999999,0.986746373,0.9349218335985682,0.9765564435,0.9030261202360312,0.9337132013214337,1,Network Leaders,Network Leaders
132,2022,FDVA,Freedom Financial Holdings Inc,990.632,15.16,74.946,848.995,52.364,8.891,700.003,202.543,10.564,31.588,5.687,8.639,2022,Optimal,0.082980302,0.10873216,0.095856231,0.917019698,0.8038621699220847,0.904143769,0.9030261202360312,0.9337132013214337,4,Funding-Rich Underperformers,Funding-Rich Underperformers
133,2022,FFBB,FFB Bancorp,1294.464,15.341,92.358,1081.227,105.853,2.93,842.553,349.397,26.521,48.086,13.339,6.373,2022,Optimal,0.1028914,0.050265705,0.0765785525,0.8971086,0.9042800221682952,0.9234214475,0.9030261202360312,0.9337132013214337,3,Network Laggards,Network Laggards
134,2022,FFBC,First Financial Bancorp.,17003.316,269.368,2041.373,12701.177,1698.305,60.106,10298.971,3636.829,217.612,519.143,189.641,39.774,2022,Optimal,0.17740358,0.067488862,0.122446221,0.82259642,0.8735558479297744,0.877553779,0.9030261202360312,0.9337132013214337,3,Network Laggards,Network Laggards
135,2022,FFDF,FFD Financial Corp,652.853,6.756,52.553,578.932,15.069,0.429,509.447,40.889,9.127,19.934,2.923,0.339,2022,Optimal,0.039976063,0.051993486,0.0459847745,0.960023937,0.9011524563755712,0.9540152255,0.9030261202360312,0.9337132013214337,4,Funding-Rich Underperformers,Funding-Rich Underperformers
136,2022,FFIC,Flushing Financial Corp,8422.946,84.374,677.157,6485.342,1099.098,14.933,6934.769,854.91,76.945,243.616,10.009,53.363,2022,Optimal,0.15339107,0.0,0.076695535,0.84660893,1.0,0.923304465,0.9030261202360312,0.9337132013214337,2,Transformation Specialists,Transformation Specialists
137,2022,FFIN,First Financial Bankshares Inc,12974.066,134.133,1265.737,11005.507,642.507,34.158,6441.868,5474.359,234.475,401.414,131.665,24.325,2022,Optimal,0.065423143,0.0034298455,0.03442649425,0.934576857,0.9931637562598292,0.96557350575,0.9030261202360312,0.9337132013214337,1,Network Leaders,Network Leaders
138,2022,FFMH,First Farmers and Merchants Corp,1942.289,23.115,96.665,1798.628,28.371,1.214,966.167,828.183,18.05,47.984,14.147,0.705,2022,Optimal,0.0,0.041580613,0.0207903065,1.0,0.920158627222836,0.9792096935,0.9030261202360312,0.9337132013214337,4,Funding-Rich Underperformers,Funding-Rich Underperformers
139,2022,FFWM,First Foundation Inc,13014.179,110.222,1134.378,10362.612,1402.352,14.54,10726.193,1114.06,110.512,318.69,48.234,16.541,2022,Optimal,0.11543026,0.0,0.05771513,0.88456974,1.0,0.94228487,0.9030261202360312,0.9337132013214337,2,Transformation Specialists,Transformation Specialists
140,2022,FGBI,First Guaranty Bancshares Inc,3151.347,36.699,234.991,2723.792,183.369,20.032,2519.077,458.054,28.884,100.042,11.009,14.821,2022,Optimal,0.061104941,0.069775041,0.065439991,0.938895059,0.8695519369478354,0.934560009,0.9030261202360312,0.9337132013214337,4,Funding-Rich Underperformers,Funding-Rich Underperformers
141,2022,FGFH,Foresight Financial Group Inc,1477.46,22.627,127.231,1294.707,43.664,7.585,968.967,399.353,13.626,45.673,8.409,6.822,2022,Optimal,0.058089499,0.078889634,0.0684895665,0.941910501,0.8537577310711282,0.9315104335,0.9030261202360312,0.9337132013214337,4,Funding-Rich Underperformers,Funding-Rich Underperformers
142,2022,FHB,First Hawaiian Inc,24577.223,199.129,2269.005,21689.029,75.0,7.257,14092.012,7481.872,265.685,613.549,179.525,11.996,2022,Optimal,0.0078818385,0.0,0.00394091925,0.9921181615,1.0,0.99605908075,0.9030261202360312,0.9337132013214337,1,Network Leaders,Network Leaders
143,2022,FHN,First Horizon Corp,78953.0,1101.0,8547.0,63489.0,4474.0,285.0,58102.0,10207.0,900.0,2392.0,815.0,327.0,2022,Optimal,0.10773388,0.0,0.05386694,0.8922661199999999,1.0,0.94613306,0.9030261202360312,0.9337132013214337,2,Transformation Specialists,Transformation Specialists
144,2022,FIBK,First Interstate BancSystem Inc,32287.8,359.6,3073.8,25073.6,3663.8,29.7,18099.2,10596.5,202.2,942.6,163.2,78.3,2022,Optimal,0.14314437,0.0,0.071572185,0.85685563,1.0,0.928427815,0.9030261202360312,0.9337132013214337,2,Transformation Specialists,Transformation Specialists
145,2022,FINW,Finwise Bancorp,400.78,24.489,140.459,242.998,7.334,0.763,236.202,14.741,25.115,50.895,37.411,0.1,2022,Optimal,0.34910322,0.0,0.17455161,0.6508967800000001,1.0,0.82544839,0.9030261202360312,0.9337132013214337,2,Transformation Specialists,Transformation Specialists
146,2022,FISI,Financial Institutions Inc,5797.272,69.633,405.605,4929.424,312.451,12.166,4050.449,1143.346,56.573,167.372,46.271,10.217,2022,Optimal,0.069508412,0.080334429,0.0749214205,0.930491588,0.8512785914369854,0.9250785795,0.9030261202360312,0.9337132013214337,4,Funding-Rich Underperformers,Funding-Rich Underperformers
147,2022,FITB,Fifth Third Bancorp,207452.0,2554.0,17327.0,163690.0,19331.0,542.0,118776.0,51825.0,2446.0,5609.0,2766.0,539.0,2022,Optimal,0.029081782,0.00036709035,0.014724436175,0.970918218,0.9992660887117516,0.985275563825,0.9030261202360312,0.9337132013214337,1,Network Leaders,Network Leaders
148,2022,FIZN,First Citizens Bancshares Inc,2404.31,29.62,155.41,2075.5,157.436,2.773,1335.313,752.329,27.064,68.051,18.294,4.212,2022,Optimal,0.066386554,0.14663396,0.106510257,0.933613446,0.7442357977954883,0.893489743,0.9030261202360312,0.9337132013214337,4,Funding-Rich Underperformers,Funding-Rich Underperformers
149,2022,FKYS,First Keystone Corp,1329.194,14.554,120.386,993.499,205.453,7.066,858.398,382.279,14.024,37.5,5.331,5.359,2022,Optimal,0.19773672,0.061197673,0.1294671965,0.80226328,0.8846630094334933,0.8705328035,0.9030261202360312,0.9337132013214337,3,Network Laggards,Network Laggards
150,2022,FLG,Flagstar Financial Inc,90144.0,354.0,8824.0,58721.0,21454.0,41.0,69001.0,10341.0,650.0,1396.0,247.0,153.0,2022,Optimal,0.15367651,0.0,0.076838255,0.8463234900000001,1.0,0.923161745,0.9030261202360312,0.9337132013214337,2,Transformation Specialists,Transformation Specialists
151,2022,FMAO,Farmers & Merchants Bancorp Inc,3015.351,29.603,298.14,2468.864,226.277,8.235,2356.387,400.588,32.515,86.787,15.537,4.689,2022,Optimal,0.10954055,0.057370629,0.0834555895,0.89045945,0.8914843529288158,0.9165444105,0.9030261202360312,0.9337132013214337,3,Network Laggards,Network Laggards
152,2022,FMBH,First Mid Bancshares Inc,6744.215,98.594,633.155,5257.001,816.437,27.055,4825.874,1222.25,72.952,184.277,74.682,23.539,2022,Optimal,0.14645569,0.076275217,0.1113654535,0.85354431,0.858260757480584,0.8886345465,0.9030261202360312,0.9337132013214337,3,Network Laggards,Network Laggards
153,2022,FMBM,F & M Bank Corp,1245.902,20.032,70.792,1083.377,77.776,5.508,743.604,403.537,8.318,34.939,9.634,2.262,2022,Optimal,0.066929399,0.10058732,0.0837583594999999,0.933070601,0.8172115593699553,0.9162416405,0.9030261202360312,0.9337132013214337,4,Funding-Rich Underperformers,Funding-Rich Underperformers
154,2022,FMCB,Farmers & Merchants Bancorp,5327.399,64.25,485.308,4759.269,13.81,1.389,3512.361,1013.366,75.09,193.573,6.178,1.444,2022,Optimal,0.022752532,0.0,0.011376266,0.977247468,1.0,0.988623734,0.9030261202360312,0.9337132013214337,1,Network Leaders,Network Leaders
155,2022,FMNB,Farmers National Banc Corp/OH,4082.2,45.013,292.295,3561.768,191.973,16.195,2404.75,1301.469,60.597,124.166,44.202,14.876,2022,Optimal,0.047727506,0.081079941,0.0644037235,0.952272494,0.8500019509658073,0.9355962765,0.9030261202360312,0.9337132013214337,4,Funding-Rich Underperformers,Funding-Rich Underperformers
156,2022,FNB,F.N.B. Corp,43725.0,426.237,5653.0,34770.0,2633.3,96.0,30255.0,7630.0,439.109,1119.78,323.553,119.0,2022,Optimal,0.11646188,0.021366443,0.0689141615,0.88353812,0.9581610632570978,0.9310858385,0.9030261202360312,0.9337132013214337,2,Transformation Specialists,Transformation Specialists
157,2022,FNFI,First Niles Financial Inc,133.89,4.913,13.144,83.492,35.092,0.418,91.644,19.486,0.252,3.011,4.082,0.15,2022,Optimal,0.24912115,0.0,0.124560575,0.75087885,1.0,0.8754394249999999,0.9030261202360312,0.9337132013214337,2,Transformation Specialists,Transformation Specialists
158,2022,FNLC,First Bancorp Inc/ME (The),2739.178,23.316,228.923,2378.877,104.22,6.721,1914.674,682.288,38.99,76.166,16.874,1.755,2022,Optimal,0.052491023,0.020552721,0.036521872,0.947508977,0.9597223728336912,0.963478128,0.9030261202360312,0.9337132013214337,1,Network Leaders,Network Leaders
159,2022,FNRN,First Northern Community Bancorp,1871.361,24.204,125.04,1726.874,5.422,10.197,984.93,627.532,15.884,54.696,6.933,8.579,2022,Optimal,0.0054233204,0.065850359,0.0356368397,0.9945766796,0.8764360147858242,0.9643631603,0.9030261202360312,0.9337132013214337,4,Funding-Rich Underperformers,Funding-Rich Underperformers
160,2022,FNWB,First Northwest Bancorp,2042.07,35.94,158.282,1564.255,292.271,1.4,1547.551,338.25,15.645,69.863,10.327,1.79,2022,Optimal,0.17540796,0.037021602,0.106214781,0.82459204,0.9286001334425432,0.893785219,0.9030261202360312,0.9337132013214337,3,Network Laggards,Network Laggards
161,2022,FNWD,Finward Bancorp,2070.339,28.99,136.393,1775.017,135.503,8.253,1513.631,377.443,15.08,67.149,11.509,11.182,2022,Optimal,0.076066934,0.10115456,0.088610747,0.923933066,0.8162754554637635,0.911389253,0.9030261202360312,0.9337132013214337,4,Funding-Rich Underperformers,Funding-Rich Underperformers
162,2022,FOTB,First Ottawa Bancshares Inc,1354.688,21.45,71.501,1082.765,194.131,7.965,1104.798,113.045,12.243,44.13,6.824,6.003,2022,Optimal,0.1423479,0.14515098,0.14374944,0.8576521,0.7464945975944587,0.85625056,0.9030261202360312,0.9337132013214337,3,Network Laggards,Network Laggards
163,2022,FRAF,Franklin Financial Services Corp,1699.579,28.094,114.197,1551.448,25.767,7.384,1051.041,487.891,14.938,51.586,15.25,0.12,2022,Optimal,0.017409889,0.0,0.0087049445,0.982590111,1.0,0.9912950555,0.9030261202360312,0.9337132013214337,1,Network Leaders,Network Leaders
164,2022,FRBA,First Bank,2732.94,27.383,289.562,2293.952,127.963,13.773,2337.814,160.735,36.287,92.373,5.12,6.25,2022,Optimal,0.088660653,0.027391293,0.058025973,0.911339347,0.9466779732578482,0.941974027,0.9030261202360312,0.9337132013214337,1,Network Leaders,Network Leaders
165,2022,FRFC,First Robinson Financial Corp,471.987,5.965,22.828,369.925,74.696,1.43,236.218,186.272,2.591,10.519,3.065,0.936,2022,Optimal,0.1505393,0.10103388,0.12578659,0.8494607000000001,0.8164745302842089,0.87421341,0.9030261202360312,0.9337132013214337,3,Network Laggards,Network Laggards
166,2022,FRME,First Merchants Corp,17938.306,206.893,2034.77,14382.745,1339.261,43.949,12003.894,4302.313,222.089,520.203,107.941,48.979,2022,Optimal,0.11663727,0.031367177,0.0740022235,0.88336273,0.9391735985020592,0.9259977765,0.9030261202360312,0.9337132013214337,2,Transformation Specialists,Transformation Specialists
167,2022,FRST,Primis Financial Corp,3566.664,49.005,388.968,2722.467,432.524,16.475,2946.637,275.65,14.148,101.7,18.352,38.845,2022,Optimal,0.17144226,0.0,0.08572113,0.8285577399999999,1.0,0.91427887,0.9030261202360312,0.9337132013214337,2,Transformation Specialists,Transformation Specialists
168,2022,FSBC,Five Star Bancorp,3227.159,22.571,252.825,2782.004,177.849,0.588,2791.326,136.314,44.801,103.07,7.157,0.404,2022,Optimal,0.045204327,0.0,0.0226021635,0.954795673,1.0,0.9773978365,0.9030261202360312,0.9337132013214337,1,Network Leaders,Network Leaders
169,2022,FSBW,FS Bancorp Inc,2632.898,47.632,231.697,2127.741,242.463,5.8,2218.852,248.332,29.649,104.28,18.108,9.222,2022,Optimal,0.12672896,0.031849879,0.0792894195,0.87327104,0.9382664481564572,0.9207105805,0.9030261202360312,0.9337132013214337,2,Transformation Specialists,Transformation Specialists
170,2022,FSFG,First Savings Financial Group Inc,2093.725,61.207,151.565,1515.834,400.063,17.215,1489.904,338.079,15.386,60.652,51.227,13.57,2022,Optimal,0.22082537,0.11262897,0.1667271699999999,0.77917463,0.7975444230973061,0.8332728300000001,0.9030261202360312,0.9337132013214337,3,Network Laggards,Network Laggards
171,2022,FULT,Fulton Financial Corp,26931.702,356.884,2579.757,20649.538,2965.09,153.936,20019.404,4098.209,286.981,781.634,227.13,177.696,2022,Optimal,0.15435418,0.00068879464,0.07752148732,0.84564582,0.9986233589429812,0.92247851268,0.9030261202360312,0.9337132013214337,2,Transformation Specialists,Transformation Specialists
172,2022,FUNC,First United Corp,1848.169,24.13,151.793,1570.733,97.867,7.239,1279.32,362.575,25.048,57.633,18.05,8.535,2022,Optimal,0.084608622,0.11406939,0.099339006,0.915391378,0.7952203138800895,0.900660994,0.9030261202360312,0.9337132013214337,4,Funding-Rich Underperformers,Funding-Rich Underperformers
173,2022,FUSB,First US Bancshares Inc,994.667,16.418,85.135,870.025,32.725,4.157,773.873,134.016,6.864,36.941,3.451,2.337,2022,Optimal,0.063805527,0.09885187,0.0813286984999999,0.936194473,0.8200815365586992,0.9186713015,0.9030261202360312,0.9337132013214337,4,Funding-Rich Underperformers,Funding-Rich Underperformers
174,2022,FVCB,FVCBankcorp Inc,2344.322,20.316,202.382,1830.162,294.959,3.508,1840.434,293.945,24.984,65.244,2.834,4.493,2022,Optimal,0.15469562,0.077047436,0.115871528,0.84530438,0.8569284259453918,0.884128472,0.9030261202360312,0.9337132013214337,3,Network Laggards,Network Laggards
175,2022,FXNC,First National Corp/VA,1369.383,20.709,108.36,1241.332,14.811,4.152,920.522,317.973,16.797,45.575,12.621,2.858,2022,Optimal,0.026008955,0.049942988,0.0379759715,0.973991045,0.904865333507042,0.9620240285,0.9030261202360312,0.9337132013214337,4,Funding-Rich Underperformers,Funding-Rich Underperformers
176,2022,GABC,German American Bancorp Inc,6155.991,82.665,558.393,5350.051,210.253,14.758,3784.934,1777.059,81.825,200.584,59.133,14.315,2022,Optimal,0.048185148,0.061298293,0.0547417204999999,0.951814852,0.8844843275367448,0.9452582795,0.9030261202360312,0.9337132013214337,4,Funding-Rich Underperformers,Funding-Rich Underperformers
177,2022,GBCI,Glacier Bancorp Inc,26635.375,319.303,2843.305,20606.555,3002.57,67.691,15246.812,9104.374,303.202,788.379,120.732,32.742,2022,Optimal,0.14673029,0.0,0.073365145,0.85326971,1.0,0.926634855,0.9030261202360312,0.9337132013214337,2,Transformation Specialists,Transformation Specialists
178,2022,GCBC,Greene County Bancorp Inc,2571.74,20.667,157.714,2212.604,175.05,2.365,1252.116,1176.99,27.986,58.005,12.137,6.385,2022,Optimal,0.060928286,0.028477154,0.04470272,0.939071714,0.9446226804567408,0.95529728,0.9030261202360312,0.9337132013214337,1,Network Leaders,Network Leaders
179,2022,GLBZ,Glen Burnie Bancorp,381.436,6.406,16.054,362.947,0.377,0.353,186.44,144.354,1.745,11.859,1.354,0.498,2022,Optimal,0.0,0.0,0.0,1.0,1.0,1.0,0.9030261202360312,0.9337132013214337,1,Network Leaders,Network Leaders
180,2022,GNTY,Guaranty Bancshares Inc,3351.495,47.477,295.558,2681.154,359.894,2.845,2376.219,697.935,40.447,107.829,23.485,10.886,2022,Optimal,0.13184389,0.037438608,0.084641249,0.86815611,0.927824918580628,0.915358751,0.9030261202360312,0.9337132013214337,3,Network Laggards,Network Laggards
181,2022,GSBC,Great Southern Bancorp Inc,5680.702,75.3,533.087,4684.91,374.08,6.011,4570.316,723.901,75.948,199.614,34.14,3.72,2022,Optimal,0.098003226,0.0,0.049001613,0.901996774,1.0,0.950998387,0.9030261202360312,0.9337132013214337,2,Transformation Specialists,Transformation Specialists
182,2022,HAFC,Hanmi Financial Corp,7378.262,76.14,637.515,6168.072,523.634,14.035,5967.133,870.223,101.394,237.647,34.2,9.963,2022,Optimal,0.081842153,0.033301655,0.057571904,0.918157847,0.935543207854438,0.942428096,0.9030261202360312,0.9337132013214337,1,Network Leaders,Network Leaders
183,2022,HARL,Harleysville Financial Corp,912.127,8.81,84.839,755.886,64.726,7.293,567.131,181.537,8.79,24.158,2.993,2.902,2022,Optimal,0.10511765,0.19861743,0.15186754,0.89488235,0.6685891177137312,0.84813246,0.9030261202360312,0.9337132013214337,3,Network Laggards,Network Laggards
184,2022,HBAN,Huntington Bancshares Inc,182906.0,2393.0,17769.0,147914.0,12114.0,750.0,114271.0,41329.0,2238.0,5273.0,1981.0,594.0,2022,Optimal,0.020916839,0.0,0.0104584195,0.979083161,1.0,0.9895415805,0.9030261202360312,0.9337132013214337,1,Network Leaders,Network Leaders
185,2022,HBC2,HSBC USA Inc,164655.0,591.0,12113.0,123223.0,23753.0,622.0,59380.0,34662.0,548.0,2069.0,1595.0,441.0,2022,Optimal,0.0,0.29792265,0.148961325,1.0,0.5409238755483617,0.851038675,0.9030261202360312,0.9337132013214337,4,Funding-Rich Underperformers,Funding-Rich Underperformers
186,2022,HBCP,Home Bancorp Inc,3228.28,47.75,329.954,2633.181,245.087,14.464,2430.75,487.593,34.072,118.015,13.885,10.976,2022,Optimal,0.11509875,0.084144298,0.099621524,0.88490125,0.8447728809620138,0.900378476,0.9030261202360312,0.9337132013214337,3,Network Laggards,Network Laggards
187,2022,HBIA,Hills Bancorporation,3980.481,43.468,479.271,3357.367,124.253,16.633,3108.421,782.565,47.753,115.002,27.78,13.58,2022,Optimal,0.079970928,0.0,0.039985464,0.920029072,1.0,0.960014536,0.9030261202360312,0.9337132013214337,1,Network Leaders,Network Leaders
188,2022,HBNC,Horizon Bancorp Inc,7872.518,80.283,677.375,5857.774,1258.872,22.58,4157.998,3046.983,93.408,199.518,47.451,23.98,2022,Optimal,0.18292429,0.011927461,0.0974258755,0.81707571,0.9764262529485798,0.9025741245,0.9030261202360312,0.9337132013214337,2,Transformation Specialists,Transformation Specialists
189,2022,HBT,HBT Financial Inc,4286.734,60.092,373.632,3587.024,280.256,6.057,2620.253,1398.095,56.456,145.874,34.717,5.186,2022,Optimal,0.087851631,0.042371094,0.0651113624999999,0.912148369,0.9187024769894474,0.9348886375,0.9030261202360312,0.9337132013214337,4,Funding-Rich Underperformers,Funding-Rich Underperformers
190,2022,HFBK,Harford Bank (Alberdeen MD),595.469,8.903,54.046,538.521,0.363,7.79,428.616,120.421,5.126,19.348,1.817,6.997,2022,Optimal,0.03948115,0.0,0.019740575,0.96051885,1.0,0.980259425,0.9030261202360312,0.9337132013214337,1,Network Leaders,Network Leaders
191,2022,HFBL,Home Federal Bancorp/LA,590.48,9.019,52.347,531.991,4.053,1.396,392.324,108.049,4.873,17.357,3.476,2.183,2022,Optimal,0.043440406,0.10823482,0.075837613,0.956559594,0.8046716850134703,0.924162387,0.9030261202360312,0.9337132013214337,4,Funding-Rich Underperformers,Funding-Rich Underperformers
192,2022,HFWA,Heritage Financial Corp,6980.1,92.092,797.893,5924.84,92.439,23.754,4050.858,2106.755,81.875,219.385,29.591,5.906,2022,Optimal,0.069517905,0.0,0.0347589525,0.930482095,1.0,0.9652410475,0.9030261202360312,0.9337132013214337,1,Network Leaders,Network Leaders
193,2022,HIFS,Hingham Institution for Savings,4193.799,15.831,385.966,2505.289,1276.647,0.427,3682.771,119.302,37.519,106.134,-20.719,1.168,2022,Optimal,0.13913959,0.0,0.069569795,0.86086041,1.0,0.930430205,0.9030261202360312,0.9337132013214337,2,Transformation Specialists,Transformation Specialists
194,2022,HLFN,Home Loan Financial Corp,254.569,3.662,33.1,215.279,4.254,0.435,220.85,17.055,4.156,9.78,1.792,0.43,2022,Optimal,0.061702736,0.0,0.030851368,0.938297264,1.0,0.969148632,0.9030261202360312,0.9337132013214337,1,Network Leaders,Network Leaders
195,2022,HNVR,Hanover Bancorp Inc,1840.058,19.665,172.584,1528.106,126.32,1.028,1623.531,22.979,23.556,61.254,8.872,13.512,2022,Optimal,0.10510325,0.0,0.052551625,0.89489675,1.0,0.947448375,0.9030261202360312,0.9337132013214337,2,Transformation Specialists,Transformation Specialists
196,2022,HOMB,Home Bancshares Inc,22883.588,238.885,3526.362,17938.783,1267.52,51.823,14409.48,5329.295,305.262,758.676,175.111,61.476,2022,Optimal,0.13506563,0.025448742,0.080257186,0.8649343700000001,0.9503656478228923,0.919742814,0.9030261202360312,0.9337132013214337,2,Transformation Specialists,Transformation Specialists
197,2022,HONE,HarborOne Bancorp Inc,5359.545,83.273,616.976,4189.499,463.55,36.186,4549.67,341.169,45.589,148.986,57.309,14.84,2022,Optimal,0.14615105,0.0,0.073075525,0.8538489499999999,1.0,0.926924475,0.9030261202360312,0.9337132013214337,2,Transformation Specialists,Transformation Specialists
198,2022,HONT,Honat Bancorp Inc,921.671,13.739,113.572,780.035,16.609,1.667,636.514,226.21,13.147,31.503,8.394,1.705,2022,Optimal,0.095365415,0.001946274,0.0486558444999999,0.904634585,0.9961150132487044,0.9513441555,0.9030261202360312,0.9337132013214337,1,Network Leaders,Network Leaders
199,2022,HOPE,Hope Bancorp Inc,19164.491,204.719,2019.328,15738.801,1247.801,111.762,15403.54,2304.221,218.277,578.421,51.397,69.437,2022,Optimal,0.094673651,0.011861224,0.0532674375,0.905326349,0.9765556309132764,0.9467325625,0.9030261202360312,0.9337132013214337,1,Network Leaders,Network Leaders
200,2022,HTB,HomeTrust Bancshares Inc,3549.204,59.591,388.845,3099.761,8.404,12.794,2769.295,149.062,35.653,110.774,39.196,6.32,2022,Optimal,0.050093222,0.0,0.025046611,0.949906778,1.0,0.974953389,0.9030261202360312,0.9337132013214337,1,Network Leaders,Network Leaders
201,2022,HTBK,Heritage Commerce Corp,5157.58,55.331,632.456,4389.604,72.381,3.738,3298.55,1237.108,66.555,179.88,10.111,2.425,2022,Optimal,0.068509782,0.0,0.034254891,0.931490218,1.0,0.965745109,0.9030261202360312,0.9337132013214337,1,Network Leaders,Network Leaders
202,2022,HWBK,Hawthorn Bancshares Inc,1923.54,27.058,127.411,1632.079,154.206,35.998,1521.252,257.1,20.751,58.763,13.964,30.16,2022,Optimal,0.08614635,0.0,0.043073175,0.91385365,1.0,0.956926825,0.9030261202360312,0.9337132013214337,1,Network Leaders,Network Leaders
203,2022,HWC,Hancock Whitney Corp,35183.825,460.635,3342.628,29070.349,2229.77,66.844,23114.046,8474.002,524.089,1050.003,331.486,42.915,2022,Optimal,0.08807975,0.0060943213,0.04708703565,0.91192025,0.9878851889510212,0.95291296435,0.9030261202360312,0.9337132013214337,1,Network Leaders,Network Leaders
204,2022,IBCP,Independent Bank Corp,4999.787,81.007,347.596,4379.069,170.868,5.355,3465.352,1171.818,63.351,149.561,61.909,4.176,2022,Optimal,0.042792628,0.0058235387,0.02430808335,0.957207372,0.9884203570985688,0.97569191665,0.9030261202360312,0.9337132013214337,1,Network Leaders,Network Leaders
205,2022,IBOC,International Bancshares Corp,15501.476,127.722,2044.759,12660.007,576.777,37.253,7430.603,4785.464,300.232,487.625,187.134,81.792,2022,Optimal,0.088271503,0.0,0.0441357515,0.911728497,1.0,0.9558642485,0.9030261202360312,0.9337132013214337,1,Network Leaders,Network Leaders
206,2022,INBC,InBankshares Corp,1245.212,16.857,110.554,1060.327,66.342,0.948,846.74,323.635,8.814,42.036,4.225,1.314,2022,Optimal,0.086051885,0.04365582,0.0648538525,0.913948115,0.9163405805565288,0.9351461475,0.9030261202360312,0.9337132013214337,4,Funding-Rich Underperformers,Funding-Rich Underperformers
207,2022,INBK,First Internet Bancorp,4543.104,41.553,364.974,3441.245,719.46,8.618,3499.401,607.902,35.541,97.093,21.257,7.571,2022,Optimal,0.17005064,0.088513723,0.1292821815,0.82994936,0.8373677407464343,0.8707178185,0.9030261202360312,0.9337132013214337,3,Network Laggards,Network Laggards
208,2022,INDB,Independent Bank Corp,19294.174,204.711,2886.701,15879.007,174.084,27.82,13928.675,3130.611,263.813,613.249,114.667,54.881,2022,Optimal,0.092622289,0.0,0.0463111445,0.907377711,1.0,0.9536888555,0.9030261202360312,0.9337132013214337,1,Network Leaders,Network Leaders
209,2022,IROQ,IF Bancorp Inc,857.558,13.051,71.658,752.02,24.244,0.411,525.983,224.048,5.784,22.263,5.504,1.294,2022,Optimal,0.063228616,0.11087238,0.087050498,0.936771384,0.8003868275129858,0.912949502,0.9030261202360312,0.9337132013214337,4,Funding-Rich Underperformers,Funding-Rich Underperformers
210,2022,ISBA,Isabella Bank Corp,2030.267,24.887,186.21,1744.275,87.016,1.684,1264.173,596.227,22.238,60.481,13.666,0.973,2022,Optimal,0.07367843,0.04374204,0.058710235,0.92632157,0.9161822781422122,0.941289765,0.9030261202360312,0.9337132013214337,4,Funding-Rich Underperformers,Funding-Rich Underperformers
211,2022,ISTR,Investar Holding Corp,2753.807,34.974,215.782,2082.365,442.64,32.148,2104.767,440.726,35.709,89.785,18.35,11.382,2022,Optimal,0.18236137,0.0,0.091180685,0.81763863,1.0,0.908819315,0.9030261202360312,0.9337132013214337,2,Transformation Specialists,Transformation Specialists
212,2022,JDVB,JD Bancshares Inc,1236.136,18.936,57.096,1143.995,30.728,5.154,672.633,455.09,12.096,40.511,11.711,14.74,2022,Optimal,0.0022605672,0.0,0.0011302836,0.9977394328,1.0,0.9988697164,0.9030261202360312,0.9337132013214337,1,Network Leaders,Network Leaders
213,2022,JFBC,Jeffersonville Bancorp,693.027,9.403,68.781,616.932,0.427,12.464,324.747,254.097,9.304,23.353,3.733,6.127,2022,Optimal,0.051676558,0.0,0.025838279,0.948323442,1.0,0.974161721,0.9030261202360312,0.9337132013214337,1,Network Leaders,Network Leaders
214,2022,JPM,JPMorgan Chase & Co,3665743.0,41636.0,292332.0,2340179.0,550688.0,8346.0,1131677.0,816531.0,37676.0,66710.0,61985.0,7247.0,2022,Optimal,0.0,1.6362278e-16,8.181139e-17,1.0,0.9999999999999996,1.0,0.9030261202360312,0.9337132013214337,1,Network Leaders,Network Leaders
215,2022,JUVF,Juniata Valley Financial Corp,830.875,10.815,36.949,711.512,76.113,0.313,484.512,287.823,8.32,24.133,5.225,0.178,2022,Optimal,0.084989921,0.0,0.0424949605,0.915010079,1.0,0.9575050395,0.9030261202360312,0.9337132013214337,1,Network Leaders,Network Leaders
216,2022,KEY,KeyCorp,189813.0,2566.0,13454.0,142595.0,29371.0,489.0,115458.0,49135.0,1917.0,4527.0,2718.0,420.0,2022,Optimal,0.088220388,0.0,0.044110194,0.911779612,1.0,0.955889806,0.9030261202360312,0.9337132013214337,1,Network Leaders,Network Leaders
217,2022,KFFB,Kentucky First Federal Bancorp,328.08,4.853,52.025,239.857,34.066,6.737,276.112,17.314,1.59,9.16,0.515,5.829,2022,Optimal,0.19853647,0.0,0.099268235,0.80146353,1.0,0.900731765,0.9030261202360312,0.9337132013214337,2,Transformation Specialists,Transformation Specialists
218,2022,KISB,Kish Bancorp Inc,1295.448,21.14,71.972,1037.12,157.159,0.642,1023.505,176.187,12.86,38.245,12.107,0.555,2022,Optimal,0.14132915,0.053700495,0.0975148224999999,0.85867085,0.8980725637791411,0.9024851775,0.9030261202360312,0.9337132013214337,3,Network Laggards,Network Laggards
219,2022,KRNY,Kearny Financial Corp,7719.883,76.264,894.0,5862.256,920.522,79.945,5417.845,1509.528,67.547,196.603,13.934,92.244,2022,Optimal,0.16525718,0.0,0.08262859,0.83474282,1.0,0.91737141,0.9030261202360312,0.9337132013214337,2,Transformation Specialists,Transformation Specialists
220,2022,KSBI,KS Bancorp Inc,546.35,8.603,32.236,481.565,28.276,1.523,418.809,99.597,7.558,20.403,3.276,0.859,2022,Optimal,0.066342446,0.091677902,0.079010174,0.933657554,0.8320422134916494,0.920989826,0.9030261202360312,0.9337132013214337,4,Funding-Rich Underperformers,Funding-Rich Underperformers
221,2022,LARK,Landmark Bancorp Inc,1502.867,20.405,111.433,1300.649,68.253,7.781,849.94,498.3,9.878,38.88,13.7,4.26,2022,Optimal,0.069338352,0.095547428,0.08244289,0.930661648,0.8255713526260955,0.91755711,0.9030261202360312,0.9337132013214337,4,Funding-Rich Underperformers,Funding-Rich Underperformers
222,2022,LCNB,LCNB Corp,1919.121,28.483,200.675,1604.97,96.897,1.537,1401.278,323.167,22.128,61.042,14.288,0.43,2022,Optimal,0.099554652,0.037420776,0.068487714,0.900445348,0.9278580555437034,0.931512286,0.9030261202360312,0.9337132013214337,3,Network Laggards,Network Laggards
223,2022,LFGP,Ledyard Financial Group Inc,743.465,16.071,52.999,570.332,111.124,1.361,362.057,306.049,6.981,18.686,11.214,1.446,2022,Optimal,0.18452186,0.039565208,0.112043534,0.81547814,0.9238812386264472,0.887956466,0.9030261202360312,0.9337132013214337,3,Network Laggards,Network Laggards
224,2022,LKFN,Lakeland Financial Corp,6432.371,58.53,568.887,5460.62,302.296,15.286,4710.396,1329.565,103.817,202.887,41.862,17.187,2022,Optimal,0.064106794,0.033462021,0.0487844075,0.935893206,0.9352428626886136,0.9512155925,0.9030261202360312,0.9337132013214337,1,Network Leaders,Network Leaders
225,2022,LOB,Live Oak Bancshares Inc,9855.498,170.822,811.033,8884.928,85.761,43.153,7344.178,1018.819,176.208,327.501,237.992,73.392,2022,Optimal,0.0089216225,0.0,0.00446081125,0.9910783775,1.0,0.99553918875,0.9030261202360312,0.9337132013214337,1,Network Leaders,Network Leaders
226,2022,LSBK,Lake Shore Bancorp Inc,699.914,9.854,81.184,570.119,38.49,9.8,580.602,75.377,5.708,24.339,2.704,3.0,2022,Optimal,0.13366396,0.0,0.06683198,0.86633604,1.0,0.93316802,0.9030261202360312,0.9337132013214337,2,Transformation Specialists,Transformation Specialists
227,2022,MBCN,Middlefield Banc Corp,1687.682,17.548,197.691,1402.019,77.782,11.851,1352.872,171.659,15.673,50.177,6.746,7.932,2022,Optimal,0.10531713,0.065445319,0.0853812244999999,0.89468287,0.8771493612428176,0.9146187755,0.9030261202360312,0.9337132013214337,3,Network Laggards,Network Laggards
228,2022,MBIN,Merchants Bancorp,12615.227,89.085,1459.739,10071.345,942.384,0.8,7470.872,1481.545,219.721,318.551,125.936,26.683,2022,Optimal,0.10238767,0.0,0.051193835,0.89761233,1.0,0.948806165,0.9030261202360312,0.9337132013214337,2,Transformation Specialists,Transformation Specialists
229,2022,MBKL,MBT Bancshares Inc,590.579,8.612,33.464,535.275,20.548,0.737,351.405,176.209,3.498,18.055,3.565,0.555,2022,Optimal,0.037386316,0.138135,0.087760658,0.962613684,0.7572607818931848,0.912239342,0.9030261202360312,0.9337132013214337,4,Funding-Rich Underperformers,Funding-Rich Underperformers
230,2022,MBWM,Mercantile Bank Corp,4872.619,65.124,441.408,3712.811,643.704,2.468,3916.619,620.657,61.063,158.244,32.077,7.728,2022,Optimal,0.16898711,0.0,0.084493555,0.83101289,1.0,0.915506445,0.9030261202360312,0.9337132013214337,2,Transformation Specialists,Transformation Specialists
231,2022,MCB,Metropolitan Bank Holding Corp,6267.337,57.29,575.897,5277.912,326.709,10.286,4840.523,980.33,59.425,229.158,26.593,0.024,2022,Optimal,0.07210316,0.0,0.03605158,0.92789684,1.0,0.96394842,0.9030261202360312,0.9337132013214337,1,Network Leaders,Network Leaders
232,2022,MCBK,Madison County Financial Inc,596.27,6.717,90.79,485.249,13.2,0.072,430.733,117.827,7.699,14.001,2.781,0.652,2022,Optimal,0.11955464,0.0,0.05977732,0.88044536,1.0,0.94022268,0.9030261202360312,0.9337132013214337,2,Transformation Specialists,Transformation Specialists
233,2022,MCBS,Metrocity Bankshares Inc,3427.239,30.502,349.421,2666.838,384.277,15.416,3055.689,47.038,62.602,119.611,19.204,24.492,2022,Optimal,0.15042204,0.0,0.07521102,0.84957796,1.0,0.92478898,0.9030261202360312,0.9337132013214337,2,Transformation Specialists,Transformation Specialists
234,2022,MCHB,Mechanics Bancorp,18135.692,205.922,2131.28,15495.75,331.018,42.428,12042.91,4331.34,216.582,631.234,63.733,40.106,2022,Optimal,0.058399083,0.004588748,0.0314939155,0.941600917,0.9908644248521884,0.9685060845,0.9030261202360312,0.9337132013214337,1,Network Leaders,Network Leaders
235,2022,MFBP,M&F Bancorp Inc,450.997,7.098,118.058,327.395,1.555,0.824,246.909,92.438,4.512,14.907,5.218,0.885,2022,Optimal,0.22650963,0.0,0.113254815,0.77349037,1.0,0.886745185,0.9030261202360312,0.9337132013214337,2,Transformation Specialists,Transformation Specialists
236,2022,MFGI,Merchants Financial Group Inc,2580.372,42.326,241.159,2257.301,65.393,16.948,1878.067,319.364,30.424,85.947,27.972,9.328,2022,Optimal,0.053573721,0.11024791,0.0819108155,0.946426279,0.8013994730240024,0.9180891845,0.9030261202360312,0.9337132013214337,4,Funding-Rich Underperformers,Funding-Rich Underperformers
237,2022,MGYR,Magyar Bancorp Inc,798.543,11.03,98.502,667.733,19.23,8.796,628.276,102.322,7.919,27.019,2.715,3.59,2022,Optimal,0.10805626,0.0,0.05402813,0.89194374,1.0,0.94597187,0.9030261202360312,0.9337132013214337,2,Transformation Specialists,Transformation Specialists
238,2022,MNSB,MainStreet Bancshares Inc,1925.751,23.801,198.282,1512.889,179.587,1.051,1594.064,104.598,26.674,70.009,4.834,0.021,2022,Optimal,0.153899,0.0,0.0769495,0.846101,1.0,0.9230505,0.9030261202360312,0.9337132013214337,2,Transformation Specialists,Transformation Specialists
239,2022,MOFG,MidWestOne Financial Group Inc,6577.876,77.632,492.793,5468.942,534.442,31.897,3840.524,2302.216,60.835,166.358,47.519,15.924,2022,Optimal,0.089248392,0.040616844,0.064932618,0.910751608,0.9219369852906204,0.935067382,0.9030261202360312,0.9337132013214337,4,Funding-Rich Underperformers,Funding-Rich Underperformers
240,2022,MPB,Mid Penn Bancorp Inc,4497.954,52.601,512.099,3778.331,173.722,10.497,3514.119,646.117,54.806,147.833,23.657,8.628,2022,Optimal,0.083521851,0.027639937,0.055580894,0.916478149,0.9462069621764808,0.944419106,0.9030261202360312,0.9337132013214337,1,Network Leaders,Network Leaders
241,2022,MRBK,Meridian Corp,2062.228,54.378,153.28,1712.479,171.292,22.988,1743.682,181.842,21.829,70.128,41.724,22.939,2022,Optimal,0.10554181,0.0,0.052770905,0.89445819,1.0,0.947229095,0.9030261202360312,0.9337132013214337,2,Transformation Specialists,Transformation Specialists
242,2022,MSBC,Mission Bancorp/CA,1496.526,16.22,123.785,1339.043,23.396,0.075,1069.268,250.328,24.253,55.268,8.013,0.058,2022,Optimal,0.036831498,0.0,0.018415749,0.963168502,1.0,0.981584251,0.9030261202360312,0.9337132013214337,1,Network Leaders,Network Leaders
243,2022,MSBI,Midland States Bancorp Inc,7855.501,90.305,758.574,6364.652,661.003,57.068,6306.467,823.061,99.025,245.735,79.891,57.824,2022,Optimal,0.1113081,0.028300095,0.0698040975,0.8886919,0.944957517484232,0.9301959025,0.9030261202360312,0.9337132013214337,2,Transformation Specialists,Transformation Specialists
244,2022,MTB,M&T Bank Corp,200729.841,2685.201,25317.99,163514.868,8228.689,2083.984,128982.311,25210.871,1991.663,5821.956,2356.603,2479.81,2022,Optimal,0.009067142,0.0,0.004533571,0.990932858,1.0,0.995466429,0.9030261202360312,0.9337132013214337,1,Network Leaders,Network Leaders
245,2022,MVBF,MVB Financial Corp,3068.85,72.162,261.391,2570.482,210.431,20.287,2372.645,418.558,15.047,111.803,38.294,12.359,2022,Optimal,0.091661338,0.080138436,0.085899887,0.908338662,0.8516145091609351,0.914100113,0.9030261202360312,0.9337132013214337,4,Funding-Rich Underperformers,Funding-Rich Underperformers
246,2022,MYFW,First Western Financial Inc,2866.748,48.248,240.864,2405.229,210.181,4.327,2469.413,88.166,21.698,83.204,28.412,12.349,2022,Optimal,0.091203979,0.044178469,0.067691224,0.908796021,0.9153813829501593,0.932308776,0.9030261202360312,0.9337132013214337,4,Funding-Rich Underperformers,Funding-Rich Underperformers
247,2022,NASB,NASB Financial Inc,2644.364,49.628,378.878,1496.041,729.588,30.348,1998.969,234.031,32.09,89.168,63.224,26.525,2022,Optimal,0.3911889,0.0,0.19559445,0.6088111,1.0,0.80440555,0.9030261202360312,0.9337132013214337,2,Transformation Specialists,Transformation Specialists
248,2022,NBHC,National Bank Holdings Corp,9573.243,124.971,1092.202,7872.626,495.618,17.837,7220.469,1446.865,71.274,266.835,67.312,20.243,2022,Optimal,0.096611636,0.035470889,0.0660412625,0.903388364,0.9314883897233348,0.9339587375,0.9030261202360312,0.9337132013214337,4,Funding-Rich Underperformers,Funding-Rich Underperformers
249,2022,NBN,Northeast Bank,1582.759,31.138,248.321,1287.693,19.451,20.397,1304.866,63.319,42.163,83.424,24.445,12.946,2022,Optimal,0.1255582,0.0,0.0627791,0.8744418,1.0,0.9372209,0.9030261202360312,0.9337132013214337,2,Transformation Specialists,Transformation Specialists
250,2022,NBTB,NBT Bancorp Inc,11739.296,187.83,1173.554,9495.933,813.502,32.91,8150.147,2522.239,151.995,362.19,155.578,21.161,2022,Optimal,0.1104146,0.012245956,0.061330278,0.8895854,0.9758043864193024,0.938669722,0.9030261202360312,0.9337132013214337,2,Transformation Specialists,Transformation Specialists
251,2022,NECB,Northeast Community Bancorp Inc,1424.963,15.549,261.989,1121.955,23.896,1.996,1217.693,45.675,24.843,63.875,1.683,1.456,2022,Optimal,0.15381531,0.0,0.076907655,0.84618469,1.0,0.923092345,0.9030261202360312,0.9337132013214337,2,Transformation Specialists,Transformation Specialists
252,2022,NEFB,Neffs Bancorp Inc,468.211,4.232,67.634,371.569,26.375,0.543,237.334,214.044,4.528,12.344,0.387,0.057,2022,Optimal,0.08346528,0.0,0.04173264,0.91653472,1.0,0.95826736,0.9030261202360312,0.9337132013214337,1,Network Leaders,Network Leaders
253,2022,NFBK,Northfield Bancorp Inc,5601.293,41.961,701.39,4150.219,684.645,8.106,4243.693,1003.758,61.119,158.306,7.983,10.238,2022,Optimal,0.17968023,0.0012752382,0.0904777341,0.82031977,0.9974527719225484,0.9095222659,0.9030261202360312,0.9337132013214337,2,Transformation Specialists,Transformation Specialists
254,2022,NIC,Nicolet Bankshares Inc,8763.969,88.713,972.529,7178.921,553.479,56.109,6180.499,1662.032,94.26,239.961,57.92,40.055,2022,Optimal,0.099015039,0.056729679,0.077872359,0.900984961,0.8926316159612661,0.922127641,0.9030261202360312,0.9337132013214337,3,Network Laggards,Network Laggards
255,2022,NIDB,Northeast Indiana Bancorp Inc,445.528,5.768,43.127,366.817,32.0,3.224,324.753,92.437,6.553,15.307,3.345,2.989,2022,Optimal,0.10939243,0.10597551,0.1076839699999999,0.89060757,0.8083583062341047,0.89231603,0.9030261202360312,0.9337132013214337,3,Network Laggards,Network Laggards
256,2022,NKSH,National Bankshares Inc,1677.551,16.519,122.687,1542.725,1.444,3.83,852.744,657.793,25.932,47.026,12.401,3.509,2022,Optimal,0.0087208406,0.0,0.0043604203,0.9912791594,1.0,0.9956395797,0.9030261202360312,0.9337132013214337,1,Network Leaders,Network Leaders
257,2022,NRIM,Northrim BanCorp Inc,2674.318,58.172,218.629,2387.211,34.27,15.031,1501.785,728.335,30.741,95.115,34.077,6.43,2022,Optimal,0.03324279,0.098909827,0.0660763085,0.96675721,0.8199855446374128,0.9339236915,0.9030261202360312,0.9337132013214337,4,Funding-Rich Underperformers,Funding-Rich Underperformers
258,2022,NTRS,Northern Trust Corp,155036.7,2627.3,11259.5,123932.1,15473.0,125.3,42893.3,51720.0,1336.0,1887.2,4874.0,45.9,2022,Optimal,0.039364236,0.0,0.019682118,0.960635764,1.0,0.980317882,0.9030261202360312,0.9337132013214337,1,Network Leaders,Network Leaders
259,2022,NWBI,Northwest Bancshares Inc,14113.324,188.359,1491.486,11464.548,982.057,159.675,10910.539,2139.5,133.666,420.681,110.849,82.393,2022,Optimal,0.1058355,0.0,0.05291775,0.8941645,1.0,0.94708225,0.9030261202360312,0.9337132013214337,2,Transformation Specialists,Transformation Specialists
260,2022,NWFL,Norwood Financial Corp.,2047.07,22.071,167.085,1727.727,137.41,2.476,1473.945,424.345,29.233,68.397,9.932,1.459,2022,Optimal,0.089190337,0.05776867,0.0734795035,0.910809663,0.8907725826290545,0.9265204965,0.9030261202360312,0.9337132013214337,4,Funding-Rich Underperformers,Funding-Rich Underperformers
261,2022,NWPP,New Peoples Bankshares Inc,775.358,13.365,57.219,692.707,20.221,4.302,584.613,96.076,8.082,28.285,9.24,3.674,2022,Optimal,0.046948059,0.15295889,0.0999534745,0.953051941,0.7346672265131673,0.9000465255,0.9030261202360312,0.9337132013214337,4,Funding-Rich Underperformers,Funding-Rich Underperformers
262,2022,OBK,Origin Bancorp Inc,9686.067,118.971,949.943,7775.702,878.167,28.517,7090.022,1726.505,87.715,275.278,57.274,14.679,2022,Optimal,0.11819773,0.049325286,0.083761508,0.88180227,0.9059866627477804,0.916238492,0.9030261202360312,0.9337132013214337,3,Network Laggards,Network Laggards
263,2022,OBT,Orange County Bancorp Inc,2287.334,28.04,138.138,1974.387,154.976,5.953,1569.43,543.023,24.363,78.088,11.996,8.451,2022,Optimal,0.067192817,0.09333706,0.0802649385,0.932807183,0.8292620575762794,0.9197350615,0.9030261202360312,0.9337132013214337,4,Funding-Rich Underperformers,Funding-Rich Underperformers
264,2022,OCFC,OceanFirst Financial Corp.,13103.896,131.915,1585.464,9675.206,1495.719,19.054,9925.542,1890.101,146.603,377.477,59.094,23.265,2022,Optimal,0.1860746,0.013654565,0.0998645825,0.8139254,0.9730587411698778,0.9001354175,0.9030261202360312,0.9337132013214337,2,Transformation Specialists,Transformation Specialists
265,2022,OFED,Oconee Federal Financial Corp,544.792,6.775,75.257,459.682,9.0,2.781,345.112,152.488,4.099,15.338,1.625,2.087,2022,Optimal,0.093425353,0.016869402,0.0551473775,0.906574647,0.9668209074502176,0.9448526225,0.9030261202360312,0.9337132013214337,1,Network Leaders,Network Leaders
266,2022,OFG,OFG Bancorp,9818.78,142.93,1042.406,8568.364,54.404,128.992,6835.322,1971.513,166.239,482.08,131.69,115.702,2022,Optimal,0.040861128,0.0,0.020430564,0.959138872,1.0,0.979569436,0.9030261202360312,0.9337132013214337,1,Network Leaders,Network Leaders
267,2022,ONB,Old National Bancorp,46763.372,575.626,5128.595,35000.83,5798.278,127.099,30935.541,10229.534,428.287,1327.936,399.779,264.336,2022,Optimal,0.17367675,0.0,0.086838375,0.82632325,1.0,0.913161625,0.9030261202360312,0.9337132013214337,2,Transformation Specialists,Transformation Specialists
268,2022,OPBK,OP Bancorp,2094.497,27.189,176.916,1885.771,10.263,3.202,1678.292,221.907,33.31,76.911,17.619,3.081,2022,Optimal,0.028331667,0.0,0.0141658335,0.971668333,1.0,0.9858341665,0.9030261202360312,0.9337132013214337,1,Network Leaders,Network Leaders
269,2022,ORBN,Oregon Bancorp Inc,401.95,26.946,73.129,318.651,2.456,1.407,260.638,23.943,6.898,15.506,31.418,1.242,2022,Optimal,0.16180912,0.0,0.08090456,0.83819088,1.0,0.91909544,0.9030261202360312,0.9337132013214337,2,Transformation Specialists,Transformation Specialists
270,2022,ORPB,Oregon Pacific Bancorp,754.181,10.83,46.088,682.867,20.248,0.928,482.979,197.87,7.144,23.371,5.526,0.052,2022,Optimal,0.033979752,0.027499268,0.03073951,0.966020248,0.9464734061494242,0.96926049,0.9030261202360312,0.9337132013214337,1,Network Leaders,Network Leaders
271,2022,ORRF,Orrstown Financial Services Inc,2922.408,48.004,228.896,2476.246,165.392,6.449,2151.232,524.37,22.037,99.63,26.952,20.583,2022,Optimal,0.081710209,0.021746243,0.051728226,0.918289791,0.9574331823601332,0.948271774,0.9030261202360312,0.9337132013214337,1,Network Leaders,Network Leaders
272,2022,OSBC,Old Second Bancorp Inc,5888.317,86.573,461.141,5110.723,260.811,47.022,3869.609,1559.889,67.405,206.156,43.116,35.33,2022,Optimal,0.049854241,0.051591765,0.050723003,0.950145759,0.9018787200183144,0.949276997,0.9030261202360312,0.9337132013214337,4,Funding-Rich Underperformers,Funding-Rich Underperformers
273,2022,OTTW,Ottawa Bancorp Inc,357.847,4.905,41.467,289.683,20.85,1.6,312.051,20.898,2.477,11.331,1.739,2.3,2022,Optimal,0.11723043,0.0,0.058615215,0.88276957,1.0,0.941384785,0.9030261202360312,0.9337132013214337,2,Transformation Specialists,Transformation Specialists
274,2022,OVBC,Ohio Valley Banc Corp.,1210.787,21.615,135.028,1027.655,27.739,4.651,885.049,199.253,13.338,44.778,10.162,3.771,2022,Optimal,0.089764229,0.067272266,0.0785182475,0.910235771,0.8739360739652162,0.9214817525,0.9030261202360312,0.9337132013214337,4,Funding-Rich Underperformers,Funding-Rich Underperformers
275,2022,OZK,Bank OZK,27656.568,226.373,4690.938,21500.143,1131.672,51.339,20778.791,3534.019,564.141,1142.242,114.503,49.555,2022,Optimal,0.12674286,0.0,0.06337143,0.87325714,1.0,0.93662857,0.9030261202360312,0.9337132013214337,2,Transformation Specialists,Transformation Specialists
276,2022,PB,Prosperity Bancshares Inc,37689.829,314.713,6699.374,28533.531,2326.689,28.088,18839.273,14566.03,524.516,1005.231,145.128,27.494,2022,Optimal,0.1491453,0.0,0.07457265,0.8508547,1.0,0.92542735,0.9030261202360312,0.9337132013214337,2,Transformation Specialists,Transformation Specialists
277,2022,PBBK,PB Bankshares Inc,386.547,4.285,45.987,289.495,48.548,1.653,304.847,55.06,2.114,10.864,1.417,1.049,2022,Optimal,0.15975636,0.042931184,0.101343772,0.84024364,0.9176720676136192,0.898656228,0.9030261202360312,0.9337132013214337,3,Network Laggards,Network Laggards
278,2022,PBCO,PBCO Financial Corp,804.25,14.796,68.411,692.795,34.449,0.542,475.024,237.515,9.857,31.962,5.817,2.939,2022,Optimal,0.081067013,0.052079941,0.0665734769999999,0.918932987,0.9009962285746118,0.933426523,0.9030261202360312,0.9337132013214337,4,Funding-Rich Underperformers,Funding-Rich Underperformers
279,2022,PBHC,Pathfinder Bancorp Inc,1399.921,16.022,111.582,1125.43,152.569,8.292,897.735,393.972,12.932,41.403,5.914,9.236,2022,Optimal,0.13611432,0.081126214,0.108620267,0.86388568,0.8499227695167144,0.891379733,0.9030261202360312,0.9337132013214337,3,Network Laggards,Network Laggards
280,2022,PCB,PCB Bancorp,2420.036,33.056,335.442,2045.983,26.809,0.994,2046.063,152.046,34.987,89.632,14.499,7.36,2022,Optimal,0.086750949,0.0,0.0433754745,0.913249051,1.0,0.9566245255,0.9030261202360312,0.9337132013214337,1,Network Leaders,Network Leaders
281,2022,PDLB,Ponce Financial Group Inc,2311.989,27.914,492.7,1252.412,551.907,11.443,1527.719,664.986,-30.001,66.603,6.419,13.709,2022,Optimal,0.41741929,0.0,0.208709645,0.58258071,1.0,0.791290355,0.9030261202360312,0.9337132013214337,2,Transformation Specialists,Transformation Specialists
282,2022,PEBK,Peoples Bancorp of North Carolina Inc.,1620.927,26.13,105.195,1435.215,68.337,3.23,1032.608,448.05,16.123,51.108,26.689,3.728,2022,Optimal,0.047476176,0.088919232,0.068197704,0.952523824,0.836683512629888,0.931802296,0.9030261202360312,0.9337132013214337,4,Funding-Rich Underperformers,Funding-Rich Underperformers
283,2022,PEBO,Peoples Bancorp Inc,7207.304,112.69,785.328,5716.941,608.782,47.984,4707.15,1743.22,101.292,253.442,78.836,45.21,2022,Optimal,0.13074262,0.033245063,0.0819938415,0.86925738,0.9356492197437192,0.9180061585,0.9030261202360312,0.9337132013214337,2,Transformation Specialists,Transformation Specialists
284,2022,PFBC,Preferred Bank of Los Angeles,6425.358,48.607,630.426,5556.997,168.944,14.824,5064.854,465.754,128.845,247.358,9.862,27.47,2022,Optimal,0.039597639,0.0054319591,0.02251479905,0.960402361,0.989194775338428,0.97748520095,0.9030261202360312,0.9337132013214337,1,Network Leaders,Network Leaders
285,2022,PFIS,Peoples Financial Services Corp,3553.515,33.553,315.35,3046.598,156.785,4.961,2730.116,578.622,38.09,95.749,11.845,4.134,2022,Optimal,0.063840269,0.038028931,0.0509346,0.936159731,0.9267285720767642,0.9490654,0.9030261202360312,0.9337132013214337,4,Funding-Rich Underperformers,Funding-Rich Underperformers
286,2022,PFLC,Pacific Financial Corp,1306.203,22.401,103.162,1180.362,13.403,1.421,639.958,288.88,10.888,40.946,7.227,0.899,2022,Optimal,0.029504531,0.27431413,0.1519093305,0.970495469,0.5694717282935565,0.8480906695,0.9030261202360312,0.9337132013214337,4,Funding-Rich Underperformers,Funding-Rich Underperformers
287,2022,PFS,Provident Financial Services Inc,13783.436,147.203,1597.703,10598.729,1411.235,56.758,10248.883,2261.172,175.648,417.552,87.789,60.633,2022,Optimal,0.15345714,0.021377959,0.0874175495,0.84654286,0.958138985061063,0.9125824505,0.9030261202360312,0.9337132013214337,2,Transformation Specialists,Transformation Specialists
288,2022,PGC,Peapack-Gladstone Financial Corp,6353.593,89.476,532.98,5205.164,530.917,15.573,5285.246,700.596,74.246,176.08,66.417,19.09,2022,Optimal,0.10299973,0.023452072,0.063225901,0.89700027,0.9541706492338804,0.936774099,0.9030261202360312,0.9337132013214337,2,Transformation Specialists,Transformation Specialists
289,2022,PKBK,Parke Bancorp Inc,1984.915,10.835,266.034,1575.981,128.727,5.962,1751.459,24.183,41.823,73.327,8.382,17.826,2022,Optimal,0.034588576,0.0,0.017294288,0.965411424,1.0,0.982705712,0.9030261202360312,0.9337132013214337,1,Network Leaders,Network Leaders
290,2022,PLBC,Plumas Bancorp,1621.044,17.451,119.004,1457.809,32.33,5.397,914.685,444.703,26.444,58.509,11.05,1.19,2022,Optimal,0.031283138,0.13777553,0.084529334,0.968716862,0.7578159727165164,0.915470666,0.9030261202360312,0.9337132013214337,4,Funding-Rich Underperformers,Funding-Rich Underperformers
291,2022,PNBK,Patriot National Bancorp Inc,1043.359,15.506,59.583,860.446,117.553,23.097,848.316,95.471,6.161,33.259,3.605,19.748,2022,Optimal,0.11731698,0.0,0.05865849,0.88268302,1.0,0.94134151,0.9030261202360312,0.9337132013214337,2,Transformation Specialists,Transformation Specialists
292,2022,PNC,The PNC Financial Services Group Inc,557263.0,7244.0,45812.0,436282.0,60873.0,2506.0,319511.0,139334.0,6041.0,13014.0,8106.0,2019.0,2022,Optimal,0.0,0.0,0.0,1.0,1.0,1.0,0.9030261202360312,0.9337132013214337,1,Network Leaders,Network Leaders
293,2022,PNFP,Pinnacle Financial Partners Inc,41970.021,510.175,5519.392,34961.238,1218.967,40.106,29041.605,6637.92,560.742,1129.293,416.124,46.068,2022,Optimal,0.080346227,0.0,0.0401731135,0.919653773,1.0,0.9598268865,0.9030261202360312,0.9337132013214337,1,Network Leaders,Network Leaders
294,2022,PPBN,Pinnacle Bankshares Corp,969.931,14.742,57.008,899.238,10.0,0.95,632.324,252.515,8.242,30.44,7.023,1.695,2022,Optimal,0.0072321837,0.064788489,0.03601033635,0.9927678163,0.8783073076591081,0.96398966365,0.9030261202360312,0.9337132013214337,4,Funding-Rich Underperformers,Funding-Rich Underperformers
295,2022,PRK,Park National Corp,9854.993,173.042,1069.226,8234.715,435.3,106.177,7139.742,1820.787,148.351,347.059,135.935,102.465,2022,Optimal,0.081817027,0.0,0.0409085135,0.918182973,1.0,0.9590914865,0.9030261202360312,0.9337132013214337,1,Network Leaders,Network Leaders
296,2022,PROV,Provident Financial Holdings Inc,1187.038,15.833,128.65,955.504,86.998,8.646,945.556,196.66,9.093,31.595,4.716,1.423,2022,Optimal,0.13697689,0.0,0.068488445,0.86302311,1.0,0.931511555,0.9030261202360312,0.9337132013214337,2,Transformation Specialists,Transformation Specialists
297,2022,PSBQ,PSB Holdings Inc/WI,1337.689,17.94,101.942,1148.755,74.546,13.741,974.158,284.561,13.637,40.003,7.444,6.371,2022,Optimal,0.077514484,0.052732203,0.0651233435,0.922485516,0.8998183909455272,0.9348766565,0.9030261202360312,0.9337132013214337,4,Funding-Rich Underperformers,Funding-Rich Underperformers
298,2022,PVBC,Provident Bancorp Inc,1636.381,31.737,207.542,1279.582,131.111,2.892,1444.116,32.866,-21.468,75.03,6.149,33.434,2022,Optimal,0.15958642,0.0,0.07979321,0.84041358,1.0,0.92020679,0.9030261202360312,0.9337132013214337,2,Transformation Specialists,Transformation Specialists
299,2022,PVBK,Pacific Valley Bancorp,559.03,8.047,47.396,492.496,17.468,0.794,409.322,29.928,5.207,19.362,1.496,0.188,2022,Optimal,0.065973355,0.1530778,0.1095255775,0.934026645,0.7344883406826496,0.8904744225,0.9030261202360312,0.9337132013214337,4,Funding-Rich Underperformers,Funding-Rich Underperformers
300,2022,QCRH,QCR Holdings Inc,7948.837,115.368,772.724,5984.217,828.894,2.76,6137.391,970.603,99.066,231.12,80.729,8.903,2022,Optimal,0.17465837,0.0,0.087329185,0.82534163,1.0,0.912670815,0.9030261202360312,0.9337132013214337,2,Transformation Specialists,Transformation Specialists
301,2022,QNBC,QNB Corp,1668.497,17.306,70.958,1418.369,174.554,11.672,1039.385,563.774,15.921,44.497,5.731,9.121,2022,Optimal,0.053640483,0.08418187,0.0689111765,0.946359517,0.8447089509069174,0.9310888235,0.9030261202360312,0.9337132013214337,4,Funding-Rich Underperformers,Funding-Rich Underperformers
302,2022,QNTO,Quaint Oak Bancorp Inc,792.35,20.137,49.082,549.248,179.677,0.009,629.542,9.571,7.863,23.689,19.411,2.0,2022,Optimal,0.26368332,0.0,0.13184166,0.7363166800000001,1.0,0.86815834,0.9030261202360312,0.9337132013214337,2,Transformation Specialists,Transformation Specialists
303,2022,RBB,RBB Bancorp,3919.058,35.488,484.563,2977.683,434.828,21.018,3336.449,277.559,64.327,149.554,11.252,24.1,2022,Optimal,0.16923123,0.0014258124,0.0853285212,0.8307687699999999,0.9971524352930692,0.9146714788,0.9030261202360312,0.9337132013214337,2,Transformation Specialists,Transformation Specialists
304,2022,RBCAA,Republic Bancorp Inc,5835.543,111.24,856.613,4537.845,349.765,22.344,4515.802,717.008,91.106,236.691,89.81,17.899,2022,Optimal,0.14980014,0.0,0.07490007,0.85019986,1.0,0.92509993,0.9030261202360312,0.9337132013214337,2,Transformation Specialists,Transformation Specialists
305,2022,RBKB,Rhinebeck Bancorp Inc,1335.977,21.599,108.132,1129.933,69.774,6.689,1002.311,226.917,6.997,41.836,5.896,4.424,2022,Optimal,0.092057881,0.090282237,0.091170059,0.907942119,0.8343874018374932,0.908829941,0.9030261202360312,0.9337132013214337,4,Funding-Rich Underperformers,Funding-Rich Underperformers
306,2022,RF,Regions Financial Corp,155220.0,2318.0,15951.0,131743.0,2837.0,474.0,97009.0,29716.0,2245.0,4786.0,2429.0,516.0,2022,Optimal,0.0,0.0,0.0,1.0,1.0,1.0,0.9030261202360312,0.9337132013214337,1,Network Leaders,Network Leaders
307,2022,RMBI,Richmond Mutual Bancorporation Inc,1328.62,18.478,132.978,1005.261,180.507,8.058,974.104,301.519,12.965,41.639,4.867,9.233,2022,Optimal,0.18845826,0.018605021,0.1035316405,0.81154174,0.963469606733855,0.8964683595,0.9030261202360312,0.9337132013214337,2,Transformation Specialists,Transformation Specialists
308,2022,RNST,Renasant Corp,16988.176,261.654,2136.016,13486.966,1197.734,53.345,11578.304,2857.982,166.068,481.298,149.253,58.639,2022,Optimal,0.12553027,0.066340962,0.095935616,0.87446973,0.8755727026080427,0.904064384,0.9030261202360312,0.9337132013214337,3,Network Laggards,Network Laggards
309,2022,RRBI,Red River Bancshares Inc,3082.686,34.56,265.753,2798.936,4.258,0.979,1916.267,779.547,36.916,86.639,18.747,2.366,2022,Optimal,0.012648196,0.0,0.006324098,0.987351804,1.0,0.993675902,0.9030261202360312,0.9337132013214337,1,Network Leaders,Network Leaders
310,2022,RVSB,Riverview Bancorp Inc,1589.712,23.982,155.239,1265.217,159.965,22.099,1008.856,462.209,18.069,51.606,12.194,1.852,2022,Optimal,0.14471143,0.0,0.072355715,0.85528857,1.0,0.927644285,0.9030261202360312,0.9337132013214337,2,Transformation Specialists,Transformation Specialists
311,2022,SBCF,Seacoast Banking Corp of Florida,12145.762,149.126,1607.775,9981.595,457.332,44.216,8144.724,2664.75,106.507,366.162,66.091,31.144,2022,Optimal,0.095975973,0.034802525,0.065389249,0.904024027,0.9327359101679812,0.934610751,0.9030261202360312,0.9337132013214337,4,Funding-Rich Underperformers,Funding-Rich Underperformers
312,2022,SBFG,SB Financial Group Inc,1335.633,24.142,118.428,1086.665,104.827,6.481,962.075,245.106,12.521,39.399,18.231,5.113,2022,Optimal,0.12694631,0.10244915,0.11469773,0.87305369,0.814142629616976,0.88530227,0.9030261202360312,0.9337132013214337,3,Network Laggards,Network Laggards
313,2022,SBKO,Summit Bank Group Inc,968.984,15.368,84.624,857.119,21.759,0.389,743.8,64.478,13.553,41.242,2.76,0.644,2022,Optimal,0.053431974,0.050457214,0.051944594,0.946568026,0.9039328526140238,0.948055406,0.9030261202360312,0.9337132013214337,4,Funding-Rich Underperformers,Funding-Rich Underperformers
314,2022,SBNC,Southern Bancshares NC Inc,4726.557,57.839,284.283,4125.982,300.758,3.516,2850.367,1562.103,29.919,129.782,11.416,2.716,2022,Optimal,0.046659841,0.064234098,0.0554469695,0.953340159,0.8792857734577115,0.9445530305,0.9030261202360312,0.9337132013214337,4,Funding-Rich Underperformers,Funding-Rich Underperformers
315,2022,SBSI,Southside Bancshares Inc,7558.636,82.633,745.997,6198.019,550.52,11.609,4147.691,2646.114,105.02,212.341,40.857,10.862,2022,Optimal,0.10024277,0.075099942,0.087671356,0.89975723,0.8602921662142551,0.912328644,0.9030261202360312,0.9337132013214337,3,Network Laggards,Network Laggards
316,2022,SFBC,Sound Financial Bancorp Inc,976.351,16.415,97.705,808.763,60.124,6.211,865.981,15.238,8.804,35.295,4.582,3.618,2022,Optimal,0.11427091,0.033360096,0.073815503,0.88572909,0.9354337444824268,0.926184497,0.9030261202360312,0.9337132013214337,2,Transformation Specialists,Transformation Specialists
317,2022,SFBS,ServisFirst Bancshares Inc,14595.753,77.952,1297.896,11546.805,1703.138,13.305,11687.968,1686.67,251.504,470.892,33.359,18.089,2022,Optimal,0.083721181,0.0,0.0418605905,0.916278819,1.0,0.9581394095,0.9030261202360312,0.9337132013214337,1,Network Leaders,Network Leaders
318,2022,SFDL,Security Federal Corp,1381.366,20.05,160.233,1110.085,105.227,2.813,560.182,718.237,10.228,37.55,9.612,6.421,2022,Optimal,0.13730917,0.0,0.068654585,0.86269083,1.0,0.931345415,0.9030261202360312,0.9337132013214337,2,Transformation Specialists,Transformation Specialists
319,2022,SFIGA,Star Financial Group Inc,3011.251,42.936,153.444,2523.807,311.13,2.679,1598.869,1147.643,23.129,81.983,24.87,3.066,2022,Optimal,0.089990496,0.087926957,0.0889587265,0.910009504,0.838358712532573,0.9110412735,0.9030261202360312,0.9337132013214337,4,Funding-Rich Underperformers,Funding-Rich Underperformers
320,2022,SFNC,Simmons First National Corp,27461.061,286.982,3269.362,22548.094,1433.538,76.252,16142.124,7612.56,256.412,717.316,170.066,62.472,2022,Optimal,0.093528296,0.063836567,0.0786824315,0.906471704,0.8799880188739555,0.9213175685,0.9030261202360312,0.9337132013214337,4,Funding-Rich Underperformers,Funding-Rich Underperformers
321,2022,SFST,Southern First Bankshares Inc,3691.981,38.79,294.512,3133.864,237.041,4.864,3273.363,104.18,29.115,97.621,9.58,2.627,2022,Optimal,0.074365855,0.0,0.0371829275,0.925634145,1.0,0.9628170725,0.9030261202360312,0.9337132013214337,1,Network Leaders,Network Leaders
322,2022,SHBI,Shore Bancshares Inc,3477.276,45.839,364.285,3009.784,92.98,3.826,2556.107,655.444,31.177,101.302,23.086,3.946,2022,Optimal,0.059009527,0.01695264,0.0379810835,0.940990473,0.9666599223342396,0.9620189165,0.9030261202360312,0.9337132013214337,1,Network Leaders,Network Leaders
323,2022,SLBK,Skyline Bankshares Inc,997.734,14.823,72.936,920.327,0.739,4.59,754.872,137.101,10.281,34.637,6.257,4.288,2022,Optimal,0.011890512,0.0,0.005945256,0.988109488,1.0,0.994054744,0.9030261202360312,0.9337132013214337,1,Network Leaders,Network Leaders
324,2022,SMBC,Southern Missouri Bancorp Inc,3214.782,35.611,320.772,2815.075,64.861,8.118,2719.391,247.077,47.169,103.567,21.203,6.309,2022,Optimal,0.047472572,0.0,0.023736286,0.952527428,1.0,0.976263714,0.9030261202360312,0.9337132013214337,1,Network Leaders,Network Leaders
325,2022,SMBK,SmartFinancial Inc,4637.498,63.42,432.452,4077.1,93.332,5.058,3253.627,785.372,43.022,137.501,27.715,4.808,2022,Optimal,0.040005622,0.065063474,0.052534548,0.959994378,0.8778223540881658,0.947465452,0.9030261202360312,0.9337132013214337,4,Funding-Rich Underperformers,Funding-Rich Underperformers
326,2022,SNV,Synovus Financial Corp.,59731.378,681.71,4475.801,48871.559,4859.569,158.179,43716.353,9986.424,757.902,1796.9,409.336,143.381,2022,Optimal,0.096332163,0.0075160448,0.0519241039,0.903667837,0.9850800494169956,0.9480758961,0.9030261202360312,0.9337132013214337,1,Network Leaders,Network Leaders
327,2022,SOMC,Southern Michigan Bancorp Inc,1276.523,18.134,86.164,1091.051,89.251,1.521,886.626,247.815,13.491,38.102,7.38,1.129,2022,Optimal,0.082540845,0.12334706,0.1029439524999999,0.917459155,0.7803936745959883,0.8970560475,0.9030261202360312,0.9337132013214337,4,Funding-Rich Underperformers,Funding-Rich Underperformers
328,2022,SOME,Somerset Trust Holding Co,2017.477,32.446,102.869,1657.822,242.867,15.465,1263.828,613.204,20.856,70.489,13.608,10.66,2022,Optimal,0.11434863,0.093887772,0.104118201,0.8856513699999999,0.828341125290502,0.895881799,0.9030261202360312,0.9337132013214337,3,Network Laggards,Network Laggards
329,2022,SPFI,South Plains Financial Inc,3944.063,86.323,357.014,3406.43,131.251,11.63,2748.081,701.711,58.24,138.476,76.145,7.959,2022,Optimal,0.059226416,0.045776068,0.052501242,0.940773584,0.9124553154337436,0.947498758,0.9030261202360312,0.9337132013214337,4,Funding-Rich Underperformers,Funding-Rich Underperformers
330,2022,SRCE,1st Source Corp,8339.416,105.11,923.766,6928.265,340.482,41.334,6011.162,1800.421,120.509,263.469,91.262,26.927,2022,Optimal,0.088154593,0.0,0.0440772965,0.911845407,1.0,0.9559227035,0.9030261202360312,0.9337132013214337,1,Network Leaders,Network Leaders
331,2022,SSB,SouthState Bank Corp,43918.696,554.704,5074.927,36350.623,1064.302,83.746,30177.862,8186.217,496.049,1335.671,309.247,109.742,2022,Optimal,0.086174808,0.0,0.043087404,0.913825192,1.0,0.956912596,0.9030261202360312,0.9337132013214337,1,Network Leaders,Network Leaders
332,2022,SSBI,Summit State Bank,1115.343,14.651,88.546,962.655,48.329,0.487,928.546,88.522,16.968,42.427,7.495,3.756,2022,Optimal,0.074495189,0.031324121,0.052909655,0.925504811,0.939254555649048,0.947090345,0.9030261202360312,0.9337132013214337,1,Network Leaders,Network Leaders
333,2022,STBA,S&T Bancorp Inc,9110.567,103.221,1184.659,7219.97,488.891,79.604,7183.969,1025.813,135.52,315.783,58.259,22.117,2022,Optimal,0.12993657,0.0,0.064968285,0.87006343,1.0,0.935031715,0.9030261202360312,0.9337132013214337,2,Transformation Specialists,Transformation Specialists
334,2022,STD2,Santander Holdings USA Inc,168194.32,2001.243,17929.722,79128.541,59578.524,2149.341,97338.329,17591.437,1405.007,6174.463,3729.263,2575.951,2022,Optimal,0.46247282,0.0,0.23123641,0.53752718,1.0,0.76876359,0.9030261202360312,0.9337132013214337,2,Transformation Specialists,Transformation Specialists
335,2022,STEL,Stellar Bancorp Inc,10900.437,107.554,1383.176,9267.632,196.428,24.127,7754.751,1822.644,51.432,288.958,20.354,45.048,2022,Optimal,0.062136111,0.042895842,0.0525159765,0.937863889,0.9177370543203296,0.9474840235,0.9030261202360312,0.9337132013214337,4,Funding-Rich Underperformers,Funding-Rich Underperformers
336,2022,SYBT,Stock Yards Bancorp Inc,7496.261,103.208,760.432,6391.252,239.482,14.62,5205.918,1628.762,92.972,233.383,89.149,15.811,2022,Optimal,0.064796514,0.0185055,0.041651007,0.935203486,0.9636614628001516,0.958348993,0.9030261202360312,0.9337132013214337,1,Network Leaders,Network Leaders
337,2022,TBBK,Bancorp Inc (The),7903.0,105.368,694.031,7030.113,122.521,5.152,5486.853,778.645,130.213,248.841,105.683,39.341,2022,Optimal,0.023552741,0.0,0.0117763705,0.976447259,1.0,0.9882236295,0.9030261202360312,0.9337132013214337,1,Network Leaders,Network Leaders
338,2022,TCBI,Texas Capital Bancshares Inc,28414.642,436.809,3055.351,22856.88,2239.275,72.502,19287.34,3585.114,332.478,875.758,349.529,48.338,2022,Optimal,0.11260019,0.0012786807,0.05693943535,0.88739981,0.9974459044726568,0.94306056465,0.9030261202360312,0.9337132013214337,2,Transformation Specialists,Transformation Specialists
339,2022,TCBK,TriCo Bancshares,9930.986,129.852,1046.416,8329.013,394.649,32.944,6450.447,2633.269,125.419,345.976,63.046,24.76,2022,Optimal,0.078344899,0.026933027,0.052638963,0.921655101,0.9475466728756792,0.947361037,0.9030261202360312,0.9337132013214337,1,Network Leaders,Network Leaders
340,2022,TCBS,Texas Community Bancshares Inc,417.346,5.798,55.87,296.077,62.91,1.799,253.029,137.785,1.754,10.283,1.868,1.182,2022,Optimal,0.22858186,0.00087047284,0.11472616642,0.77141814,0.9982605684479232,0.88527383358,0.9030261202360312,0.9337132013214337,2,Transformation Specialists,Transformation Specialists
341,2022,TCBX,Third Coast Bancshares Inc,3773.148,56.51,381.78,3236.146,129.432,17.279,3107.551,191.472,18.659,116.454,7.223,12.261,2022,Optimal,0.066508386,0.058221683,0.0623650345,0.933491614,0.8899631637958036,0.9376349655,0.9030261202360312,0.9337132013214337,4,Funding-Rich Underperformers,Funding-Rich Underperformers
342,2022,TECTP,Tectonic Financial Inc,612.536,31.093,96.498,493.025,13.665,3.667,450.332,49.491,17.03,27.481,40.04,2.804,2022,Optimal,0.14704693,0.021471502,0.084259216,0.85295307,0.9579596651341526,0.915740784,0.9030261202360312,0.9337132013214337,2,Transformation Specialists,Transformation Specialists
343,2022,TFC,Truist Financial Corp,555255.0,8467.0,60537.0,413495.0,68170.0,1163.0,325991.0,131691.0,6260.0,14316.0,8719.0,1250.0,2022,Optimal,0.050561805,0.0,0.0252809025,0.949438195,1.0,0.9747190975,0.9030261202360312,0.9337132013214337,1,Network Leaders,Network Leaders
344,2022,TFIN,Triumph Financial Inc,5333.783,201.487,888.971,4171.336,213.333,54.788,4120.291,270.024,102.311,400.492,84.068,54.581,2022,Optimal,0.14579191,0.0,0.072895955,0.85420809,1.0,0.927104045,0.9030261202360312,0.9337132013214337,2,Transformation Specialists,Transformation Specialists
345,2022,TFSL,TFS Financial Corp,15790.198,109.339,1844.339,8921.017,4808.996,44.334,14329.962,670.198,74.565,267.396,23.804,36.797,2022,Optimal,0.36542552,0.0,0.18271276,0.6345744799999999,1.0,0.81728724,0.9030261202360312,0.9337132013214337,2,Transformation Specialists,Transformation Specialists
346,2022,THFF,First Financial Corp,4989.281,65.555,475.293,4368.871,86.349,18.371,3067.438,1345.859,71.109,165.042,46.716,16.726,2022,Optimal,0.043036876,0.064667469,0.0538521725,0.956963124,0.8785208135254859,0.9461478275,0.9030261202360312,0.9337132013214337,4,Funding-Rich Underperformers,Funding-Rich Underperformers
347,2022,TMP,Tompkins Financial Corp,7670.686,123.23,617.39,6602.295,382.079,31.292,5268.911,1925.808,85.03,230.281,77.972,32.996,2022,Optimal,0.055643604,0.03967231,0.047657957,0.944356396,0.9236830497101534,0.952342043,0.9030261202360312,0.9337132013214337,4,Funding-Rich Underperformers,Funding-Rich Underperformers
348,2022,TOWN,TowneBank,15845.267,255.625,1888.757,13294.223,400.187,10.556,10794.602,2405.335,188.987,461.365,225.57,6.833,2022,Optimal,0.075904085,0.0,0.0379520425,0.924095915,1.0,0.9620479575,0.9030261202360312,0.9337132013214337,1,Network Leaders,Network Leaders
349,2022,TRCY,Tri City Bankshares Corp,2038.496,30.286,128.57,1891.341,12.717,3.132,1177.932,694.862,17.466,57.593,18.272,8.118,2022,Optimal,0.0,0.0,0.0,1.0,1.0,1.0,0.9030261202360312,0.9337132013214337,1,Network Leaders,Network Leaders
350,2022,TRMK,Trustmark Corp,18015.478,287.44,1492.268,14437.648,1724.319,67.255,12204.039,3518.596,71.887,494.708,205.144,67.958,2022,Optimal,0.11705188,0.059622856,0.088337368,0.88294812,0.8874640054008045,0.911662632,0.9030261202360312,0.9337132013214337,3,Network Laggards,Network Laggards
351,2022,TRST,TrustCo Bank Corp NY,6000.052,45.904,599.987,5192.81,171.68,19.118,4733.201,495.017,75.234,180.135,19.26,19.554,2022,Optimal,0.039971988,0.072997997,0.0564849925,0.960028012,0.8639363778793707,0.9435150075,0.9030261202360312,0.9337132013214337,4,Funding-Rich Underperformers,Funding-Rich Underperformers
352,2022,TSBK,Timberland Bancorp Inc,1860.508,20.816,218.569,1632.176,2.066,3.17,1146.129,314.052,23.6,55.834,12.624,2.165,2022,Optimal,0.054364169,0.0,0.0271820845,0.945635831,1.0,0.9728179155,0.9030261202360312,0.9337132013214337,1,Network Leaders,Network Leaders
353,2022,UBAB,United Bancorporation of Alabama Inc,1407.237,17.201,212.607,1169.038,18.939,11.632,722.515,339.042,18.685,43.392,14.664,7.063,2022,Optimal,0.10717589,0.14977109,0.12847349,0.8928241100000001,0.7394766813975119,0.87152651,0.9030261202360312,0.9337132013214337,3,Network Laggards,Network Laggards
354,2022,UBCP,United Bancorp Inc,757.4,10.305,59.737,649.913,41.832,4.624,460.875,220.123,8.657,24.388,4.083,3.701,2022,Optimal,0.085064249,0.13705834,0.1110612944999999,0.914935751,0.7589247003808088,0.8889387055,0.9030261202360312,0.9337132013214337,4,Funding-Rich Underperformers,Funding-Rich Underperformers
355,2022,UBFO,United Security Bancshares,1299.193,11.833,112.463,1165.484,12.976,16.649,980.178,210.86,15.686,46.062,1.838,19.519,2022,Optimal,0.035048556,0.0,0.017524278,0.964951444,1.0,0.982475722,0.9030261202360312,0.9337132013214337,1,Network Leaders,Network Leaders
356,2022,UBOH,United Bancshares Inc/OH,1087.293,18.452,82.691,953.883,45.746,1.24,683.575,285.146,11.31,35.684,9.954,1.737,2022,Optimal,0.059941311,0.11339176,0.0866665355,0.940058689,0.7963129168478847,0.9133334645,0.9030261202360312,0.9337132013214337,4,Funding-Rich Underperformers,Funding-Rich Underperformers
357,2022,UBSI,United Bankshares Inc,29489.38,288.352,4516.193,22303.166,2434.103,105.586,20558.166,4872.604,379.627,896.431,153.261,60.69,2022,Optimal,0.16225435,0.0,0.081127175,0.83774565,1.0,0.918872825,0.9030261202360312,0.9337132013214337,2,Transformation Specialists,Transformation Specialists
358,2022,UCB,United Community Banks Inc,24008.884,276.205,2700.674,19876.507,1075.284,32.855,15334.627,6227.981,277.472,752.357,137.707,44.281,2022,Optimal,0.087004304,0.036603398,0.061803851,0.912995696,0.9293782017874496,0.938196149,0.9030261202360312,0.9337132013214337,4,Funding-Rich Underperformers,Funding-Rich Underperformers
359,2022,UMBF,UMB Financial Corp,38512.461,524.431,2667.093,32639.133,2666.978,92.3,21029.253,13215.297,431.682,913.797,554.233,19.337,2022,Optimal,0.064444679,0.0,0.0322223395,0.935555321,1.0,0.9677776605,0.9030261202360312,0.9337132013214337,1,Network Leaders,Network Leaders
360,2022,UNB,Union Bankshares Inc,1336.489,19.113,55.22,1201.912,68.46,4.748,959.493,251.531,12.615,39.424,8.987,2.397,2022,Optimal,0.013274695,0.14369879,0.0784867425,0.986725305,0.7487121762190551,0.9215132575,0.9030261202360312,0.9337132013214337,4,Funding-Rich Underperformers,Funding-Rich Underperformers
361,2022,UNTY,Unity Bancorp Inc,2444.948,26.949,239.231,1787.528,398.951,9.686,2078.631,160.01,38.457,90.108,8.045,9.065,2022,Optimal,0.21063225,0.048632006,0.1296321279999999,0.78936775,0.907246763932933,0.870367872,0.9030261202360312,0.9337132013214337,3,Network Laggards,Network Laggards
362,2022,USB,U.S. Bancorp,674805.0,9157.0,51232.0,524976.0,72545.0,878.0,378132.0,161650.0,5825.0,14728.0,9456.0,1016.0,2022,Optimal,0.0,0.0,0.0,1.0,1.0,1.0,0.9030261202360312,0.9337132013214337,1,Network Leaders,Network Leaders
363,2022,UVSP,Univest Financial Corp,7222.016,115.806,776.5,5913.526,473.554,34.038,6123.23,541.403,78.12,218.297,77.885,33.535,2022,Optimal,0.10241833,0.0016610062,0.0520396681,0.89758167,0.996683496333153,0.9479603319,0.9030261202360312,0.9337132013214337,2,Transformation Specialists,Transformation Specialists
364,2022,UWHR,Uwharrie Capital Corp,1019.49,19.655,37.397,939.856,32.644,0.972,497.889,356.709,7.684,27.74,10.133,0.399,2022,Optimal,0.0,0.18474387,0.092371935,1.0,0.6881285910346174,0.907628065,0.9030261202360312,0.9337132013214337,4,Funding-Rich Underperformers,Funding-Rich Underperformers
365,2022,VABK,Virginia National Bankshares Corp,1623.359,17.26,133.416,1478.338,9.586,1.906,936.415,543.323,23.438,53.547,13.661,1.378,2022,Optimal,0.018903203,0.0057134794,0.0123083412,0.981096797,0.9886379579929492,0.9876916588,0.9030261202360312,0.9337132013214337,1,Network Leaders,Network Leaders
366,2022,VBTX,Veritex Holdings Inc,12154.361,117.841,1449.773,9123.234,1421.102,50.128,9482.651,1403.892,146.315,364.657,52.822,43.667,2022,Optimal,0.17142268,0.039041492,0.105232086,0.82857732,0.9248509471458144,0.894767914,0.9030261202360312,0.9337132013214337,3,Network Laggards,Network Laggards
367,2022,VLY,Valley National Bancorp,57462.749,526.737,6400.802,47636.914,2097.431,245.406,46917.2,5137.466,568.851,1655.64,206.793,271.984,2022,Optimal,0.070847073,0.0,0.0354235365,0.929152927,1.0,0.9645764635,0.9030261202360312,0.9337132013214337,1,Network Leaders,Network Leaders
368,2022,WABC,Westamerica Bancorporation,6950.317,46.125,602.11,6225.29,73.538,1.031,958.488,5259.557,122.034,219.831,45.121,0.774,2022,Optimal,0.0,0.0,0.0,1.0,1.0,1.0,0.9030261202360312,0.9337132013214337,1,Network Leaders,Network Leaders
369,2022,WAFD,WaFd Inc,20772.131,193.917,2274.26,16029.57,2152.974,43.625,16286.372,2609.409,236.33,594.589,67.023,44.554,2022,Optimal,0.14447655,0.032706957,0.0885917535,0.85552345,0.9366578160855752,0.9114082465,0.9030261202360312,0.9337132013214337,2,Transformation Specialists,Transformation Specialists
370,2022,WAL,Western Alliance Bancorporation,67734.0,539.5,5356.0,53644.0,7377.0,87.3,51862.0,8760.0,1057.3,2216.3,324.6,98.0,2022,Optimal,0.09864818,0.0,0.04932409,0.90135182,1.0,0.95067591,0.9030261202360312,0.9337132013214337,2,Transformation Specialists,Transformation Specialists
371,2022,WASH,Washington Trust Bancorp Inc,6660.051,83.804,453.669,5018.962,1032.239,14.203,5110.139,1037.391,71.681,155.99,62.602,12.846,2022,Optimal,0.17518541,0.060075719,0.1176305645,0.82481459,0.886657683176309,0.8823694355,0.9030261202360312,0.9337132013214337,3,Network Laggards,Network Laggards
372,2022,WBS,Webster Financial Corp,71277.521,723.62,8056.186,54054.34,7924.791,112.59,49764.426,14903.294,644.283,2034.286,440.783,206.136,2022,Optimal,0.15850841,0.0,0.079254205,0.84149159,1.0,0.920745795,0.9030261202360312,0.9337132013214337,2,Transformation Specialists,Transformation Specialists
373,2022,WCCB,West Coast Community Bancorp,1744.487,17.076,197.676,1530.782,4.811,0.375,1222.476,332.2,30.944,70.209,4.544,3.153,2022,Optimal,0.054172663,0.0,0.0270863315,0.945827337,1.0,0.9729136685,0.9030261202360312,0.9337132013214337,1,Network Leaders,Network Leaders
374,2022,WCFB,WCF Bancorp Inc,161.128,2.587,23.112,118.666,18.388,0.358,119.272,26.935,0.617,4.602,0.763,0.547,2022,Optimal,0.12378467,0.0,0.061892335,0.87621533,1.0,0.938107665,0.9030261202360312,0.9337132013214337,2,Transformation Specialists,Transformation Specialists
375,2022,WFC,Wells Fargo & Co,1881016.0,34340.0,181875.0,1383985.0,230480.0,7324.0,940963.0,438488.0,13182.0,44950.0,28835.0,5763.0,2022,Optimal,0.0,0.0,0.0,1.0,1.0,1.0,0.9030261202360312,0.9337132013214337,1,Network Leaders,Network Leaders
376,2022,WNEB,Western New England Bancorp Inc,2553.15,32.697,228.143,2229.443,71.658,4.964,1991.4,386.754,25.887,79.232,13.332,5.694,2022,Optimal,0.054868026,0.051371908,0.053119967,0.945131974,0.9022764302353796,0.946880033,0.9030261202360312,0.9337132013214337,4,Funding-Rich Underperformers,Funding-Rich Underperformers
377,2022,WSBC,WesBanco Inc,16931.905,204.799,2426.662,13131.09,1174.185,39.488,10702.728,3789.055,192.113,474.313,117.391,42.901,2022,Optimal,0.14586194,0.052131326,0.098996633,0.85413806,0.900903385895384,0.901003367,0.9030261202360312,0.9337132013214337,3,Network Laggards,Network Laggards
378,2022,WSBF,Waterstone Financial Inc,2031.672,99.565,370.486,1199.012,386.784,5.722,1510.178,213.945,19.487,56.954,105.555,4.452,2022,Optimal,0.36609644,0.0,0.18304822,0.63390356,1.0,0.81695178,0.9030261202360312,0.9337132013214337,2,Transformation Specialists,Transformation Specialists
379,2022,WSFS,WSFS Financial Corp,19914.755,283.905,2201.886,16203.569,885.163,33.133,11911.853,5254.915,222.375,662.89,260.134,43.372,2022,Optimal,0.10321978,0.0059810603,0.0546004201499999,0.89678022,0.9881090001869096,0.94539957985,0.9030261202360312,0.9337132013214337,2,Transformation Specialists,Transformation Specialists
380,2022,WTBA,West Bancorporation Inc,3613.218,25.838,211.112,2880.408,490.536,8.948,2742.836,683.451,46.399,91.74,10.208,0.322,2022,Optimal,0.11692504,0.0,0.05846252,0.88307496,1.0,0.94153748,0.9030261202360312,0.9337132013214337,2,Transformation Specialists,Transformation Specialists
381,2022,WTBFA,W T B Financial Corp,10423.09,154.433,867.129,9217.086,222.493,52.292,6042.262,3769.223,114.053,323.12,58.183,3.062,2022,Optimal,0.027657893,0.0,0.0138289465,0.972342107,1.0,0.9861710535,0.9030261202360312,0.9337132013214337,1,Network Leaders,Network Leaders
382,2022,WTFC,Wintrust Financial Corp.,52949.649,696.107,4796.838,42902.544,3770.381,78.709,39196.485,7218.708,509.682,1495.362,461.053,110.597,2022,Optimal,0.10522726,0.0,0.05261363,0.89477274,1.0,0.94738637,0.9030261202360312,0.9337132013214337,2,Transformation Specialists,Transformation Specialists
383,2022,ZION,Zions Bancorporation National Association,89545.0,1235.0,4893.0,71652.0,11266.0,272.0,55267.0,23422.0,907.0,2520.0,632.0,149.0,2022,Optimal,0.0,0.0,0.0,1.0,1.0,1.0,0.9030261202360312,0.9337132013214337,1,Network Leaders,Network Leaders
