DMU,Year,Ticker,Bank Name,Assets,Employee Expense,Equity,Deposits,Borrowings,NPAs (Previous Period),Performing Loans,Investment,Net Income,Net-interest Income,Non-interest Income,NPAs,LP_Group,LP_Status,beta1,beta2,overall_beta,Stage1_Efficiency,Stage2_Efficiency,Overall_Efficiency,Stage1_Mean,Stage2_Mean,Class,Class_Name,Quadrant_Name
1,2021,ABBB,Auburn Bancorp Inc,100.392,1.83,8.107,82.7,9.373,0.818,77.033,9.661,0.409,3.017,0.831,0.875,2021,Optimal,0.0,0.0,0.0,1.0,1.0,1.0,0.9277338271067884,0.8996884017114126,1,Network Leaders,Network Leaders
2,2021,ABCB,Ameris Bancorp,23858.321,337.776,2966.451,19665.553,936.875,97.207,15874.258,720.023,376.913,655.327,365.544,101.871,2021,Optimal,0.079343391,0.0,0.0396716955,0.920656609,1.0,0.9603283045,0.9277338271067884,0.8996884017114126,2,Transformation Specialists,Transformation Specialists
3,2021,ACNB,ACNB Corp,2786.987,36.816,272.114,2426.389,73.172,7.896,1468.427,448.464,27.834,71.244,22.776,6.219,2021,Optimal,0.045786359,0.34524584,0.1955160995,0.954213641,0.4867171044364649,0.8044839005,0.9277338271067884,0.8996884017114126,4,Funding-Rich Underperformers,Funding-Rich Underperformers
4,2021,AFBI,Affinity Bancshares Inc,788.088,10.415,120.968,614.799,48.988,6.194,584.384,51.033,7.573,29.276,2.678,10.538,2021,Optimal,0.14634385,0.059465294,0.102904572,0.85365615,0.8877447060573558,0.897095428,0.9277338271067884,0.8996884017114126,3,Network Laggards,Network Laggards
5,2021,ALPIB,Alpine Banks of Colorado,6218.621,78.631,418.449,5607.891,146.857,5.074,3386.69,1746.737,59.646,172.072,47.567,3.836,2021,Optimal,0.0,0.094572813,0.0472864065,1.0,0.8271968536459529,0.9527135935,0.9277338271067884,0.8996884017114126,4,Funding-Rich Underperformers,Funding-Rich Underperformers
6,2021,ALRS,Alerus Financial Corp,3392.691,115.419,359.403,2920.551,63.208,5.143,1758.02,1212.191,52.681,87.099,147.387,3.082,2021,Optimal,0.054220678,0.0,0.027110339,0.945779322,1.0,0.972889661,0.9277338271067884,0.8996884017114126,1,Network Leaders,Network Leaders
7,2021,AMAL,Amalgamated Financial Corp,7077.876,69.844,563.875,6356.255,131.991,82.234,3312.224,2963.835,52.915,174.304,28.389,54.586,2021,Optimal,0.0070210443,0.0,0.00351052215,0.9929789557,1.0,0.99648947785,0.9277338271067884,0.8996884017114126,1,Network Leaders,Network Leaders
8,2021,AMBK,American Bank Inc,849.15,6.309,76.25,660.88,108.711,0.456,615.087,83.228,10.103,21.64,2.435,0.341,2021,Optimal,0.11562838,0.10165883,0.108643605,0.88437162,0.8154440789985771,0.891356395,0.9277338271067884,0.8996884017114126,3,Network Laggards,Network Laggards
9,2021,AMFC,AMB Financial Corp.,287.955,4.683,25.418,251.519,8.093,2.256,215.087,13.071,3.781,9.36,4.138,0.46,2021,Optimal,0.023907015,0.0,0.0119535075,0.976092985,1.0,0.9880464925,0.9277338271067884,0.8996884017114126,1,Network Leaders,Network Leaders
10,2021,AMTB,Amerant Bancorp Inc,7638.399,117.585,831.873,5630.871,1075.605,88.127,5409.44,1341.241,112.921,205.141,120.621,59.501,2021,Optimal,0.18546043,0.0,0.092730215,0.81453957,1.0,0.907269785,0.9277338271067884,0.8996884017114126,2,Transformation Specialists,Transformation Specialists
11,2021,ARBV,American Riviera Bancorp,1306.54,16.007,96.273,1202.09,4.972,3.446,793.49,195.831,11.829,39.089,3.585,2.869,2021,Optimal,0.0,0.16884667,0.084423335,1.0,0.7110884184663845,0.915576665,0.9277338271067884,0.8996884017114126,4,Funding-Rich Underperformers,Funding-Rich Underperformers
12,2021,AROW,Arrow Financial Corp,4027.952,44.798,371.186,3550.497,77.293,6.561,2667.941,763.009,49.857,110.355,32.369,11.79,2021,Optimal,0.029520964,0.083128452,0.056324708,0.970479036,0.8465030590849996,0.943675292,0.9277338271067884,0.8996884017114126,4,Funding-Rich Underperformers,Funding-Rich Underperformers
13,2021,ASB,Associated Banc-Corp,35104.253,426.687,4024.853,28466.43,2255.978,225.123,24224.949,6757.596,350.994,725.855,332.364,160.062,2021,Optimal,0.09289679,0.0023859721,0.04764138105,0.90710321,0.9952394144243631,0.95235861895,0.9277338271067884,0.8996884017114126,2,Transformation Specialists,Transformation Specialists
14,2021,ASRV,AmeriServ Financial Inc,1335.56,27.847,116.549,1139.378,72.837,3.331,985.054,221.739,7.072,39.083,17.761,3.323,2021,Optimal,0.073426969,0.087949003,0.0806879859999999,0.926573031,0.8383214603672007,0.919312014,0.9277338271067884,0.8996884017114126,3,Network Laggards,Network Laggards
15,2021,ATLO,Ames National Corp,2137.041,22.281,207.778,1878.019,42.851,15.53,1160.729,834.425,23.913,55.997,10.537,13.057,2021,Optimal,0.038554072,0.0,0.019277036,0.961445928,1.0,0.980722964,0.9277338271067884,0.8996884017114126,1,Network Leaders,Network Leaders
16,2021,AUB,Atlantic Union Bankshares Corp,20064.796,214.929,2710.071,16611.068,566.813,45.221,13195.843,4186.475,263.917,551.26,125.806,32.796,2021,Optimal,0.076140528,0.010499359,0.0433199435,0.923859472,0.9792194643044796,0.9566800565,0.9277338271067884,0.8996884017114126,2,Transformation Specialists,Transformation Specialists
17,2021,AUBN,Auburn National Bancorporation Inc,1105.15,11.71,103.726,994.243,4.158,0.534,458.364,421.891,8.039,23.99,4.288,0.818,2021,Optimal,0.014782389,0.0,0.0073911945,0.985217611,1.0,0.9926088055,0.9277338271067884,0.8996884017114126,1,Network Leaders,Network Leaders
18,2021,AVBH,Avidbank Holdings Inc,2162.478,25.256,137.1,1979.41,37.535,3.547,1223.344,385.303,12.264,51.029,5.313,3.244,2021,Optimal,0.0,0.27467355,0.137336775,1.0,0.5690291839820478,0.862663225,0.9277338271067884,0.8996884017114126,4,Funding-Rich Underperformers,Funding-Rich Underperformers
19,2021,AX,Axos Financial Inc.,14265.565,152.576,1400.936,10815.797,644.977,94.349,11547.772,207.33,215.707,538.742,105.261,151.977,2021,Optimal,0.15652827,0.0,0.078264135,0.84347173,1.0,0.921735865,0.9277338271067884,0.8996884017114126,2,Transformation Specialists,Transformation Specialists
20,2021,BAC,Bank of America Corp,3169495.0,36140.0,270066.0,2064446.0,507057.0,5116.0,964299.0,982627.0,31978.0,42934.0,46179.0,4697.0,2021,Optimal,0.034080469,0.0,0.0170402345,0.965919531,1.0,0.9829597655,0.9277338271067884,0.8996884017114126,1,Network Leaders,Network Leaders
21,2021,BANC,Banc of California Inc,40443.344,368.45,3999.63,34997.757,1005.4,105.19,22941.548,10711.708,606.959,1103.824,193.927,74.017,2021,Optimal,0.031391656,0.037679724,0.0345356899999999,0.968608344,0.927376967809,0.96546431,0.9277338271067884,0.8996884017114126,1,Network Leaders,Network Leaders
22,2021,BANF,BancFirst Corp,9405.612,166.723,1171.734,8091.914,90.863,82.611,6169.442,545.09,167.63,315.657,170.032,69.074,2021,Optimal,0.045740967,0.0,0.0228704835,0.954259033,1.0,0.9771295165,0.9277338271067884,0.8996884017114126,1,Network Leaders,Network Leaders
23,2021,BANR,Banner Corp,16804.872,244.351,1690.327,14326.933,592.625,36.481,9084.763,4171.915,201.048,496.891,96.416,23.705,2021,Optimal,0.0494779,0.11965645,0.084567175,0.9505221,0.7862622056971137,0.915432825,0.9277338271067884,0.8996884017114126,4,Funding-Rich Underperformers,Funding-Rich Underperformers
24,2021,BCAL,California BanCorp,2259.866,34.883,246.528,1973.098,29.411,0.896,1504.748,68.06,10.709,64.411,4.514,0.809,2021,Optimal,0.046170169,0.12562799,0.0858990795,0.953829831,0.7767859521687979,0.9141009205,0.9277338271067884,0.8996884017114126,4,Funding-Rich Underperformers,Funding-Rich Underperformers
25,2021,BCBP,BCB Bancorp Inc,2967.528,26.41,274.024,2561.402,121.738,17.143,2342.061,116.457,34.24,97.393,8.695,14.964,2021,Optimal,0.051835619,0.11912498,0.0854802995,0.948164381,0.7871104977033038,0.9145197005,0.9277338271067884,0.8996884017114126,4,Funding-Rich Underperformers,Funding-Rich Underperformers
26,2021,BCML,BayCom Corp,2350.697,33.761,262.607,1985.239,84.602,9.083,1664.89,190.47,20.691,72.807,11.268,6.909,2021,Optimal,0.077312791,0.16738316,0.1223479755,0.922687209,0.7132335539258593,0.8776520245,0.9277338271067884,0.8996884017114126,3,Network Laggards,Network Laggards
27,2021,BCTF,Bancorp 34 Inc,527.652,7.833,40.742,437.782,43.915,2.653,415.623,75.068,3.4,18.564,1.449,4.338,2021,Optimal,0.089173211,0.050745014,0.0699591125,0.910826789,0.9034113637012224,0.9300408875,0.9277338271067884,0.8996884017114126,2,Transformation Specialists,Transformation Specialists
28,2021,BFC,Bank First Corp,2937.552,28.515,322.653,2528.44,68.213,14.419,2235.514,227.604,45.444,90.082,23.518,8.39,2021,Optimal,0.055643196,0.07653792,0.066090558,0.944356804,0.8578072939595104,0.933909442,0.9277338271067884,0.8996884017114126,4,Funding-Rich Underperformers,Funding-Rich Underperformers
29,2021,BFIN,BankFinancial Corp,1700.682,22.638,157.466,1488.431,29.467,1.378,1050.922,93.184,7.41,43.772,5.689,1.475,2021,Optimal,0.046358181,0.26074018,0.1535491805,0.953641819,0.5863696832443304,0.8464508195,0.9277338271067884,0.8996884017114126,4,Funding-Rich Underperformers,Funding-Rich Underperformers
30,2021,BFST,Business First Bancshares Inc,4726.378,65.825,433.368,4077.283,187.59,20.039,3189.608,1037.68,52.136,153.884,35.782,14.517,2021,Optimal,0.04902511,0.070515561,0.0597703355,0.95097489,0.8682586903563935,0.9402296645,0.9277338271067884,0.8996884017114126,4,Funding-Rich Underperformers,Funding-Rich Underperformers
31,2021,BHB,Bar Harbor Bankshares,3709.233,47.117,424.147,3048.544,188.167,12.188,2531.91,625.66,39.299,95.573,41.883,10.191,2021,Optimal,0.096571771,0.10315812,0.0998649455,0.903428229,0.812976729029561,0.9001350545,0.9277338271067884,0.8996884017114126,3,Network Laggards,Network Laggards
32,2021,BHLB,Berkshire Hills Bancorp Inc,11554.913,150.589,1182.435,10068.953,176.38,67.029,6825.847,2540.236,118.664,291.166,143.248,37.062,2021,Optimal,0.031203105,0.055830507,0.043516806,0.968796895,0.8942434289787006,0.956483194,0.9277338271067884,0.8996884017114126,4,Funding-Rich Underperformers,Funding-Rich Underperformers
33,2021,BHRB,Burke & Herbert Financial Services Corp,3621.743,44.72,389.627,2933.417,286.165,27.83,1745.073,1617.76,36.165,96.603,17.251,26.261,2021,Optimal,0.11008594,0.0,0.05504297,0.88991406,1.0,0.94495703,0.9277338271067884,0.8996884017114126,2,Transformation Specialists,Transformation Specialists
34,2021,BK,Bank of New York Mellon Corp (The),444438.0,6337.0,43230.0,319694.0,39707.0,89.0,67056.0,159184.0,3759.0,2618.0,13313.0,120.0,2021,Optimal,0.13494321,0.0,0.067471605,0.86505679,1.0,0.932528395,0.9277338271067884,0.8996884017114126,2,Transformation Specialists,Transformation Specialists
35,2021,BKOR,Oak Ridge Financial Services Inc,586.921,8.92,51.328,509.279,20.388,3.5,429.656,48.659,7.763,21.01,4.016,3.0,2021,Optimal,0.051083561,0.16202284,0.1065532005,0.948916439,0.7211365656117396,0.8934467994999999,0.9277338271067884,0.8996884017114126,4,Funding-Rich Underperformers,Funding-Rich Underperformers
36,2021,BKSC,Bank of South Carolina Corp,679.221,7.438,53.918,609.191,14.042,1.156,306.632,212.347,6.745,17.377,3.868,0.815,2021,Optimal,0.011249903,0.26696114,0.1391055215,0.988750097,0.5785803817155749,0.8608944785,0.9277338271067884,0.8996884017114126,4,Funding-Rich Underperformers,Funding-Rich Underperformers
37,2021,BKU,BankUnited Inc,35815.396,243.532,3037.761,29438.102,2914.951,247.591,23765.053,10200.057,414.984,795.688,134.153,208.184,2021,Optimal,0.060165858,0.0,0.030082929,0.939834142,1.0,0.969917071,0.9277338271067884,0.8996884017114126,1,Network Leaders,Network Leaders
38,2021,BLFY,Blue Foundry Bancorp,1914.211,25.206,429.471,1247.04,212.196,13.479,1287.609,358.355,-36.342,42.949,2.479,11.983,2021,Optimal,0.29159521,0.0,0.145797605,0.70840479,1.0,0.854202395,0.9277338271067884,0.8996884017114126,2,Transformation Specialists,Transformation Specialists
39,2021,BMBN,Benchmark Bankshares Inc,1040.576,15.327,84.437,945.287,4.485,1.698,644.052,84.326,11.524,33.32,8.739,0.61,2021,Optimal,0.01612277,0.17527447,0.09569862,0.98387723,0.7017301498942626,0.90430138,0.9277338271067884,0.8996884017114126,4,Funding-Rich Underperformers,Funding-Rich Underperformers
40,2021,BMRC,Bank of Marin Bancorp,4314.209,38.934,450.368,3808.55,25.848,9.233,2255.645,1509.79,33.228,104.951,10.132,9.176,2021,Optimal,0.027418827,0.053917893,0.04066836,0.972581173,0.897681036904077,0.95933164,0.9277338271067884,0.8996884017114126,4,Funding-Rich Underperformers,Funding-Rich Underperformers
41,2021,BNCC,BNCCORP Inc,1047.372,25.161,114.986,906.668,17.303,2.612,529.793,212.074,21.955,31.32,44.683,1.69,2021,Optimal,0.062181042,0.2213837,0.141782371,0.937818958,0.6374870566882462,0.858217629,0.9277338271067884,0.8996884017114126,4,Funding-Rich Underperformers,Funding-Rich Underperformers
42,2021,BOH,Bank of Hawaii Corp,22784.941,228.293,1611.611,20360.108,564.091,18.481,12153.968,9007.46,253.372,497.29,171.353,18.966,2021,Optimal,0.0,0.0,0.0,1.0,1.0,1.0,0.9277338271067884,0.8996884017114126,1,Network Leaders,Network Leaders
43,2021,BOKF,BOK Financial Corp,50249.431,695.382,5368.371,41242.059,2743.428,476.994,20205.68,13495.144,618.121,1118.033,755.775,369.266,2021,Optimal,0.080941007,0.019035952,0.0499884794999999,0.919058993,0.9626392926321404,0.9500115205,0.9277338271067884,0.8996884017114126,2,Transformation Specialists,Transformation Specialists
44,2021,BOTJ,Bank of the James Financial Group Inc,987.634,16.377,69.429,887.056,26.087,3.168,583.384,166.246,7.589,27.079,11.209,1.715,2021,Optimal,0.026708743,0.28484957,0.1557791565,0.973291257,0.5566024589166497,0.8442208435,0.9277338271067884,0.8996884017114126,4,Funding-Rich Underperformers,Funding-Rich Underperformers
45,2021,BPOP,Popular Inc,75097.899,631.802,5969.397,67005.088,1328.999,823.658,27859.238,25229.611,934.889,1957.59,642.128,632.954,2021,Optimal,0.0,0.0,0.0,1.0,1.0,1.0,0.9277338271067884,0.8996884017114126,1,Network Leaders,Network Leaders
46,2021,BPRN,Princeton Bancorp Inc,1687.682,17.483,216.578,1446.143,18.561,1.676,1335.163,102.711,22.486,62.601,4.666,1.414,2021,Optimal,0.064167732,0.0,0.032083866,0.935832268,1.0,0.967916134,0.9277338271067884,0.8996884017114126,1,Network Leaders,Network Leaders
47,2021,BRBS,Blue Ridge Bankshares Inc,2665.139,61.891,277.139,2297.771,75.649,6.629,1807.578,409.693,52.477,92.481,87.955,16.251,2021,Optimal,0.055810071,0.0,0.0279050355,0.944189929,1.0,0.9720949645,0.9277338271067884,0.8996884017114126,1,Network Leaders,Network Leaders
48,2021,BRKL,Brookline Bancorp Inc,8602.622,106.786,995.342,7049.906,377.829,44.963,7154.457,749.847,115.44,282.373,26.989,33.177,2021,Optimal,0.092617413,0.0,0.0463087065,0.907382587,1.0,0.9536912935,0.9277338271067884,0.8996884017114126,2,Transformation Specialists,Transformation Specialists
49,2021,BSBK,Bogota Financial Corp,837.362,7.744,147.576,597.48,85.052,0.693,572.363,120.743,7.52,19.277,4.494,0.865,2021,Optimal,0.20855517,0.060474456,0.134514813,0.79144483,0.885948302370048,0.865485187,0.9277338271067884,0.8996884017114126,3,Network Laggards,Network Laggards
50,2021,BSRR,Sierra Bancorp,3371.014,42.431,362.494,2781.572,197.589,8.569,1987.861,985.707,43.012,109.026,28.079,4.615,2021,Optimal,0.093971386,0.056002247,0.0749868165,0.906028614,0.8939353639462474,0.9250131835,0.9277338271067884,0.8996884017114126,3,Network Laggards,Network Laggards
51,2021,BUSE,First Busey Corp,12859.689,137.493,1319.112,10768.577,638.816,28.872,7188.998,3994.822,123.449,270.698,132.804,21.268,2021,Optimal,0.06843763,0.072536647,0.0704871384999999,0.93156237,0.864738147264445,0.9295128615,0.9277338271067884,0.8996884017114126,4,Funding-Rich Underperformers,Funding-Rich Underperformers
52,2021,BWB,Bridgewater Bancshares Inc,3477.659,30.889,379.272,2946.237,134.739,0.775,2809.937,444.604,45.687,109.509,5.309,0.722,2021,Optimal,0.068712234,0.0,0.034356117,0.931287766,1.0,0.965643883,0.9277338271067884,0.8996884017114126,1,Network Leaders,Network Leaders
53,2021,BWFG,Bankwell Financial Group Inc,2456.264,18.317,201.987,2123.998,99.606,33.416,1892.069,111.223,26.586,67.886,5.657,16.587,2021,Optimal,0.046434322,0.064783707,0.0556090145,0.953565678,0.8783157432366685,0.9443909855,0.9277338271067884,0.8996884017114126,4,Funding-Rich Underperformers,Funding-Rich Underperformers
54,2021,BY,Byline Bancorp Inc,6696.172,101.222,836.382,5155.047,645.775,47.453,4537.128,1491.007,92.785,236.387,74.253,25.242,2021,Optimal,0.14984136,0.0,0.07492068,0.85015864,1.0,0.92507932,0.9277338271067884,0.8996884017114126,2,Transformation Specialists,Transformation Specialists
55,2021,CAC,Camden National Corp,5500.356,61.007,541.294,4608.889,271.696,10.706,3431.474,1519.057,69.014,137.436,49.735,6.884,2021,Optimal,0.075396397,0.054208538,0.0648024675,0.924603603,0.8971578467712998,0.9351975325,0.9277338271067884,0.8996884017114126,3,Network Laggards,Network Laggards
56,2021,CADE,Cadence Bank,47669.751,471.815,5247.987,39817.673,1764.599,132.568,26882.988,15614.77,195.162,805.727,378.153,186.812,2021,Optimal,0.064742331,0.0,0.0323711655,0.935257669,1.0,0.9676288345,0.9277338271067884,0.8996884017114126,1,Network Leaders,Network Leaders
57,2021,CARE,Carter Bankshares Inc,4133.746,54.157,407.596,3698.476,10.4,47.726,2812.129,924.752,31.59,111.183,28.65,18.313,2021,Optimal,0.014562081,0.0,0.0072810405,0.985437919,1.0,0.9927189595,0.9277338271067884,0.8996884017114126,1,Network Leaders,Network Leaders
58,2021,CARV,Carver Bancorp Inc,735.314,11.516,55.087,628.117,30.342,7.251,579.504,73.434,-0.847,20.466,7.354,11.541,2021,Optimal,0.069614368,0.0,0.034807184,0.930385632,1.0,0.965192816,0.9277338271067884,0.8996884017114126,1,Network Leaders,Network Leaders
59,2021,CASH,Pathward Financial Inc,6690.65,151.09,871.884,5514.971,129.384,48.02,3609.563,1962.636,141.708,278.991,270.904,61.833,2021,Optimal,0.089336139,0.0,0.0446680695,0.910663861,1.0,0.9553319305,0.9277338271067884,0.8996884017114126,2,Transformation Specialists,Transformation Specialists
60,2021,CATY,Cathay General Bancorp,20886.723,132.795,2446.251,18058.842,192.975,77.584,16342.479,1166.878,298.304,597.755,54.603,71.653,2021,Optimal,0.0086744137,0.0,0.00433720685,0.9913255863,1.0,0.99566279315,0.9277338271067884,0.8996884017114126,1,Network Leaders,Network Leaders
61,2021,CBAN,Colony Bankcorp Inc,2691.715,45.596,217.707,2374.608,89.111,10.134,1337.977,952.176,18.659,66.189,36.29,5.779,2021,Optimal,0.033398229,0.13197649,0.0826873595,0.966601771,0.7668211466123294,0.9173126405,0.9277338271067884,0.8996884017114126,4,Funding-Rich Underperformers,Funding-Rich Underperformers
62,2021,CBCY,Central Bancompany Inc,20273.174,267.118,2505.661,16128.904,1456.635,38.251,10301.371,5814.567,246.83,495.855,275.456,28.746,2021,Optimal,0.1123302,0.066772741,0.0895514705,0.8876698,0.8748135597514297,0.9104485295,0.9277338271067884,0.8996884017114126,3,Network Laggards,Network Laggards
63,2021,CBFV,CB Financial Services Inc,1425.479,19.938,133.124,1226.613,57.744,14.696,1020.796,224.974,11.57,40.152,16.28,7.302,2021,Optimal,0.064494635,0.086314136,0.0754043855,0.935505365,0.8410880736251415,0.9245956145,0.9277338271067884,0.8996884017114126,4,Funding-Rich Underperformers,Funding-Rich Underperformers
64,2021,CBKM,Consumers Bancorp Inc,833.804,10.852,69.9,726.849,31.43,1.233,566.427,218.652,8.988,26.583,4.466,1.771,2021,Optimal,0.048405453,0.04172018,0.0450628165,0.951594547,0.9199013692909356,0.9549371835,0.9277338271067884,0.8996884017114126,1,Network Leaders,Network Leaders
65,2021,CBNK,Capital Bancorp Inc,2055.3,37.843,197.903,1797.137,36.797,12.563,1632.267,188.198,39.978,116.693,50.636,11.512,2021,Optimal,0.045506767,0.0,0.0227533835,0.954493233,1.0,0.9772466165,0.9277338271067884,0.8996884017114126,1,Network Leaders,Network Leaders
66,2021,CBSH,Commerce Bancshares Inc,36689.088,525.248,3448.324,29813.073,3062.722,26.633,15176.359,14653.276,530.765,835.424,590.452,9.272,2021,Optimal,0.090884591,0.0,0.0454422955,0.909115409,1.0,0.9545577045,0.9277338271067884,0.8996884017114126,2,Transformation Specialists,Transformation Specialists
67,2021,CBU,Community Financial System Inc,15552.657,241.501,2100.807,12911.168,362.718,77.734,7373.639,4979.089,189.694,374.412,246.235,46.191,2021,Optimal,0.075117072,0.0,0.037558536,0.924882928,1.0,0.962441464,0.9277338271067884,0.8996884017114126,2,Transformation Specialists,Transformation Specialists
68,2021,CCB,Coastal Financial Corp,2635.517,37.101,201.222,2363.787,59.193,0.712,1742.735,45.101,27.005,79.437,28.118,1.727,2021,Optimal,0.017351485,0.031376303,0.024363894,0.982648515,0.9391564399749448,0.975636106,0.9277338271067884,0.8996884017114126,1,Network Leaders,Network Leaders
69,2021,CCBG,Capital City Bank Group,4263.849,101.47,383.166,3712.862,100.496,6.679,1931.465,995.073,33.396,102.861,107.545,4.339,2021,Optimal,0.040879999,0.17304637,0.1069631845,0.959120001,0.7049624389528608,0.8930368155,0.9277338271067884,0.8996884017114126,4,Funding-Rich Underperformers,Funding-Rich Underperformers
70,2021,CCFN,Muncy Columbia Financial Corp,952.713,9.551,104.342,701.495,143.66,4.11,467.3,342.006,9.405,22.026,7.998,2.87,2021,Optimal,0.18797203,0.082573398,0.135272714,0.8120279699999999,0.8474497929608279,0.8647272859999999,0.9277338271067884,0.8996884017114126,3,Network Laggards,Network Laggards
71,2021,CCNE,CNB Financial Corp/PA,5328.939,61.175,442.847,4715.619,125.909,31.546,3634.792,720.467,57.707,159.78,33.434,20.295,2021,Optimal,0.023389107,0.14456244,0.0839757734999999,0.976610893,0.747392654261833,0.9160242265,0.9277338271067884,0.8996884017114126,4,Funding-Rich Underperformers,Funding-Rich Underperformers
72,2021,CEFC,Commercial National Financial Corp,610.802,7.165,44.893,515.059,47.803,7.384,451.572,81.934,6.366,16.976,2.323,4.416,2021,Optimal,0.069387055,0.13871032,0.1040486875,0.930612945,0.7563729465453515,0.8959513125,0.9277338271067884,0.8996884017114126,4,Funding-Rich Underperformers,Funding-Rich Underperformers
73,2021,CFBK,CF Bankshares Inc,1495.589,16.948,125.33,1246.352,106.642,0.695,1229.657,28.662,18.453,42.039,11.64,0.997,2021,Optimal,0.091815436,0.023636304,0.05772587,0.908184564,0.953818941536876,0.94227413,0.9277338271067884,0.8996884017114126,2,Transformation Specialists,Transformation Specialists
74,2021,CFFI,C&F Financial Corp,2264.521,58.581,211.024,1914.614,100.131,4.602,1410.06,374.1,28.667,85.369,49.163,3.949,2021,Optimal,0.076569153,0.14168799,0.1091285715,0.923430847,0.7517920986450948,0.8908714285,0.9277338271067884,0.8996884017114126,3,Network Laggards,Network Laggards
75,2021,CFFN,Capitol Federal Financial Inc,9631.246,56.002,1242.273,6597.396,1595.672,12.673,7100.965,2088.029,76.082,175.001,28.086,13.606,2021,Optimal,0.21678968,0.0,0.10839484,0.78321032,1.0,0.89160516,0.9277338271067884,0.8996884017114126,2,Transformation Specialists,Transformation Specialists
76,2021,CFG,Citizens Financial Group Inc,188409.0,2140.0,23420.0,154361.0,7806.0,1038.0,128163.0,29042.0,2319.0,4512.0,2135.0,724.0,2021,Optimal,0.035738415,0.0,0.0178692075,0.964261585,1.0,0.9821307925,0.9277338271067884,0.8996884017114126,1,Network Leaders,Network Leaders
77,2021,CFR,Cullen/Frost Bankers Inc,50878.49,477.526,4439.555,42695.696,3302.317,62.299,16336.397,15673.807,443.079,984.867,386.728,57.177,2021,Optimal,0.060237181,0.058844084,0.0595406324999999,0.939762819,0.8888522212303356,0.9404593675,0.9277338271067884,0.8996884017114126,4,Funding-Rich Underperformers,Funding-Rich Underperformers
78,2021,CHBH,Croghan Bancshares Inc,1112.402,16.463,140.056,908.687,57.002,0.708,642.889,364.604,15.232,38.034,8.309,0.499,2021,Optimal,0.11506258,0.0025098198,0.0587861999,0.88493742,0.9949929272503272,0.9412138001,0.9277338271067884,0.8996884017114126,2,Transformation Specialists,Transformation Specialists
79,2021,CHCO,City Holding Co,6003.695,61.85,681.105,4925.336,312.458,13.882,3543.814,1433.696,88.08,155.573,69.641,7.58,2021,Optimal,0.094317649,0.11694008,0.1056288645,0.905682351,0.7906063501633857,0.8943711355,0.9277338271067884,0.8996884017114126,3,Network Laggards,Network Laggards
80,2021,CHMG,Chemung Financial Corp,2418.475,30.499,211.455,2155.433,25.542,10.189,1518.249,802.998,26.425,65.589,23.87,8.227,2021,Optimal,0.024938701,0.0,0.0124693505,0.975061299,1.0,0.9875306495,0.9277338271067884,0.8996884017114126,1,Network Leaders,Network Leaders
81,2021,CIVB,Civista Bancshares Inc,3011.983,44.69,355.212,2416.701,205.622,7.327,1997.879,577.957,40.546,95.425,31.452,5.37,2021,Optimal,0.12064213,0.085688233,0.1031651815,0.87935787,0.8421494672310776,0.8968348185,0.9277338271067884,0.8996884017114126,3,Network Laggards,Network Laggards
82,2021,CIZN,Citizens Holding Co,1361.309,18.46,105.9,1111.892,131.284,13.684,571.847,632.724,7.494,33.494,12.188,6.668,2021,Optimal,0.11318319,0.0,0.056591595,0.88681681,1.0,0.943408405,0.9277338271067884,0.8996884017114126,2,Transformation Specialists,Transformation Specialists
83,2021,CLBK,Columbia Financial Inc,9224.097,99.534,1079.081,7570.216,396.894,8.156,6360.601,2159.432,92.049,233.134,38.831,3.939,2021,Optimal,0.090442036,0.0,0.045221018,0.909557964,1.0,0.954778982,0.9277338271067884,0.8996884017114126,2,Transformation Specialists,Transformation Specialists
84,2021,CLST,Catalyst Bancorp Inc,285.349,4.631,98.346,176.795,9.018,2.087,131.842,103.236,1.927,6.904,2.626,1.231,2021,Optimal,0.29525825,0.0,0.147629125,0.70474175,1.0,0.852370875,0.9277338271067884,0.8996884017114126,2,Transformation Specialists,Transformation Specialists
85,2021,CMA,Comerica Incorporated,94616.0,1133.0,7897.0,82339.0,3152.0,359.0,48645.0,17078.0,1168.0,1844.0,1123.0,269.0,2021,Optimal,0.020359235,0.086944424,0.0536518295,0.979640765,0.8400204792807328,0.9463481705,0.9277338271067884,0.8996884017114126,4,Funding-Rich Underperformers,Funding-Rich Underperformers
86,2021,CMTV,Community Bancorp/VT,1019.106,11.152,84.76,879.4,51.519,5.163,689.95,183.778,13.138,31.669,6.734,5.941,2021,Optimal,0.054604837,0.14950524,0.1020550385,0.945395163,0.7398789761062767,0.8979449615,0.9277338271067884,0.8996884017114126,4,Funding-Rich Underperformers,Funding-Rich Underperformers
87,2021,CNND,Canandaigua National Corp,4160.371,69.945,318.713,3515.99,279.541,26.811,3186.713,836.17,44.744,127.396,56.346,23.019,2021,Optimal,0.069630613,0.015071886,0.0423512494999999,0.930369387,0.9703038056557896,0.9576487505,0.9277338271067884,0.8996884017114126,1,Network Leaders,Network Leaders
88,2021,CNOB,ConnectOne Bancorp Inc,8129.48,64.341,1124.212,6332.953,633.561,61.696,6828.622,576.127,130.353,262.878,15.691,61.7,2021,Optimal,0.13865619,0.0,0.069328095,0.8613438099999999,1.0,0.930671905,0.9277338271067884,0.8996884017114126,2,Transformation Specialists,Transformation Specialists
89,2021,COFS,ChoiceOne Financial Services Inc,2366.682,29.3,221.669,2052.294,85.017,8.51,1059.48,1116.265,22.042,60.641,19.194,5.737,2021,Optimal,0.052047311,0.0389059,0.0454766055,0.947952689,0.925102167578411,0.9545233945,0.9277338271067884,0.8996884017114126,1,Network Leaders,Network Leaders
90,2021,COLB,Columbia Banking System Inc,30640.936,480.82,2749.27,26594.685,975.125,69.247,22553.18,3965.309,420.3,919.647,356.318,53.069,2021,Optimal,0.029325147,0.0,0.0146625735,0.970674853,1.0,0.9853374265,0.9277338271067884,0.8996884017114126,1,Network Leaders,Network Leaders
91,2021,CPF,Central Pacific Financial Corp.,7419.089,90.213,558.267,6639.158,146.347,6.192,5101.649,1639.663,79.894,211.047,43.06,5.881,2021,Optimal,0.0090819446,0.0091250714,0.009103508,0.9909180554,0.9819148851641544,0.990896492,0.9277338271067884,0.8996884017114126,1,Network Leaders,Network Leaders
92,2021,CPKF,Chesapeake Financial Shares Inc,1385.816,23.76,126.137,1124.971,125.134,11.911,666.221,606.192,15.01,41.555,19.312,6.737,2021,Optimal,0.1184748,0.0038046593,0.06113972965,0.8815252,0.992419522534089,0.93886027035,0.9277338271067884,0.8996884017114126,2,Transformation Specialists,Transformation Specialists
93,2021,CSBB,CSB Bancorp Inc/OH,1144.239,12.599,97.315,1002.747,39.937,4.497,549.154,311.245,10.837,27.517,7.325,1.088,2021,Optimal,0.041711919,0.26262147,0.1521666945,0.958288081,0.584006012506662,0.8478333055,0.9277338271067884,0.8996884017114126,4,Funding-Rich Underperformers,Funding-Rich Underperformers
94,2021,CSHX,Cashmere Valley Bank,2224.302,22.12,239.098,1936.577,34.504,1.143,940.802,1105.625,29.033,52.749,19.9,0.404,2021,Optimal,0.046610664,0.0,0.023305332,0.953389336,1.0,0.976694668,0.9277338271067884,0.8996884017114126,1,Network Leaders,Network Leaders
95,2021,CTBI,Community Trust Bancorp Inc,5418.257,74.114,698.202,4344.292,342.809,34.271,3408.813,1470.708,87.939,163.079,60.463,20.111,2021,Optimal,0.11567528,0.024980083,0.0703276815,0.88432472,0.9512574275065206,0.9296723185,0.9277338271067884,0.8996884017114126,2,Transformation Specialists,Transformation Specialists
96,2021,CUBI,Customers Bancorp Inc,19575.028,108.202,1366.217,16777.924,1194.283,71.175,14552.631,3881.734,314.647,685.074,77.867,49.76,2021,Optimal,0.0,0.01623516,0.00811758,1.0,0.9680484190293122,0.99188242,0.9277338271067884,0.8996884017114126,1,Network Leaders,Network Leaders
97,2021,CVBF,CVB Financial Corp,15883.697,117.871,2081.503,12976.442,715.873,17.739,7841.78,5127.581,212.521,414.55,47.385,6.893,2021,Optimal,0.088018078,0.0,0.044009039,0.911981922,1.0,0.955990961,0.9277338271067884,0.8996884017114126,2,Transformation Specialists,Transformation Specialists
98,2021,CYFL,Century Financial Corp,452.215,6.255,47.585,396.44,5.5,1.589,204.244,64.392,5.339,10.848,6.802,1.204,2021,Optimal,0.032110362,0.43841881,0.235264586,0.967889638,0.3904156328433998,0.764735414,0.9277338271067884,0.8996884017114126,4,Funding-Rich Underperformers,Funding-Rich Underperformers
99,2021,CZBC,Citizens Bancorp/OR,1067.265,14.151,95.522,916.445,44.526,4.713,361.166,553.231,10.315,26.807,3.097,2.226,2021,Optimal,0.066478633,0.068075899,0.067277266,0.933521367,0.8725261021922937,0.932722734,0.9277338271067884,0.8996884017114126,4,Funding-Rich Underperformers,Funding-Rich Underperformers
100,2021,CZBS,Citizens Bancshares Corp,668.919,7.963,75.436,581.421,2.194,4.278,284.761,95.975,4.061,16.007,4.641,1.904,2021,Optimal,0.044114337,0.41236819,0.2282412635,0.955885663,0.416061345873274,0.7717587365,0.9277338271067884,0.8996884017114126,4,Funding-Rich Underperformers,Funding-Rich Underperformers
101,2021,CZFS,Citizens Financial Services Inc,2143.863,25.902,212.492,1836.151,77.243,13.093,1441.533,414.672,29.118,66.112,12.305,8.842,2021,Optimal,0.064898358,0.10331645,0.084107404,0.935101642,0.8127165601491758,0.915892596,0.9277338271067884,0.8996884017114126,4,Funding-Rich Underperformers,Funding-Rich Underperformers
102,2021,CZNC,Citizens & Northern Corp,2327.648,37.603,301.405,1925.06,81.306,24.729,1564.849,517.679,30.554,77.939,25.881,21.902,2021,Optimal,0.096671382,0.0073820145,0.05202669825,0.903328618,0.9853441606188216,0.94797330175,0.9277338271067884,0.8996884017114126,2,Transformation Specialists,Transformation Specialists
103,2021,CZWI,Citizens Community Bancorp Inc,1739.628,22.723,170.866,1387.535,172.181,11.53,1310.963,290.842,21.266,53.667,15.824,13.233,2021,Optimal,0.13157246,0.059421416,0.095496938,0.86842754,0.8878228906786608,0.904503062,0.9277338271067884,0.8996884017114126,3,Network Laggards,Network Laggards
104,2021,DCOM,Dime Community Bancshares Inc,12066.364,108.331,1192.62,10458.974,290.061,12.162,9244.661,1780.752,103.996,357.609,42.068,40.307,2021,Optimal,0.035988591,0.0,0.0179942955,0.964011409,1.0,0.9820057045,0.9277338271067884,0.8996884017114126,1,Network Leaders,Network Leaders
105,2021,DIMC,Dimeco Inc,958.22,13.269,100.811,796.916,48.182,18.223,657.267,220.891,11.952,31.942,6.145,13.823,2021,Optimal,0.095597378,0.0,0.047798689,0.904402622,1.0,0.952201311,0.9277338271067884,0.8996884017114126,2,Transformation Specialists,Transformation Specialists
106,2021,EBC,Eastern Bankshares Inc,23512.128,295.916,3406.352,19628.311,123.574,43.252,12255.068,8522.128,154.665,429.827,193.155,34.983,2021,Optimal,0.067565407,0.0,0.0337827035,0.932434593,1.0,0.9662172965,0.9277338271067884,0.8996884017114126,1,Network Leaders,Network Leaders
107,2021,EBMT,Eagle Bancorp Montana Inc,1435.926,48.766,156.729,1222.549,37.161,8.498,933.139,275.938,14.419,46.54,47.769,7.063,2021,Optimal,0.074417331,0.083122215,0.078769773,0.925582669,0.8465136919013336,0.921230227,0.9277338271067884,0.8996884017114126,3,Network Laggards,Network Laggards
108,2021,ECBK,ECB Bancorp Inc,666.489,9.586,77.273,571.731,9.0,1.671,521.367,71.668,4.042,18.694,1.222,0.982,2021,Optimal,0.063031258,0.0,0.031515629,0.936968742,1.0,0.968484371,0.9277338271067884,0.8996884017114126,1,Network Leaders,Network Leaders
109,2021,EFSC,Enterprise Financial Services Corp,13537.358,124.904,1529.116,11343.799,573.627,43.837,9017.642,1855.583,133.055,360.194,67.743,31.517,2021,Optimal,0.067379651,0.12972043,0.0985500404999999,0.932620349,0.7703495014248791,0.9014499595,0.9277338271067884,0.8996884017114126,4,Funding-Rich Underperformers,Funding-Rich Underperformers
110,2021,EFSI,Eagle Financial Services Inc,1303.038,21.854,110.28,1177.235,5.289,5.361,985.72,193.37,11.021,40.999,11.32,2.766,2021,Optimal,0.018313694,0.0,0.009156847,0.981686306,1.0,0.990843153,0.9277338271067884,0.8996884017114126,1,Network Leaders,Network Leaders
111,2021,EGBN,Eagle Bancorp Inc,11847.31,88.398,1350.775,9981.54,429.089,65.93,7065.598,2657.561,176.691,324.514,40.385,30.843,2021,Optimal,0.063394652,0.095078289,0.0792364704999999,0.936605348,0.8263534398315516,0.9207635295,0.9277338271067884,0.8996884017114126,4,Funding-Rich Underperformers,Funding-Rich Underperformers
112,2021,EMYB,Embassy Bancorp Inc,1633.194,12.149,122.515,1467.025,34.838,2.833,1108.039,311.688,16.786,43.494,2.4,2.579,2021,Optimal,0.0011788398,0.11153067,0.0563547549,0.9988211602,0.7993205711543703,0.9436452451,0.9277338271067884,0.8996884017114126,4,Funding-Rich Underperformers,Funding-Rich Underperformers
113,2021,ENBP,ENB Financial Corp,1717.23,24.465,137.288,1512.213,63.886,2.098,920.904,572.455,14.916,40.571,17.881,2.881,2021,Optimal,0.040298165,0.11230749,0.0763028275,0.959701835,0.7980639508235263,0.9236971725,0.9277338271067884,0.8996884017114126,4,Funding-Rich Underperformers,Funding-Rich Underperformers
114,2021,EQBK,Equity Bancshares Inc,5137.631,54.198,500.631,4420.004,157.819,54.597,3155.627,1344.952,52.48,142.579,32.842,65.998,2021,Optimal,0.050989256,0.0,0.025494628,0.949010744,1.0,0.974505372,0.9277338271067884,0.8996884017114126,1,Network Leaders,Network Leaders
115,2021,EQFN,Equitable Financial Corp,422.579,8.552,39.741,365.334,11.88,1.49,354.745,24.654,4.26,13.141,7.156,1.284,2021,Optimal,0.046612407,0.0,0.0233062035,0.953387593,1.0,0.9766937965,0.9277338271067884,0.8996884017114126,1,Network Leaders,Network Leaders
116,2021,ESQ,Esquire Financial Holdings Inc,1178.77,21.741,143.735,1028.409,2.988,2.303,784.517,151.064,17.925,43.703,21.024,0.006,2021,Optimal,0.05383015,0.0,0.026915075,0.94616985,1.0,0.973084925,0.9277338271067884,0.8996884017114126,1,Network Leaders,Network Leaders
117,2021,EWBC,East West Bancorp Inc,60870.701,433.728,5837.218,53350.532,806.862,234.868,41693.781,10042.787,872.981,1531.571,285.895,103.482,2021,Optimal,0.0,0.0,0.0,1.0,1.0,1.0,0.9277338271067884,0.8996884017114126,1,Network Leaders,Network Leaders
118,2021,EXSR,Exchange Bank of Santa Rosa California,3536.751,35.622,319.202,3179.118,7.941,4.282,1510.107,1421.712,36.41,93.549,23.645,5.899,2021,Optimal,0.011470165,0.0,0.0057350825,0.988529835,1.0,0.9942649175,0.9277338271067884,0.8996884017114126,1,Network Leaders,Network Leaders
119,2021,FBAK,First National Bank Alaska,5581.34,63.207,554.53,4216.924,784.626,14.094,2127.271,2842.95,58.414,145.601,27.036,17.629,2021,Optimal,0.16688383,0.0,0.083441915,0.83311617,1.0,0.916558085,0.9277338271067884,0.8996884017114126,2,Transformation Specialists,Transformation Specialists
120,2021,FBIZ,First Business Financial Services Inc,2652.905,51.71,232.422,1957.923,418.933,26.651,2239.408,238.784,35.755,84.662,28.1,6.522,2021,Optimal,0.19378274,0.0,0.09689137,0.8062172599999999,1.0,0.90310863,0.9277338271067884,0.8996884017114126,2,Transformation Specialists,Transformation Specialists
121,2021,FBK,FB Financial Corp,12597.686,248.318,1432.695,10836.897,218.145,84.226,7604.662,1714.109,190.285,347.37,228.255,62.983,2021,Optimal,0.042976398,0.031289958,0.037133178,0.957023602,0.9393187963147024,0.962866822,0.9277338271067884,0.8996884017114126,1,Network Leaders,Network Leaders
122,2021,FBNC,First Bancorp/NC,10508.901,103.249,1230.575,9124.629,88.578,46.997,6081.715,3166.539,95.644,246.395,73.611,52.637,2021,Optimal,0.035628861,0.0,0.0178144305,0.964371139,1.0,0.9821855695,0.9277338271067884,0.8996884017114126,1,Network Leaders,Network Leaders
123,2021,FBP,First BanCorp (Puerto Rico),20785.275,200.457,2101.767,17784.894,777.534,293.506,11060.658,6655.492,281.025,729.929,121.164,158.102,2021,Optimal,0.044779465,0.0,0.0223897325,0.955220535,1.0,0.9776102675,0.9277338271067884,0.8996884017114126,1,Network Leaders,Network Leaders
124,2021,FBPI,First Bancorp of Indiana Inc,480.872,7.727,41.548,367.497,65.155,2.543,339.348,55.412,3.786,13.502,6.543,1.273,2021,Optimal,0.15737134,0.15062609,0.153998715,0.84262866,0.7381841220026568,0.846001285,0.9277338271067884,0.8996884017114126,3,Network Laggards,Network Laggards
125,2021,FBSI,First Bancshares Inc,445.034,5.814,44.161,396.137,3.764,0.433,346.259,14.714,5.093,16.43,1.725,0.618,2021,Optimal,0.015083412,0.0,0.007541706,0.984916588,1.0,0.992458294,0.9277338271067884,0.8996884017114126,1,Network Leaders,Network Leaders
126,2021,FBTT,First Bankers Trustshares Inc,1226.137,13.947,105.831,978.624,136.583,12.063,478.398,667.157,8.17,24.124,8.329,8.634,2021,Optimal,0.12802283,0.0,0.064011415,0.87197717,1.0,0.935988585,0.9277338271067884,0.8996884017114126,2,Transformation Specialists,Transformation Specialists
127,2021,FCBC,First Community Bancshares Inc,3194.519,44.239,427.775,2729.391,2.306,24.568,2165.569,76.292,51.168,102.474,34.301,23.237,2021,Optimal,0.062072901,0.0,0.0310364505,0.937927099,1.0,0.9689635495,0.9277338271067884,0.8996884017114126,1,Network Leaders,Network Leaders
128,2021,FCCO,First Community Corp,1584.508,24.494,140.998,1361.291,72.13,7.022,863.702,566.624,15.465,45.279,13.904,1.415,2021,Optimal,0.064793261,0.031130998,0.0479621295,0.935206739,0.9396177632902468,0.9520378705,0.9277338271067884,0.8996884017114126,1,Network Leaders,Network Leaders
129,2021,FCF,First Commonwealth Financial Corp.,9545.093,119.506,1109.372,7982.498,365.385,55.281,6839.23,1595.529,138.257,278.541,106.757,55.822,2021,Optimal,0.072551232,0.041201346,0.056876289,0.927448768,0.9208580623559816,0.943123711,0.9277338271067884,0.8996884017114126,2,Transformation Specialists,Transformation Specialists
130,2021,FCNCA,First Citizens BancShares Inc,58308.14,758.853,4737.241,51406.094,1847.91,242.373,32371.522,13150.858,547.459,1390.334,508.002,159.634,2021,Optimal,0.012315917,0.12077914,0.0665475285,0.987684083,0.7844728980234232,0.9334524715,0.9277338271067884,0.8996884017114126,4,Funding-Rich Underperformers,Funding-Rich Underperformers
131,2021,FDBC,Fidelity D & D Bancorp Inc,2419.104,25.249,211.729,2169.865,21.567,6.657,1433.128,742.186,24.008,61.829,18.287,6.434,2021,Optimal,0.017756587,0.051947883,0.034852235,0.982243413,0.901234873248944,0.965147765,0.9277338271067884,0.8996884017114126,1,Network Leaders,Network Leaders
132,2021,FDVA,Freedom Financial Holdings Inc,876.673,16.341,84.159,701.693,83.533,3.18,602.369,192.867,10.728,28.516,9.723,8.891,2021,Optimal,0.12981187,0.030955729,0.0803837994999999,0.8701881300000001,0.9399475105880128,0.9196162005,0.9277338271067884,0.8996884017114126,2,Transformation Specialists,Transformation Specialists
133,2021,FFBB,FFB Bancorp,1080.103,11.516,89.292,936.548,40.886,1.689,723.272,296.101,20.527,38.838,9.971,2.93,2021,Optimal,0.049935098,0.015778169,0.0328566334999999,0.950064902,0.9689338292916196,0.9671433665,0.9277338271067884,0.8996884017114126,1,Network Leaders,Network Leaders
134,2021,FFBC,First Financial Bancorp.,16329.141,245.924,2258.942,12871.954,773.587,89.138,9288.299,4409.237,205.16,452.118,171.506,60.106,2021,Optimal,0.12179249,0.033760998,0.077776744,0.87820751,0.9346831655183028,0.922223256,0.9277338271067884,0.8996884017114126,2,Transformation Specialists,Transformation Specialists
135,2021,FFDF,FFD Financial Corp,591.502,6.101,51.184,518.567,15.637,0.605,443.925,46.387,8.819,17.366,4.125,0.429,2021,Optimal,0.028110892,0.063458165,0.0457845285,0.971889108,0.8806569603045927,0.9542154715,0.9277338271067884,0.8996884017114126,4,Funding-Rich Underperformers,Funding-Rich Underperformers
136,2021,FFIC,Flushing Financial Corp,8045.911,88.31,679.628,6385.445,869.699,21.108,6638.105,871.041,81.793,247.969,3.687,14.933,2021,Optimal,0.12245708,0.015564739,0.0690109095,0.87754292,0.9693476183205688,0.9309890905,0.9277338271067884,0.8996884017114126,2,Transformation Specialists,Transformation Specialists
137,2021,FFIN,First Financial Bankshares Inc,13102.461,142.042,1759.224,10566.488,671.152,42.898,5388.972,6573.179,227.562,370.363,142.176,34.158,2021,Optimal,0.10300948,0.0,0.05150474,0.89699052,1.0,0.94849526,0.9277338271067884,0.8996884017114126,2,Transformation Specialists,Transformation Specialists
138,2021,FFMH,First Farmers and Merchants Corp,1972.738,26.499,158.631,1791.206,3.866,1.56,886.891,894.596,15.619,45.156,16.783,1.214,2021,Optimal,0.0088703708,0.0,0.0044351854,0.9911296292,1.0,0.9955648146,0.9277338271067884,0.8996884017114126,1,Network Leaders,Network Leaders
139,2021,FFWM,First Foundation Inc,10196.204,87.908,1064.051,8811.96,230.702,20.628,6906.728,1209.627,109.511,233.284,70.453,14.54,2021,Optimal,0.040471353,0.069814366,0.0551428595,0.959528647,0.8694832146234238,0.9448571405,0.9277338271067884,0.8996884017114126,4,Funding-Rich Underperformers,Funding-Rich Underperformers
140,2021,FGBI,First Guaranty Bancshares Inc,2878.12,32.179,223.889,2596.492,49.635,30.907,2159.359,365.515,27.297,89.618,10.76,20.032,2021,Optimal,0.010297287,0.064822147,0.037559717,0.989702713,0.8782479361785851,0.962440283,0.9277338271067884,0.8996884017114126,4,Funding-Rich Underperformers,Funding-Rich Underperformers
141,2021,FGFH,Foresight Financial Group Inc,1453.784,21.433,155.227,1235.444,52.718,11.976,859.832,446.532,11.386,41.23,9.494,7.585,2021,Optimal,0.076019947,0.061428196,0.0687240715,0.923980053,0.8842536947266095,0.9312759285,0.9277338271067884,0.8996884017114126,3,Network Laggards,Network Laggards
142,2021,FHB,First Hawaiian Inc,24992.41,182.384,2656.912,21816.146,65.804,9.082,12961.999,8438.132,265.735,530.559,184.916,7.257,2021,Optimal,0.014578061,0.0,0.0072890305,0.985421939,1.0,0.9927109695,0.9277338271067884,0.8996884017114126,1,Network Leaders,Network Leaders
143,2021,FHN,First Horizon Corp,89092.0,1154.0,8494.0,74895.0,4100.0,406.0,54859.0,9419.0,999.0,1994.0,1076.0,285.0,2021,Optimal,0.055508853,0.073067434,0.0642881435,0.944491147,0.8638157646297558,0.9357118565,0.9277338271067884,0.8996884017114126,4,Funding-Rich Underperformers,Funding-Rich Underperformers
144,2021,FIBK,First Interstate BancSystem Inc,19671.9,220.7,1986.6,16269.6,1250.5,50.5,9331.7,6508.1,192.1,488.2,150.5,29.7,2021,Optimal,0.077171109,0.11223677,0.0947039395,0.922828891,0.7981782781736303,0.9052960605,0.9277338271067884,0.8996884017114126,3,Network Laggards,Network Laggards
145,2021,FINW,Finwise Bancorp,380.214,22.365,115.442,251.892,1.05,0.831,207.957,11.801,31.583,47.978,31.844,0.763,2021,Optimal,0.25970622,0.0,0.12985311,0.74029378,1.0,0.87014689,0.9277338271067884,0.8996884017114126,2,Transformation Specialists,Transformation Specialists
146,2021,FISI,Financial Institutions Inc,5520.779,60.893,505.142,4827.09,127.778,12.483,3679.436,1384.096,77.697,154.73,46.906,12.166,2021,Optimal,0.034878719,0.028946958,0.0319128385,0.965121281,0.9437347906518618,0.9680871615,0.9277338271067884,0.8996884017114126,1,Network Leaders,Network Leaders
147,2021,FITB,Fifth Third Bancorp,211116.0,2616.0,22210.0,169324.0,13602.0,870.0,108998.0,38494.0,2770.0,4770.0,3118.0,542.0,2021,Optimal,0.063427754,0.028392685,0.0459102195,0.936572246,0.944782405759722,0.9540897805,0.9277338271067884,0.8996884017114126,1,Network Leaders,Network Leaders
148,2021,FIZN,First Citizens Bancshares Inc,2248.307,29.946,233.566,1919.337,81.321,4.743,1196.162,883.685,26.833,63.062,19.325,2.773,2021,Optimal,0.067596539,0.023651313,0.0456239259999999,0.932403461,0.9537902942151552,0.954376074,0.9277338271067884,0.8996884017114126,1,Network Leaders,Network Leaders
149,2021,FKYS,First Keystone Corp,1320.35,14.148,148.555,1077.969,88.892,7.119,746.835,441.797,14.688,36.9,7.323,7.066,2021,Optimal,0.10710615,0.071398171,0.0892521605,0.89289385,0.8667196324717265,0.9107478395,0.9277338271067884,0.8996884017114126,3,Network Laggards,Network Laggards
150,2021,FLG,Flagstar Financial Inc,59527.0,303.0,7044.0,35059.0,16811.0,46.103,45738.0,6530.0,596.0,1289.0,61.0,41.0,2021,Optimal,0.28163339,0.0,0.140816695,0.71836661,1.0,0.859183305,0.9277338271067884,0.8996884017114126,2,Transformation Specialists,Transformation Specialists
151,2021,FMAO,Farmers & Merchants Bancorp Inc,2638.3,26.336,297.167,2193.462,127.804,9.475,1857.419,438.093,23.495,69.498,17.609,8.235,2021,Optimal,0.08891642,0.092189968,0.090553194,0.91108358,0.831183272688694,0.909446806,0.9277338271067884,0.8996884017114126,3,Network Laggards,Network Laggards
152,2021,FMBH,First Mid Bancshares Inc,5986.582,89.66,633.894,4956.486,361.631,30.616,3992.775,1428.849,51.49,167.751,69.767,27.055,2021,Optimal,0.085944232,0.049866054,0.067905143,0.914055768,0.9050049217040406,0.932094857,0.9277338271067884,0.8996884017114126,2,Transformation Specialists,Transformation Specialists
153,2021,FMBM,F & M Bank Corp,1219.342,18.487,100.456,1080.295,22.729,6.537,662.421,413.217,10.738,31.274,11.306,5.508,2021,Optimal,0.038462306,0.10158659,0.070024448,0.961537694,0.8155631324451762,0.929975552,0.9277338271067884,0.8996884017114126,4,Funding-Rich Underperformers,Funding-Rich Underperformers
154,2021,FMCB,Farmers & Merchants Bancorp,5177.72,63.86,463.136,4640.152,15.11,1.368,3237.177,1023.055,66.336,160.936,21.056,1.389,2021,Optimal,0.011069775,0.0,0.0055348875,0.988930225,1.0,0.9944651125,0.9277338271067884,0.8996884017114126,1,Network Leaders,Network Leaders
155,2021,FMNB,Farmers National Banc Corp/OH,4142.749,39.393,472.432,3547.235,94.34,13.835,2331.082,1458.136,51.844,107.99,38.193,16.195,2021,Optimal,0.057288618,0.011732425,0.0345105215,0.942711382,0.9768072571164258,0.9654894785,0.9277338271067884,0.8996884017114126,1,Network Leaders,Network Leaders
156,2021,FNB,F.N.B. Corp,39513.0,418.328,5150.0,31726.0,2378.6,180.0,24968.0,7134.0,404.602,906.476,330.419,96.0,2021,Optimal,0.10152023,0.040536175,0.0710282025,0.89847977,0.9220859861023092,0.9289717975,0.9277338271067884,0.8996884017114126,2,Transformation Specialists,Transformation Specialists
157,2021,FNFI,First Niles Financial Inc,124.497,3.589,15.305,80.607,27.216,0.441,74.319,12.086,0.586,2.152,3.507,0.418,2021,Optimal,0.19361912,0.0,0.09680956,0.80638088,1.0,0.90319044,0.9277338271067884,0.8996884017114126,2,Transformation Specialists,Transformation Specialists
158,2021,FNLC,First Bancorp Inc/ME (The),2527.099,21.152,245.657,2123.297,137.164,7.674,1647.649,695.971,36.269,66.303,19.383,6.721,2021,Optimal,0.077115272,0.042185041,0.0596501564999999,0.922884728,0.9190450076705716,0.9403498435,0.9277338271067884,0.8996884017114126,2,Transformation Specialists,Transformation Specialists
159,2021,FNRN,First Northern Community Bancorp,1899.087,22.756,150.911,1728.302,5.664,15.211,866.669,639.31,14.186,46.264,7.863,10.197,2021,Optimal,0.0069054321,0.12200354,0.06445448605,0.9930945679,0.7825255702847427,0.93554551395,0.9277338271067884,0.8996884017114126,4,Funding-Rich Underperformers,Funding-Rich Underperformers
160,2021,FNWB,First Northwest Bancorp,1921.081,33.515,190.48,1580.58,127.014,2.275,1365.384,349.408,15.418,58.298,15.638,1.4,2021,Optimal,0.10294755,0.066590608,0.084769079,0.89705245,0.8751337064089354,0.915230921,0.9277338271067884,0.8996884017114126,3,Network Laggards,Network Laggards
161,2021,FNWD,Finward Bancorp,1620.743,24.241,156.615,1434.201,14.581,14.903,966.72,530.136,14.963,48.575,15.947,8.253,2021,Optimal,0.036166336,0.0,0.018083168,0.963833664,1.0,0.981916832,0.9277338271067884,0.8996884017114126,1,Network Leaders,Network Leaders
162,2021,FOTB,First Ottawa Bancshares Inc,970.88,18.936,63.667,839.582,58.5,2.438,823.031,67.817,11.516,36.543,8.747,7.965,2021,Optimal,0.062246211,0.0,0.0311231055,0.937753789,1.0,0.9688768945,0.9277338271067884,0.8996884017114126,1,Network Leaders,Network Leaders
163,2021,FRAF,Franklin Financial Services Corp,1773.806,24.78,157.065,1584.359,24.445,8.742,998.812,530.787,19.616,44.671,19.488,7.384,2021,Optimal,0.02612145,0.11820154,0.0721614949999999,0.97387855,0.7885863401690539,0.927838505,0.9277338271067884,0.8996884017114126,4,Funding-Rich Underperformers,Funding-Rich Underperformers
164,2021,FRBA,First Bank,2510.298,25.404,266.666,2114.602,111.455,10.81,2111.991,148.049,35.429,81.89,7.754,13.773,2021,Optimal,0.077274204,0.02726749,0.0522708469999999,0.922725796,0.9469125806755552,0.947729153,0.9277338271067884,0.8996884017114126,2,Transformation Specialists,Transformation Specialists
165,2021,FRFC,First Robinson Financial Corp,470.685,6.729,26.82,392.932,46.617,2.706,200.483,203.011,2.728,10.862,4.221,1.43,2021,Optimal,0.0,0.14008615,0.070043075,1.0,0.7542533956754058,0.929956925,0.9277338271067884,0.8996884017114126,4,Funding-Rich Underperformers,Funding-Rich Underperformers
166,2021,FRME,First Merchants Corp,15453.149,166.995,1912.571,12732.577,653.869,65.651,9241.861,4553.089,205.531,410.68,109.323,43.949,2021,Optimal,0.082132621,0.026171255,0.054151938,0.917867379,0.9489924223223346,0.945848062,0.9277338271067884,0.8996884017114126,2,Transformation Specialists,Transformation Specialists
167,2021,FRST,Primis Financial Corp,3407.353,36.741,411.881,2763.216,211.488,17.54,2339.986,309.793,31.248,94.203,11.135,16.475,2021,Optimal,0.10962295,0.18879921,0.14921108,0.89037705,0.6823698932303295,0.8507889200000001,0.9277338271067884,0.8996884017114126,3,Network Laggards,Network Laggards
168,2021,FSBC,Five Star Bancorp,2556.761,19.825,235.046,2285.89,28.386,0.452,1934.46,166.217,42.441,77.611,7.28,0.588,2021,Optimal,0.016444729,0.0,0.0082223645,0.983555271,1.0,0.9917776355,0.9277338271067884,0.8996884017114126,1,Network Leaders,Network Leaders
169,2021,FSBW,FS Bancorp Inc,2286.391,49.721,247.507,1915.744,96.714,7.851,1754.175,283.637,37.412,86.649,37.513,5.8,2021,Optimal,0.084857825,0.050158584,0.0675082045,0.915142175,0.9044742674788248,0.9324917955,0.9277338271067884,0.8996884017114126,2,Transformation Specialists,Transformation Specialists
170,2021,FSFG,First Savings Financial Group Inc,1720.506,102.951,180.377,1227.58,275.801,16.684,1090.237,227.776,29.567,57.172,120.436,17.215,2021,Optimal,0.22429329,0.017499432,0.120896361,0.77570671,0.9656030628624468,0.879103639,0.9277338271067884,0.8996884017114126,2,Transformation Specialists,Transformation Specialists
171,2021,FULT,Fulton Financial Corp,25796.398,329.138,2712.68,21573.499,1130.973,151.305,18089.006,4225.409,275.497,663.73,273.745,153.936,2021,Optimal,0.065499515,0.027786351,0.046642933,0.934500485,0.9459297139469406,0.953357067,0.9277338271067884,0.8996884017114126,1,Network Leaders,Network Leaders
172,2021,FUNC,First United Corp,1729.838,22.061,141.9,1469.374,91.389,16.382,1153.395,344.059,19.77,52.542,20.714,7.239,2021,Optimal,0.074562442,0.10001515,0.087288796,0.925437558,0.8181567772043867,0.912711204,0.9277338271067884,0.8996884017114126,3,Network Laggards,Network Laggards
173,2021,FUSB,First US Bancshares Inc,958.302,19.157,90.064,838.126,23.016,4.035,708.35,135.189,4.451,36.971,3.521,4.157,2021,Optimal,0.051564004,0.069275049,0.0604195265,0.948435996,0.8704261376625463,0.9395804735,0.9277338271067884,0.8996884017114126,4,Funding-Rich Underperformers,Funding-Rich Underperformers
174,2021,FVCB,FVCBankcorp Inc,2202.924,18.98,209.796,1883.769,55.621,9.487,1503.849,364.41,21.933,57.947,4.302,3.508,2021,Optimal,0.061688534,0.11030809,0.085998312,0.938311466,0.8013018350609334,0.914001688,0.9277338271067884,0.8996884017114126,4,Funding-Rich Underperformers,Funding-Rich Underperformers
175,2021,FXNC,First National Corp/VA,1389.437,17.792,117.039,1248.752,19.556,6.714,825.118,324.749,10.359,34.84,10.187,4.152,2021,Optimal,0.022682291,0.16963684,0.0961595655,0.977317709,0.7099324607456791,0.9038404345,0.9277338271067884,0.8996884017114126,4,Funding-Rich Underperformers,Funding-Rich Underperformers
176,2021,GABC,German American Bancorp Inc,5608.539,68.57,668.459,4744.316,158.41,21.832,3004.264,1903.018,84.137,160.83,59.462,14.758,2021,Optimal,0.066387503,0.047335236,0.0568613695,0.933612497,0.9096082431432682,0.9431386305,0.9277338271067884,0.8996884017114126,1,Network Leaders,Network Leaders
177,2021,GBCI,Glacier Bancorp Inc,25940.645,270.644,3177.622,21337.249,1245.409,35.433,13432.031,10380.033,284.757,662.516,144.82,67.691,2021,Optimal,0.080917764,0.0,0.040458882,0.919082236,1.0,0.959541118,0.9277338271067884,0.8996884017114126,2,Transformation Specialists,Transformation Specialists
178,2021,GCBC,Greene County Bancorp Inc,2200.335,19.166,149.584,2005.108,24.565,4.077,1105.615,889.202,23.942,53.145,9.667,2.365,2021,Optimal,0.0,0.05705369,0.028526845,1.0,0.8920514813206886,0.971473155,0.9277338271067884,0.8996884017114126,4,Funding-Rich Underperformers,Funding-Rich Underperformers
179,2021,GLBZ,Glen Burnie Bancorp,442.066,6.504,35.716,383.247,20.499,5.105,210.392,156.989,2.516,12.443,0.627,0.353,2021,Optimal,0.044236817,0.0,0.0221184085,0.955763183,1.0,0.9778815915,0.9277338271067884,0.8996884017114126,1,Network Leaders,Network Leaders
180,2021,GNTY,Guaranty Bancshares Inc,3086.07,42.345,302.214,2670.827,101.343,13.115,1906.509,526.469,39.806,95.558,24.576,2.845,2021,Optimal,0.05020923,0.16219274,0.106200985,0.94979077,0.7208849540739688,0.893799015,0.9277338271067884,0.8996884017114126,4,Funding-Rich Underperformers,Funding-Rich Underperformers
181,2021,GSBC,Great Southern Bancorp Inc,5449.944,70.29,616.752,4552.101,246.599,3.82,4068.254,507.687,74.627,177.921,38.317,6.011,2021,Optimal,0.078427557,0.0,0.0392137785,0.921572443,1.0,0.9607862215,0.9277338271067884,0.8996884017114126,2,Transformation Specialists,Transformation Specialists
182,2021,HAFC,Hanmi Financial Corp,6858.587,72.561,643.417,5786.269,402.218,85.392,5151.541,927.175,98.677,195.05,40.496,14.035,2021,Optimal,0.067660292,0.0,0.033830146,0.932339708,1.0,0.966169854,0.9277338271067884,0.8996884017114126,1,Network Leaders,Network Leaders
183,2021,HARL,Harleysville Financial Corp,892.639,8.452,80.702,725.936,80.512,7.628,550.226,109.059,7.284,22.49,3.176,7.293,2021,Optimal,0.1019289,0.31022348,0.20607619,0.8980711,0.5264571506534138,0.79392381,0.9277338271067884,0.8996884017114126,3,Network Laggards,Network Laggards
184,2021,HBAN,Huntington Bancshares Inc,174064.0,2157.0,19318.0,143263.0,7883.0,563.0,106920.0,41555.0,1295.0,4102.0,1889.0,750.0,2021,Optimal,0.050839529,0.0,0.0254197645,0.949160471,1.0,0.9745802355,0.9277338271067884,0.8996884017114126,1,Network Leaders,Network Leaders
185,2021,HBC2,HSBC USA Inc,189232.0,665.0,17040.0,143032.0,23879.0,1710.0,55864.0,40501.0,688.0,2083.0,1237.0,622.0,2021,Optimal,0.0,0.0,0.0,1.0,1.0,1.0,0.9277338271067884,0.8996884017114126,1,Network Leaders,Network Leaders
186,2021,HBCP,Home Bancorp Inc,2938.244,39.151,351.903,2535.849,37.042,19.981,1840.093,329.734,48.621,100.989,16.271,14.464,2021,Optimal,0.053493573,0.16200716,0.1077503665,0.946506427,0.7211597904439763,0.8922496335,0.9277338271067884,0.8996884017114126,4,Funding-Rich Underperformers,Funding-Rich Underperformers
187,2021,HBIA,Hills Bancorporation,4044.562,42.458,488.463,3533.994,2.782,20.729,2660.532,555.9,48.085,104.462,33.464,16.633,2021,Optimal,0.038042508,0.0,0.019021254,0.961957492,1.0,0.980978746,0.9277338271067884,0.8996884017114126,1,Network Leaders,Network Leaders
188,2021,HBNC,Horizon Bancorp Inc,7374.903,74.051,723.209,5802.991,793.036,28.715,3607.631,2737.695,87.091,181.69,57.952,22.58,2021,Optimal,0.1304126,0.10231339,0.116362995,0.8695874,0.8143660579138934,0.883637005,0.9277338271067884,0.8996884017114126,3,Network Laggards,Network Laggards
189,2021,HBT,HBT Financial Inc,4314.254,56.131,411.881,3738.185,138.286,14.128,2499.689,1286.462,56.271,122.403,37.328,6.057,2021,Optimal,0.045560545,0.077276436,0.0614184905,0.954439455,0.8565336928988577,0.9385815095,0.9277338271067884,0.8996884017114126,4,Funding-Rich Underperformers,Funding-Rich Underperformers
190,2021,HFBK,Harford Bank (Alberdeen MD),575.175,7.021,49.547,522.324,0.527,5.89,368.101,106.176,5.341,17.591,1.966,7.79,2021,Optimal,0.0,0.0,0.0,1.0,1.0,1.0,0.9277338271067884,0.8996884017114126,1,Network Leaders,Network Leaders
191,2021,HFBL,Home Federal Bancorp/LA,565.731,8.665,52.725,506.596,4.143,7.188,340.515,84.256,5.365,16.941,5.452,1.396,2021,Optimal,0.02061669,0.0,0.010308345,0.97938331,1.0,0.989691655,0.9277338271067884,0.8996884017114126,1,Network Leaders,Network Leaders
192,2021,HFWA,Heritage Financial Corp,7432.412,89.88,854.432,6381.337,100.86,58.092,3815.662,1285.661,98.035,205.789,34.615,23.754,2021,Optimal,0.050635866,0.0,0.025317933,0.949364134,1.0,0.974682067,0.9277338271067884,0.8996884017114126,1,Network Leaders,Network Leaders
193,2021,HIFS,Hingham Institution for Savings,3431.165,13.988,354.612,2392.865,665.87,8.864,3019.527,121.881,67.458,102.465,15.308,0.427,2021,Optimal,0.10086303,0.0,0.050431515,0.89913697,1.0,0.949568485,0.9277338271067884,0.8996884017114126,2,Transformation Specialists,Transformation Specialists
194,2021,HLFN,Home Loan Financial Corp,252.627,3.703,32.105,214.976,4.758,1.307,196.105,11.932,3.842,8.883,2.481,0.435,2021,Optimal,0.039069687,0.0,0.0195348435,0.960930313,1.0,0.9804651565,0.9277338271067884,0.8996884017114126,1,Network Leaders,Network Leaders
195,2021,HNVR,Hanover Bancorp Inc,1484.641,15.009,122.529,1164.662,184.155,1.249,1247.125,20.072,10.851,41.708,3.349,1.028,2021,Optimal,0.14104391,0.024805739,0.0829248245,0.85895609,0.951589383126981,0.9170751755,0.9277338271067884,0.8996884017114126,2,Transformation Specialists,Transformation Specialists
196,2021,HOMB,Home Bancshares Inc,18052.138,170.755,2765.721,14260.57,954.388,78.558,9836.089,3119.807,319.021,572.971,137.569,51.823,2021,Optimal,0.11927783,0.10551851,0.1123981699999999,0.88072217,0.8091058466311885,0.88760183,0.9277338271067884,0.8996884017114126,3,Network Laggards,Network Laggards
197,2021,HONE,HarborOne Bancorp Inc,4553.405,101.924,679.261,3682.649,118.24,34.696,3607.733,399.967,58.517,131.37,100.686,36.186,2021,Optimal,0.10924785,0.0,0.054623925,0.89075215,1.0,0.945376075,0.9277338271067884,0.8996884017114126,2,Transformation Specialists,Transformation Specialists
198,2021,HONT,Honat Bancorp Inc,945.107,12.675,119.312,815.183,0.571,5.249,559.717,153.31,10.925,27.681,7.408,1.667,2021,Optimal,0.061181732,0.0,0.030590866,0.938818268,1.0,0.969409134,0.9277338271067884,0.8996884017114126,1,Network Leaders,Network Leaders
199,2021,HOPE,Hope Bancorp Inc,17889.061,175.151,2092.983,15040.45,678.866,143.327,13952.743,2741.385,204.572,512.77,43.594,111.762,2021,Optimal,0.06231893,0.0,0.031159465,0.93768107,1.0,0.968840535,0.9277338271067884,0.8996884017114126,1,Network Leaders,Network Leaders
200,2021,HTB,HomeTrust Bancshares Inc,3524.723,62.956,396.519,2955.541,122.73,16.26,2733.267,180.169,15.675,103.322,39.821,12.794,2021,Optimal,0.078612674,0.073248193,0.0759304335,0.921387326,0.8635018563688373,0.9240695665,0.9277338271067884,0.8996884017114126,3,Network Laggards,Network Laggards
201,2021,HTBK,Heritage Commerce Corp,5499.409,51.862,598.028,4759.412,39.925,7.869,3087.326,793.153,47.7,146.125,9.688,3.738,2021,Optimal,0.044809323,0.1328237,0.0888165115,0.955190677,0.7654997860655636,0.9111834885,0.9277338271067884,0.8996884017114126,4,Funding-Rich Underperformers,Funding-Rich Underperformers
202,2021,HWBK,Hawthorn Bancshares Inc,1831.55,27.657,148.956,1516.82,152.57,46.867,1302.133,316.278,22.517,58.545,16.531,35.998,2021,Optimal,0.097430191,0.0,0.0487150955,0.902569809,1.0,0.9512849045,0.9277338271067884,0.8996884017114126,2,Transformation Specialists,Transformation Specialists
203,2021,HWC,Hancock Whitney Corp,36531.205,457.935,3670.352,30465.897,2031.36,155.789,21134.282,8605.192,463.215,933.235,364.334,66.844,2021,Optimal,0.066898375,0.0021257475,0.0345120612499999,0.933101625,0.995757523433954,0.96548793875,0.9277338271067884,0.8996884017114126,1,Network Leaders,Network Leaders
204,2021,IBCP,Independent Bank Corp,4704.74,79.969,398.484,4117.09,115.56,8.639,2905.045,1431.257,62.895,129.765,76.643,5.355,2021,Optimal,0.035245322,0.025181999,0.0302136605,0.964754678,0.9508731151647932,0.9697863395,0.9277338271067884,0.8996884017114126,1,Network Leaders,Network Leaders
205,2021,IBOC,International Bancshares Corp,16046.236,123.48,2308.481,12617.877,1010.452,80.309,7209.151,4520.281,253.922,371.272,222.326,37.253,2021,Optimal,0.12408086,0.023494906,0.073787883,0.87591914,0.9540888657827868,0.926212117,0.9277338271067884,0.8996884017114126,2,Transformation Specialists,Transformation Specialists
206,2021,INBC,InBankshares Corp,745.233,14.029,77.239,627.75,36.351,0.691,431.283,233.532,2.749,24.139,3.494,0.948,2021,Optimal,0.082524797,0.069670989,0.076097893,0.917475203,0.8697337971835001,0.923902107,0.9277338271067884,0.8996884017114126,3,Network Laggards,Network Laggards
207,2021,INBK,First Internet Bancorp,4210.994,38.223,380.338,3178.959,619.153,10.218,2887.662,688.259,48.114,86.556,32.844,8.618,2021,Optimal,0.16979052,0.14287379,0.156332155,0.8302094799999999,0.7499745094338021,0.843667845,0.9277338271067884,0.8996884017114126,3,Network Laggards,Network Laggards
208,2021,INDB,Independent Bank Corp,20423.405,172.586,3018.449,16917.044,216.282,66.861,13587.286,2672.546,120.992,401.559,105.85,27.82,2021,Optimal,0.075547354,0.0,0.037773677,0.924452646,1.0,0.962226323,0.9277338271067884,0.8996884017114126,2,Transformation Specialists,Transformation Specialists
209,2021,IROQ,IF Bancorp Inc,797.341,11.897,85.304,667.632,34.245,1.095,519.97,194.089,5.347,20.179,6.228,0.411,2021,Optimal,0.088951171,0.075254604,0.0821028875,0.911048829,0.860024586325789,0.9178971125,0.9277338271067884,0.8996884017114126,3,Network Laggards,Network Laggards
210,2021,ISBA,Isabella Bank Corp,2032.158,23.749,211.048,1710.339,99.32,6.07,1301.037,507.984,19.499,52.701,13.822,1.684,2021,Optimal,0.081497023,0.075917005,0.0787070139999999,0.918502977,0.8588794402408391,0.921292986,0.9277338271067884,0.8996884017114126,3,Network Laggards,Network Laggards
211,2021,ISTR,Investar Holding Corp,2513.203,35.527,242.598,2120.266,139.156,14.49,1872.012,382.567,8.0,83.814,12.042,32.148,2021,Optimal,0.077246645,0.026047995,0.05164732,0.922753355,0.949226556404898,0.94835268,0.9277338271067884,0.8996884017114126,2,Transformation Specialists,Transformation Specialists
212,2021,JDVB,JD Bancshares Inc,1356.576,18.011,101.229,1201.44,47.712,9.108,622.565,492.884,11.015,35.804,12.908,5.154,2021,Optimal,0.03741158,0.18167352,0.10954255,0.96258842,0.6925148665428332,0.89045745,0.9277338271067884,0.8996884017114126,4,Funding-Rich Underperformers,Funding-Rich Underperformers
213,2021,JFBC,Jeffersonville Bancorp,704.868,9.654,79.074,619.161,0.501,18.302,292.491,216.878,5.944,18.576,4.33,12.464,2021,Optimal,0.040224053,0.0,0.0201120265,0.959775947,1.0,0.9798879735,0.9277338271067884,0.8996884017114126,1,Network Leaders,Network Leaders
214,2021,JPM,JPMorgan Chase & Co,3743567.0,38567.0,294127.0,2462303.0,557267.0,10906.0,1069026.0,878303.0,48334.0,52311.0,69338.0,8346.0,2021,Optimal,0.0,0.0,0.0,1.0,1.0,1.0,0.9277338271067884,0.8996884017114126,1,Network Leaders,Network Leaders
215,2021,JUVF,Juniata Valley Financial Corp,810.518,10.7,71.29,708.447,24.526,0.444,418.303,338.664,6.604,21.335,5.154,0.313,2021,Optimal,0.045949736,0.022108647,0.0340291915,0.954050264,0.9567391449727164,0.9659708085,0.9277338271067884,0.8996884017114126,1,Network Leaders,Network Leaders
216,2021,KEY,KeyCorp,186346.0,2561.0,17423.0,152572.0,13479.0,937.0,97783.0,53542.0,2625.0,4071.0,3194.0,489.0,2021,Optimal,0.059592554,0.0,0.029796277,0.940407446,1.0,0.970203723,0.9277338271067884,0.8996884017114126,1,Network Leaders,Network Leaders
217,2021,KFFB,Kentucky First Federal Bancorp,338.063,5.44,52.296,226.843,56.873,8.035,299.524,6.993,1.82,10.011,0.595,6.737,2021,Optimal,0.24670455,0.0,0.123352275,0.75329545,1.0,0.876647725,0.9277338271067884,0.8996884017114126,2,Transformation Specialists,Transformation Specialists
218,2021,KISB,Kish Bancorp Inc,1232.778,19.932,77.099,1002.645,139.158,0.598,878.713,197.188,9.881,33.389,11.346,0.642,2021,Optimal,0.11829187,0.09214777,0.1052198199999999,0.88170813,0.8312540252680277,0.89478018,0.9277338271067884,0.8996884017114126,3,Network Laggards,Network Laggards
219,2021,KRNY,Kearny Financial Corp,7283.735,68.8,1042.944,5485.306,703.703,36.874,4851.394,1751.617,63.233,184.509,24.751,79.945,2021,Optimal,0.16801547,0.0,0.084007735,0.8319845299999999,1.0,0.915992265,0.9277338271067884,0.8996884017114126,2,Transformation Specialists,Transformation Specialists
220,2021,KSBI,KS Bancorp Inc,571.225,7.675,36.645,487.437,43.248,0.92,350.667,89.763,6.094,17.661,2.876,1.523,2021,Optimal,0.061657296,0.28526398,0.173460638,0.938342704,0.5561005607579542,0.826539362,0.9277338271067884,0.8996884017114126,4,Funding-Rich Underperformers,Funding-Rich Underperformers
221,2021,LARK,Landmark Bancorp Inc,1328.968,20.157,135.643,1148.481,29.054,12.289,662.008,383.622,18.011,38.32,22.261,7.781,2021,Optimal,0.061289429,0.16178053,0.1115349795,0.938710571,0.7214955392650624,0.8884650205,0.9277338271067884,0.8996884017114126,4,Funding-Rich Underperformers,Funding-Rich Underperformers
222,2021,LCNB,LCNB Corp,1903.629,27.616,238.604,1628.819,16.473,3.718,1369.445,345.649,20.974,57.124,16.232,1.537,2021,Optimal,0.066820115,0.0,0.0334100575,0.933179885,1.0,0.9665899425,0.9277338271067884,0.8996884017114126,1,Network Leaders,Network Leaders
223,2021,LFGP,Ledyard Financial Group Inc,771.143,15.662,72.705,675.083,12.246,1.398,362.677,350.563,7.765,18.277,15.032,1.361,2021,Optimal,0.047659084,0.0090610849,0.02836008445,0.952340916,0.982040562190746,0.97163991555,0.9277338271067884,0.8996884017114126,1,Network Leaders,Network Leaders
224,2021,LKFN,Lakeland Financial Corp,6557.323,57.882,704.906,5735.407,79.218,12.418,4287.841,1412.33,95.733,178.088,44.72,15.286,2021,Optimal,0.033448541,0.0096326869,0.02154061395,0.966551459,0.9809184329608496,0.97845938605,0.9277338271067884,0.8996884017114126,1,Network Leaders,Network Leaders
225,2021,LOB,Live Oak Bancshares Inc,8213.393,124.932,715.133,7112.044,320.729,50.265,5521.262,909.952,166.995,296.785,160.2,43.153,2021,Optimal,0.041125712,0.055497699,0.0483117054999999,0.958874288,0.8948407011164882,0.9516882945,0.9277338271067884,0.8996884017114126,4,Funding-Rich Underperformers,Funding-Rich Underperformers
226,2021,LSBK,Lake Shore Bancorp Inc,713.739,8.999,87.976,593.184,22.484,3.161,523.324,90.422,6.187,21.994,3.188,9.8,2021,Optimal,0.088343256,0.0,0.044171628,0.911656744,1.0,0.955828372,0.9277338271067884,0.8996884017114126,2,Transformation Specialists,Transformation Specialists
227,2021,MBCN,Middlefield Banc Corp,1331.006,17.151,145.335,1166.61,13.779,15.245,981.691,175.416,18.633,48.27,7.206,11.851,2021,Optimal,0.047730513,0.0,0.0238652565,0.952269487,1.0,0.9761347435,0.9277338271067884,0.8996884017114126,1,Network Leaders,Network Leaders
228,2021,MBIN,Merchants Bancorp,11278.638,85.727,1155.409,8982.613,1033.954,6.321,5782.663,340.217,227.104,277.994,157.333,0.8,2021,Optimal,0.11557707,0.0,0.057788535,0.8844229299999999,1.0,0.942211465,0.9277338271067884,0.8996884017114126,2,Transformation Specialists,Transformation Specialists
229,2021,MBKL,MBT Bancshares Inc,612.539,8.526,44.45,545.669,21.181,0.482,291.967,116.361,4.673,18.006,3.673,0.737,2021,Optimal,0.024732441,0.36499517,0.1948638055,0.975267559,0.4652066497788413,0.8051361945,0.9277338271067884,0.8996884017114126,4,Funding-Rich Underperformers,Funding-Rich Underperformers
230,2021,MBWM,Mercantile Bank Corp,5257.749,66.447,456.559,4083.193,693.353,4.085,3453.459,610.745,59.021,124.062,56.22,2.468,2021,Optimal,0.14388517,0.079647721,0.1117664455,0.85611483,0.8524560938706415,0.8882335545,0.9277338271067884,0.8996884017114126,3,Network Laggards,Network Laggards
231,2021,MCB,Metropolitan Bank Holding Corp,7116.358,45.908,556.989,6435.572,77.793,6.389,3731.929,962.994,60.555,157.001,23.697,10.286,2021,Optimal,0.0,0.26111607,0.130558035,1.0,0.5858968477025276,0.869441965,0.9277338271067884,0.8996884017114126,4,Funding-Rich Underperformers,Funding-Rich Underperformers
232,2021,MCBK,Madison County Financial Inc,532.716,6.757,87.23,413.309,20.7,0.12,374.479,110.496,7.412,15.427,3.425,0.072,2021,Optimal,0.14166777,0.0,0.070833885,0.85833223,1.0,0.929166115,0.9277338271067884,0.8996884017114126,2,Transformation Specialists,Transformation Specialists
233,2021,MCBS,Metrocity Bankshares Inc,3106.158,30.112,290.223,2263.02,510.32,16.938,2505.07,56.82,61.701,104.169,33.803,15.416,2021,Optimal,0.20112945,0.066416105,0.1337727775,0.79887055,0.8754405439141412,0.8662272225000001,0.9277338271067884,0.8996884017114126,3,Network Laggards,Network Laggards
234,2021,MCHB,Mechanics Bancorp,19422.86,221.859,2387.777,16766.625,62.932,51.911,11005.775,6077.898,206.011,621.158,70.919,42.428,2021,Optimal,0.036617434,0.0,0.018308717,0.963382566,1.0,0.981691283,0.9277338271067884,0.8996884017114126,1,Network Leaders,Network Leaders
235,2021,MFBP,M&F Bancorp Inc,365.063,6.863,42.902,317.021,1.115,0.879,231.908,72.503,2.783,11.285,4.177,0.824,2021,Optimal,0.038044131,0.0,0.0190220655,0.961955869,1.0,0.9809779345,0.9277338271067884,0.8996884017114126,1,Network Leaders,Network Leaders
236,2021,MFGI,Merchants Financial Group Inc,2822.549,46.698,230.639,2518.563,57.494,22.679,1607.926,210.964,28.777,77.341,40.363,16.948,2021,Optimal,0.021504987,0.38185673,0.2016808584999999,0.978495013,0.4473280453611135,0.7983191415,0.9277338271067884,0.8996884017114126,4,Funding-Rich Underperformers,Funding-Rich Underperformers
237,2021,MGYR,Magyar Bancorp Inc,773.99,10.619,97.641,639.814,27.61,12.326,593.376,72.325,6.12,25.587,3.409,8.796,2021,Optimal,0.097405617,0.0,0.0487028085,0.902594383,1.0,0.9512971915,0.9277338271067884,0.8996884017114126,2,Transformation Specialists,Transformation Specialists
238,2021,MNSB,MainStreet Bancshares Inc,1647.402,19.305,188.788,1411.963,37.047,1.329,1353.457,135.871,22.171,53.536,6.11,1.051,2021,Optimal,0.066206738,0.0,0.033103369,0.933793262,1.0,0.966896631,0.9277338271067884,0.8996884017114126,1,Network Leaders,Network Leaders
239,2021,MOFG,MidWestOne Financial Group Inc,6025.128,69.937,527.475,5114.519,340.025,45.005,3245.012,2298.267,69.486,156.281,42.453,31.897,2021,Optimal,0.062633384,0.043308389,0.0529708865,0.937366616,0.9169787390638916,0.9470291135,0.9277338271067884,0.8996884017114126,1,Network Leaders,Network Leaders
240,2021,MPB,Mid Penn Bancorp Inc,4689.425,41.711,490.076,4002.016,166.907,15.644,3104.396,401.753,29.319,108.568,21.533,10.497,2021,Optimal,0.059374429,0.22959205,0.1444832395,0.940625571,0.6265557344812046,0.8555167605,0.9277338271067884,0.8996884017114126,4,Funding-Rich Underperformers,Funding-Rich Underperformers
241,2021,MRBK,Meridian Corp,1713.443,78.866,165.36,1446.413,81.852,7.93,1386.457,173.145,35.585,63.111,87.988,22.988,2021,Optimal,0.080463264,0.0,0.040231632,0.919536736,1.0,0.959768368,0.9277338271067884,0.8996884017114126,2,Transformation Specialists,Transformation Specialists
242,2021,MSBC,Mission Bancorp/CA,1520.178,14.227,120.279,1332.616,23.256,0.128,861.293,240.887,18.723,43.921,6.632,0.075,2021,Optimal,0.039010316,0.0,0.019505158,0.960989684,1.0,0.980494842,0.9277338271067884,0.8996884017114126,1,Network Leaders,Network Leaders
243,2021,MSBI,Midland States Bancorp Inc,7443.805,86.883,663.837,6110.648,586.153,75.432,5224.801,952.473,81.317,207.675,69.899,57.068,2021,Optimal,0.092514841,0.13977482,0.1161448304999999,0.907485159,0.7547325707721811,0.8838551695,0.9277338271067884,0.8996884017114126,3,Network Laggards,Network Laggards
244,2021,MTB,M&T Bank Corp,155107.16,2045.501,17903.405,131543.409,3963.527,1927.967,91815.806,7155.86,1858.746,3824.778,2166.994,2083.984,2021,Optimal,0.029582727,0.0,0.0147913635,0.970417273,1.0,0.9852086365,0.9277338271067884,0.8996884017114126,1,Network Leaders,Network Leaders
245,2021,MVBF,MVB Financial Corp,2792.449,60.21,275.303,2377.605,103.015,19.443,1869.838,453.868,39.121,77.159,62.596,20.287,2021,Optimal,0.067074017,0.12302417,0.0950490935,0.932925983,0.7809055703582942,0.9049509065,0.9277338271067884,0.8996884017114126,4,Funding-Rich Underperformers,Funding-Rich Underperformers
246,2021,MYFW,First Western Financial Inc,2527.489,40.199,219.041,2205.703,91.523,4.252,1949.137,58.795,20.61,56.509,40.15,4.327,2021,Optimal,0.044883623,0.073140186,0.0590119045,0.955116377,0.863689409912751,0.9409880955,0.9277338271067884,0.8996884017114126,4,Funding-Rich Underperformers,Funding-Rich Underperformers
247,2021,NASB,NASB Financial Inc,2359.371,56.772,393.346,1351.337,575.793,32.037,1416.397,167.097,73.706,97.849,146.181,30.348,2021,Optimal,0.37657884,0.0,0.18828942,0.6234211599999999,1.0,0.81171058,0.9277338271067884,0.8996884017114126,2,Transformation Specialists,Transformation Specialists
248,2021,NBHC,National Bank Holdings Corp,7214.011,127.504,840.106,6228.173,82.499,25.134,4513.383,1351.599,93.606,187.144,110.364,17.837,2021,Optimal,0.045497134,0.047059654,0.046278394,0.954502866,0.9101108445536572,0.953721606,0.9277338271067884,0.8996884017114126,1,Network Leaders,Network Leaders
249,2021,NBN,Northeast Bank,2174.402,22.43,232.391,1862.43,36.111,24.379,1040.624,68.176,71.503,67.086,72.033,20.397,2021,Optimal,0.062824195,0.0,0.0314120975,0.937175805,1.0,0.9685879025,0.9277338271067884,0.8996884017114126,1,Network Leaders,Network Leaders
250,2021,NBTB,NBT Bancorp Inc,12012.111,172.58,1250.453,10234.469,339.077,49.254,7498.459,2479.219,154.885,321.088,157.794,32.91,2021,Optimal,0.052611619,0.083459772,0.0680356954999999,0.947388381,0.8459384018551267,0.9319643045,0.9277338271067884,0.8996884017114126,4,Funding-Rich Underperformers,Funding-Rich Underperformers
251,2021,NECB,Northeast Community Bancorp Inc,1225.07,14.996,251.382,927.164,31.1,5.568,973.335,39.393,11.905,43.303,2.354,1.996,2021,Optimal,0.17494844,0.0,0.08747422,0.82505156,1.0,0.91252578,0.9277338271067884,0.8996884017114126,2,Transformation Specialists,Transformation Specialists
252,2021,NEFB,Neffs Bancorp Inc,462.754,3.819,74.697,378.011,7.5,0.548,208.532,219.102,4.036,11.134,0.244,0.543,2021,Optimal,0.052443611,0.0,0.0262218055,0.947556389,1.0,0.9737781945,0.9277338271067884,0.8996884017114126,1,Network Leaders,Network Leaders
253,2021,NFBK,Northfield Bancorp Inc,5430.542,43.677,739.883,4169.334,461.606,29.524,3806.617,1241.198,70.654,155.649,14.453,8.106,2021,Optimal,0.15349165,0.0,0.076745825,0.84650835,1.0,0.923254175,0.9277338271067884,0.8996884017114126,2,Transformation Specialists,Transformation Specialists
254,2021,NIC,Nicolet Bankshares Inc,7695.037,70.618,891.891,6465.916,216.915,13.063,4621.836,1617.472,60.652,157.955,67.364,56.109,2021,Optimal,0.070775714,0.0,0.035387857,0.929224286,1.0,0.964612143,0.9277338271067884,0.8996884017114126,1,Network Leaders,Network Leaders
255,2021,NIDB,Northeast Indiana Bancorp Inc,417.657,5.413,48.694,341.948,23.001,5.413,278.265,100.988,7.297,14.246,4.646,3.224,2021,Optimal,0.089530733,0.057225063,0.073377898,0.910469267,0.8917447854714735,0.926622102,0.9277338271067884,0.8996884017114126,3,Network Laggards,Network Laggards
256,2021,NKSH,National Bankshares Inc,1702.175,15.747,191.751,1494.587,1.558,5.238,803.248,686.925,20.382,41.889,8.426,3.83,2021,Optimal,0.038043367,0.0,0.0190216835,0.961956633,1.0,0.9809783165,0.9277338271067884,0.8996884017114126,1,Network Leaders,Network Leaders
257,2021,NRIM,Northrim BanCorp Inc,2724.719,60.412,237.817,2421.631,35.783,16.289,1413.886,458.211,37.517,80.827,52.263,15.031,2021,Optimal,0.025920991,0.29947273,0.1626968605,0.974079009,0.53908577981471,0.8373031395,0.9277338271067884,0.8996884017114126,4,Funding-Rich Underperformers,Funding-Rich Underperformers
258,2021,NTRS,Northern Trust Corp,183889.8,2414.5,12016.8,159928.4,8430.2,132.4,40469.6,61563.8,1545.3,1382.7,5081.8,125.3,2021,Optimal,0.0,0.0,0.0,1.0,1.0,1.0,0.9277338271067884,0.8996884017114126,1,Network Leaders,Network Leaders
259,2021,NWBI,Northwest Bancshares Inc,14501.508,193.887,1583.571,12301.165,449.448,105.649,9991.336,2330.93,154.323,391.262,142.889,159.675,2021,Optimal,0.055288834,0.0,0.027644417,0.944711166,1.0,0.972355583,0.9277338271067884,0.8996884017114126,1,Network Leaders,Network Leaders
260,2021,NWFL,Norwood Financial Corp.,2068.504,20.608,205.262,1756.793,95.397,4.356,1354.931,410.709,24.915,65.313,8.325,2.476,2021,Optimal,0.070647596,0.11566701,0.093157303,0.929352404,0.7926495827818733,0.906842697,0.9277338271067884,0.8996884017114126,4,Funding-Rich Underperformers,Funding-Rich Underperformers
261,2021,NWPP,New Peoples Bankshares Inc,794.647,12.662,63.631,707.513,20.558,8.882,593.744,107.358,7.01,27.211,9.98,4.302,2021,Optimal,0.032149746,0.066951473,0.0495506094999999,0.967850254,0.8744994975043255,0.9504493905,0.9277338271067884,0.8996884017114126,4,Funding-Rich Underperformers,Funding-Rich Underperformers
262,2021,OBK,Origin Bancorp Inc,7861.285,93.026,730.211,6570.693,495.761,28.757,5231.331,1580.184,108.546,216.252,62.193,28.517,2021,Optimal,0.075467426,0.10401814,0.0897427829999999,0.924532574,0.8115644367944896,0.910257217,0.9277338271067884,0.8996884017114126,3,Network Laggards,Network Laggards
263,2021,OBT,Orange County Bancorp Inc,2142.583,22.967,182.836,1914.384,25.414,2.002,1291.428,467.014,21.287,60.461,12.102,5.953,2021,Optimal,0.022751722,0.09241386,0.057582791,0.977248278,0.830807968694209,0.942417209,0.9277338271067884,0.8996884017114126,4,Funding-Rich Underperformers,Funding-Rich Underperformers
264,2021,OCFC,OceanFirst Financial Corp.,11739.616,120.014,1516.553,9732.816,365.352,36.516,8632.202,1861.798,110.076,305.338,51.931,19.054,2021,Optimal,0.078582042,0.0,0.039291021,0.921417958,1.0,0.960708979,0.9277338271067884,0.8996884017114126,2,Transformation Specialists,Transformation Specialists
265,2021,OFED,Oconee Federal Financial Corp,543.716,6.667,88.1,439.93,15.0,2.9,339.089,140.469,4.065,14.847,2.003,2.781,2021,Optimal,0.10525224,0.057211665,0.0812319525,0.89474776,0.8917687594754263,0.9187680475,0.9277338271067884,0.8996884017114126,3,Network Laggards,Network Laggards
266,2021,OFG,OFG Bancorp,9899.72,133.442,1069.16,8603.118,95.069,165.606,6402.586,895.798,146.151,407.37,133.21,128.992,2021,Optimal,0.035411974,0.0,0.017705987,0.964588026,1.0,0.982294013,0.9277338271067884,0.8996884017114126,1,Network Leaders,Network Leaders
267,2021,ONB,Old National Bancorp,24453.564,284.098,3012.018,18569.195,2651.476,166.412,13576.746,7564.652,277.538,596.4,214.219,127.099,2021,Optimal,0.15207455,0.014747292,0.083410921,0.84792545,0.9709340599058232,0.916589079,0.9277338271067884,0.8996884017114126,2,Transformation Specialists,Transformation Specialists
268,2021,OPBK,OP Bancorp,1726.691,21.253,165.222,1534.066,10.307,0.985,1314.019,161.443,28.84,61.026,16.017,3.202,2021,Optimal,0.031620602,0.0,0.015810301,0.968379398,1.0,0.984189699,0.9277338271067884,0.8996884017114126,1,Network Leaders,Network Leaders
269,2021,ORBN,Oregon Bancorp Inc,411.661,48.693,75.554,322.924,2.172,0.849,246.609,14.232,22.389,12.893,77.458,1.407,2021,Optimal,0.13158596,0.0,0.06579298,0.86841404,1.0,0.93420702,0.9277338271067884,0.8996884017114126,2,Transformation Specialists,Transformation Specialists
270,2021,ORPB,Oregon Pacific Bancorp,691.721,9.362,49.26,618.68,18.652,2.521,398.155,124.433,7.801,20.319,6.616,0.928,2021,Optimal,0.022278977,0.26669397,0.1444864735,0.977721023,0.5789133345286234,0.8555135265,0.9277338271067884,0.8996884017114126,4,Funding-Rich Underperformers,Funding-Rich Underperformers
271,2021,ORRF,Orrstown Financial Services Inc,2834.565,44.002,271.656,2464.929,68.279,10.31,1979.986,479.69,32.881,86.974,29.152,6.449,2021,Optimal,0.046687719,0.091077761,0.06888274,0.953312281,0.8330499176950964,0.93111726,0.9277338271067884,0.8996884017114126,4,Funding-Rich Underperformers,Funding-Rich Underperformers
272,2021,OSBC,Old Second Bancorp Inc,6212.184,57.691,502.021,5466.232,198.876,25.519,3421.948,1705.745,20.044,96.764,39.23,47.022,2021,Optimal,0.027918297,0.12789747,0.0779078835,0.972081703,0.7732108220794219,0.9220921165,0.9277338271067884,0.8996884017114126,4,Funding-Rich Underperformers,Funding-Rich Underperformers
273,2021,OTTW,Ottawa Bancorp Inc,342.525,5.907,45.974,273.051,16.525,2.007,287.517,32.7,2.904,10.891,2.955,1.6,2021,Optimal,0.11213628,0.0,0.05606814,0.88786372,1.0,0.94393186,0.9277338271067884,0.8996884017114126,2,Transformation Specialists,Transformation Specialists
274,2021,OVBC,Ohio Valley Banc Corp.,1249.769,21.649,141.356,1059.908,29.309,6.976,831.191,194.559,11.732,41.013,9.864,4.651,2021,Optimal,0.079832242,0.12424756,0.102039901,0.920167758,0.7789676145705845,0.897960099,0.9277338271067884,0.8996884017114126,3,Network Laggards,Network Laggards
275,2021,OZK,Bank OZK,26530.43,214.567,4839.36,20209.134,1287.544,56.247,18307.825,3957.521,579.001,989.72,115.538,51.339,2021,Optimal,0.14907444,0.0,0.07453722,0.85092556,1.0,0.92546278,0.9277338271067884,0.8996884017114126,2,Transformation Specialists,Transformation Specialists
276,2021,PB,Prosperity Bancshares Inc,37833.97,310.556,6427.236,30771.762,497.499,59.57,18608.87,12827.802,519.297,993.308,139.966,28.088,2021,Optimal,0.089954844,0.0,0.044977422,0.910045156,1.0,0.955022578,0.9277338271067884,0.8996884017114126,2,Transformation Specialists,Transformation Specialists
277,2021,PBBK,PB Bankshares Inc,314.929,3.994,45.834,251.13,16.681,2.815,252.341,27.382,0.785,7.862,0.79,1.653,2021,Optimal,0.10103128,0.0,0.05051564,0.89896872,1.0,0.94948436,0.9277338271067884,0.8996884017114126,2,Transformation Specialists,Transformation Specialists
278,2021,PBCO,PBCO Financial Corp,859.597,13.565,79.065,764.229,7.437,1.028,457.225,242.648,11.473,31.124,8.311,0.542,2021,Optimal,0.034664259,0.086057304,0.0603607815,0.965335741,0.8415234561140614,0.9396392185,0.9277338271067884,0.8996884017114126,4,Funding-Rich Underperformers,Funding-Rich Underperformers
279,2021,PBHC,Pathfinder Bancorp Inc,1285.177,14.384,110.633,1055.346,109.697,21.333,831.946,356.387,12.407,38.295,6.231,8.292,2021,Optimal,0.10311925,0.0,0.051559625,0.89688075,1.0,0.948440375,0.9277338271067884,0.8996884017114126,2,Transformation Specialists,Transformation Specialists
280,2021,PCB,PCB Bancorp,2149.735,27.974,256.286,1867.134,17.444,4.564,1732.205,131.775,40.103,77.137,18.434,0.994,2021,Optimal,0.051582439,0.0,0.0257912195,0.948417561,1.0,0.9742087805,0.9277338271067884,0.8996884017114126,1,Network Leaders,Network Leaders
281,2021,PDLB,Ponce Financial Group Inc,1653.51,23.262,189.256,1204.716,121.345,11.683,1321.43,120.281,25.415,58.846,34.637,11.443,2021,Optimal,0.2080897,0.0,0.10404485,0.7919103000000001,1.0,0.89595515,0.9277338271067884,0.8996884017114126,2,Transformation Specialists,Transformation Specialists
282,2021,PEBK,Peoples Bancorp of North Carolina Inc.,1624.193,24.506,142.369,1412.748,57.235,3.886,884.869,410.217,15.133,43.974,24.919,3.23,2021,Optimal,0.052757948,0.19424656,0.123502254,0.947242052,0.6746960527146085,0.876497746,0.9277338271067884,0.8996884017114126,4,Funding-Rich Underperformers,Funding-Rich Underperformers
283,2021,PEBO,Peoples Bancorp Inc,7063.521,94.612,845.025,5862.552,274.631,28.679,4481.6,1683.609,47.555,172.553,68.885,47.984,2021,Optimal,0.082704475,0.042506564,0.0626055195,0.917295525,0.9184531484638212,0.9373944805,0.9277338271067884,0.8996884017114126,2,Transformation Specialists,Transformation Specialists
284,2021,PFBC,Preferred Bank of Los Angeles,6046.303,42.606,586.718,5225.511,170.619,20.529,4418.676,480.873,95.24,185.877,7.743,14.824,2021,Optimal,0.045508839,0.10122902,0.0733689295,0.954491161,0.8161526473394245,0.9266310705,0.9277338271067884,0.8996884017114126,4,Funding-Rich Underperformers,Funding-Rich Underperformers
285,2021,PFIS,Peoples Financial Services Corp,3369.483,29.736,340.126,2963.397,44.501,10.502,2329.173,592.719,43.519,84.635,25.636,4.961,2021,Optimal,0.033111181,0.063148704,0.0481299425,0.966888819,0.8812043813581133,0.9518700575,0.9277338271067884,0.8996884017114126,4,Funding-Rich Underperformers,Funding-Rich Underperformers
286,2021,PFLC,Pacific Financial Corp,1319.966,27.114,117.642,1178.94,15.288,2.392,628.333,236.151,12.697,35.905,16.729,1.421,2021,Optimal,0.029481235,0.36574138,0.1976113075,0.970518765,0.4644060942196831,0.8023886925,0.9277338271067884,0.8996884017114126,4,Funding-Rich Underperformers,Funding-Rich Underperformers
287,2021,PFS,Provident Financial Services Inc,13781.202,143.366,1697.096,11268.452,687.293,91.565,9581.624,2529.616,167.921,366.023,86.809,56.758,2021,Optimal,0.090017825,0.038662417,0.064340121,0.909982175,0.925553449576678,0.935659879,0.9277338271067884,0.8996884017114126,2,Transformation Specialists,Transformation Specialists
288,2021,PGC,Peapack-Gladstone Financial Corp,6077.993,81.864,546.388,5266.149,148.632,11.46,4806.721,933.068,56.622,138.061,72.243,15.573,2021,Optimal,0.043052581,0.0,0.0215262905,0.956947419,1.0,0.9784737095,0.9277338271067884,0.8996884017114126,1,Network Leaders,Network Leaders
289,2021,PKBK,Parke Bancorp Inc,2136.445,9.731,232.361,1768.41,122.944,8.868,1484.847,28.413,40.76,69.116,8.799,5.962,2021,Optimal,0.0,0.18727907,0.093639535,1.0,0.6845239257860412,0.906360465,0.9277338271067884,0.8996884017114126,4,Funding-Rich Underperformers,Funding-Rich Underperformers
290,2021,PLBC,Plumas Bancorp,1614.074,12.792,134.082,1438.999,31.03,2.97,839.737,305.914,21.009,46.934,8.716,5.397,2021,Optimal,0.01684764,0.29358134,0.15521449,0.98315236,0.5460952768536379,0.84478551,0.9277338271067884,0.8996884017114126,4,Funding-Rich Underperformers,Funding-Rich Underperformers
291,2021,PNBK,Patriot National Bancorp Inc,948.481,11.089,67.344,748.562,123.586,21.297,739.488,105.818,5.094,25.261,4.423,23.097,2021,Optimal,0.13541875,0.0,0.067709375,0.86458125,1.0,0.932290625,0.9277338271067884,0.8996884017114126,2,Transformation Specialists,Transformation Specialists
292,2021,PNC,The PNC Financial Services Group Inc,557191.0,7141.0,55726.0,457278.0,33004.0,2337.0,282242.0,132962.0,5674.0,10647.0,8564.0,2506.0,2021,Optimal,0.0,0.0,0.0,1.0,1.0,1.0,0.9277338271067884,0.8996884017114126,1,Network Leaders,Network Leaders
293,2021,PNFP,Pinnacle Financial Partners Inc,38469.399,436.006,5310.607,31304.533,1565.076,86.196,23414.262,6070.152,527.323,932.401,395.734,40.106,2021,Optimal,0.089442793,0.0,0.0447213965,0.910557207,1.0,0.9552786035,0.9277338271067884,0.8996884017114126,2,Transformation Specialists,Transformation Specialists
294,2021,PPBN,Pinnacle Bankshares Corp,1015.863,14.756,62.367,938.079,10.0,1.469,551.739,121.999,4.375,25.089,7.187,0.95,2021,Optimal,0.0,0.3539848,0.1769924,1.0,0.4771214566071938,0.8230076,0.9277338271067884,0.8996884017114126,4,Funding-Rich Underperformers,Funding-Rich Underperformers
295,2021,PRK,Park National Corp,9560.254,166.438,1110.759,7904.528,441.335,144.209,6871.122,1815.408,153.945,329.893,129.944,106.177,2021,Optimal,0.083175679,0.0,0.0415878395,0.916824321,1.0,0.9584121605,0.9277338271067884,0.8996884017114126,2,Transformation Specialists,Transformation Specialists
296,2021,PROV,Provident Financial Holdings Inc,1183.596,15.157,127.28,937.973,103.175,4.9,858.547,235.048,7.561,30.639,4.573,8.646,2021,Optimal,0.1376027,0.035804129,0.0867034144999999,0.8623973,0.9308669892355682,0.9132965855,0.9277338271067884,0.8996884017114126,2,Transformation Specialists,Transformation Specialists
297,2021,PSBQ,PSB Holdings Inc/WI,1298.711,16.143,111.262,1105.24,69.021,1.619,888.559,313.091,12.817,38.601,9.418,13.741,2021,Optimal,0.074686263,0.0,0.0373431315,0.925313737,1.0,0.9626568685,0.9277338271067884,0.8996884017114126,2,Transformation Specialists,Transformation Specialists
298,2021,PVBC,Provident Bancorp Inc,1729.283,28.782,233.782,1459.895,17.887,5.419,1453.299,37.622,16.139,61.433,5.166,2.892,2021,Optimal,0.080301287,0.0,0.0401506435,0.919698713,1.0,0.9598493565,0.9277338271067884,0.8996884017114126,2,Transformation Specialists,Transformation Specialists
299,2021,PVBK,Pacific Valley Bancorp,499.62,7.108,42.991,454.149,1.099,0.873,384.754,12.802,3.77,15.946,1.175,0.794,2021,Optimal,0.0013402482,0.0,0.0006701241,0.9986597518,1.0,0.9993298759,0.9277338271067884,0.8996884017114126,1,Network Leaders,Network Leaders
300,2021,QCRH,QCR Holdings Inc,6096.132,100.907,677.01,4922.772,172.105,14.839,4676.304,829.568,98.905,178.233,100.422,2.76,2021,Optimal,0.10851828,0.0,0.05425914,0.89148172,1.0,0.94574086,0.9277338271067884,0.8996884017114126,2,Transformation Specialists,Transformation Specialists
301,2021,QNBC,QNB Corp,1673.34,17.453,136.494,1449.745,82.228,14.109,926.47,706.099,16.492,42.127,9.781,11.672,2021,Optimal,0.053913442,0.0,0.026956721,0.946086558,1.0,0.973043279,0.9277338271067884,0.8996884017114126,1,Network Leaders,Network Leaders
302,2021,QNTO,Quaint Oak Bancorp Inc,554.115,15.538,36.909,447.166,63.405,0.929,409.228,6.211,6.404,20.62,11.982,0.009,2021,Optimal,0.11487249,0.0,0.057436245,0.88512751,1.0,0.942563755,0.9277338271067884,0.8996884017114126,2,Transformation Specialists,Transformation Specialists
303,2021,RBB,RBB Bancorp,4228.194,33.568,466.683,3385.532,360.791,19.847,2931.35,389.512,56.906,124.343,18.745,21.018,2021,Optimal,0.11810952,0.18187006,0.14998979,0.88189048,0.6922334084679325,0.85001021,0.9277338271067884,0.8996884017114126,3,Network Laggards,Network Laggards
304,2021,RBCAA,Republic Bancorp Inc,6093.632,110.088,834.232,4840.418,355.639,26.094,4496.562,552.356,86.789,220.594,86.859,22.344,2021,Optimal,0.1231768,0.051160798,0.087168799,0.8768232,0.9026584741414606,0.912831201,0.9277338271067884,0.8996884017114126,2,Transformation Specialists,Transformation Specialists
305,2021,RBKB,Rhinebeck Bancorp Inc,1281.166,20.11,125.969,1101.999,31.035,6.474,862.526,281.605,11.558,39.413,7.423,6.689,2021,Optimal,0.066210411,0.058035102,0.0621227565,0.933789589,0.8902964525651437,0.9378772435,0.9277338271067884,0.8996884017114126,4,Funding-Rich Underperformers,Funding-Rich Underperformers
306,2021,RF,Regions Financial Corp,162938.0,2205.0,18326.0,139072.0,2936.0,776.0,87784.0,30352.0,2521.0,3914.0,2524.0,474.0,2021,Optimal,0.021899498,0.0,0.010949749,0.978100502,1.0,0.989050251,0.9277338271067884,0.8996884017114126,1,Network Leaders,Network Leaders
307,2021,RMBI,Richmond Mutual Bancorporation Inc,1267.64,18.143,180.482,900.175,180.0,4.832,844.954,376.571,11.145,38.244,5.416,8.058,2021,Optimal,0.23011967,0.0,0.115059835,0.76988033,1.0,0.884940165,0.9277338271067884,0.8996884017114126,2,Transformation Specialists,Transformation Specialists
308,2021,RNST,Renasant Corp,16810.311,280.627,2209.853,13905.724,552.223,61.442,10020.914,2802.409,175.892,424.001,226.984,53.345,2021,Optimal,0.077908259,0.11615701,0.0970326344999999,0.922091741,0.7918625982557776,0.9029673655,0.9277338271067884,0.8996884017114126,3,Network Laggards,Network Laggards
309,2021,RRBI,Red River Bancshares Inc,3224.71,32.449,298.15,2910.348,3.842,4.206,1683.832,670.474,32.952,71.722,24.493,0.979,2021,Optimal,0.0084707149,0.0,0.00423535745,0.9915292851,1.0,0.99576464255,0.9277338271067884,0.8996884017114126,1,Network Leaders,Network Leaders
310,2021,RVSB,Riverview Bancorp Inc,1740.096,23.635,157.249,1533.878,37.422,0.571,990.408,420.901,21.82,47.625,12.744,22.099,2021,Optimal,0.039199575,0.0,0.0195997875,0.960800425,1.0,0.9804002125,0.9277338271067884,0.8996884017114126,1,Network Leaders,Network Leaders
311,2021,SBCF,Seacoast Banking Corp of Florida,9681.433,115.156,1310.736,8067.589,231.541,48.86,5925.029,2317.359,124.403,276.025,70.727,44.216,2021,Optimal,0.075747515,0.050657041,0.063202278,0.924252485,0.9035707390267228,0.936797722,0.9277338271067884,0.8996884017114126,2,Transformation Specialists,Transformation Specialists
312,2021,SBFG,SB Financial Group Inc,1330.854,26.838,144.929,1113.045,50.676,7.259,822.714,268.562,18.277,37.884,30.697,6.481,2021,Optimal,0.091935588,0.13892365,0.115429619,0.908064412,0.7560439630874292,0.884570381,0.9277338271067884,0.8996884017114126,3,Network Laggards,Network Laggards
313,2021,SBKO,Summit Bank Group Inc,902.51,13.591,74.208,794.669,21.386,1.773,628.183,69.479,10.871,33.806,1.949,0.389,2021,Optimal,0.044466903,0.12024447,0.0823556865,0.955533097,0.7853245908011489,0.9176443135,0.9277338271067884,0.8996884017114126,4,Funding-Rich Underperformers,Funding-Rich Underperformers
314,2021,SBNC,Southern Bancshares NC Inc,4590.98,54.329,466.939,3919.183,156.775,4.899,2439.549,1803.567,93.546,117.919,84.849,3.516,2021,Optimal,0.059262232,0.0,0.029631116,0.940737768,1.0,0.970368884,0.9277338271067884,0.8996884017114126,1,Network Leaders,Network Leaders
315,2021,SBSI,Southside Bancshares Inc,7259.602,79.892,912.172,5722.327,542.727,17.48,3645.162,2881.321,113.401,189.557,49.336,11.609,2021,Optimal,0.12895374,0.0078725516,0.0684131458,0.87104626,0.9843778827243538,0.9315868542,0.9277338271067884,0.8996884017114126,2,Transformation Specialists,Transformation Specialists
316,2021,SFBC,Sound Financial Bancorp Inc,919.691,14.257,93.358,798.32,17.876,3.478,686.398,9.465,9.156,29.92,7.329,6.211,2021,Optimal,0.058068781,0.087928555,0.072998668,0.941931219,0.8383560122658974,0.927001332,0.9277338271067884,0.8996884017114126,4,Funding-Rich Underperformers,Funding-Rich Underperformers
317,2021,SFBS,ServisFirst Bancshares Inc,15448.806,67.728,1152.015,12452.836,1795.032,25.451,9532.934,1312.838,207.734,384.503,33.452,13.305,2021,Optimal,0.0,0.12626367,0.063131835,1.0,0.7757831076980403,0.936868165,0.9277338271067884,0.8996884017114126,4,Funding-Rich Underperformers,Funding-Rich Underperformers
318,2021,SFDL,Security Federal Corp,1301.214,19.16,115.523,1115.963,64.233,3.624,506.545,706.942,12.774,33.293,12.633,2.813,2021,Optimal,0.068782012,0.013291684,0.041036848,0.931217988,0.973765334878639,0.958963152,0.9277338271067884,0.8996884017114126,1,Network Leaders,Network Leaders
319,2021,SFIGA,Star Financial Group Inc,3107.138,40.75,248.215,2754.738,76.523,8.378,1500.906,1050.525,33.245,75.112,42.307,2.679,2021,Optimal,0.026627077,0.13733496,0.0819810185,0.973372923,0.7584968987500393,0.9180189815,0.9277338271067884,0.8996884017114126,4,Funding-Rich Underperformers,Funding-Rich Underperformers
320,2021,SFNC,Simmons First National Corp,24724.759,246.335,3248.841,19366.548,1956.828,143.866,12012.503,8642.766,271.156,591.532,191.815,76.252,2021,Optimal,0.1251795,0.0,0.06258975,0.8748205,1.0,0.93741025,0.9277338271067884,0.8996884017114126,2,Transformation Specialists,Transformation Specialists
321,2021,SFST,Southern First Bankshares Inc,2925.548,28.854,277.901,2563.826,64.119,9.238,2489.877,124.302,46.711,87.732,17.101,4.864,2021,Optimal,0.038642959,0.0,0.0193214795,0.961357041,1.0,0.9806785205,0.9277338271067884,0.8996884017114126,1,Network Leaders,Network Leaders
322,2021,SHBI,Shore Bancshares Inc,3460.136,28.484,350.693,3026.236,68.607,6.259,2119.175,527.107,15.368,64.13,13.498,3.826,2021,Optimal,0.037569878,0.19608171,0.116825794,0.962430122,0.6721265639953645,0.883174206,0.9277338271067884,0.8996884017114126,4,Funding-Rich Underperformers,Funding-Rich Underperformers
323,2021,SLBK,Skyline Bankshares Inc,995.848,14.68,85.194,898.226,8.753,8.763,683.532,131.686,9.482,32.327,6.568,4.59,2021,Optimal,0.022732133,0.11337712,0.0680546264999999,0.977267867,0.7963365368959621,0.9319453735,0.9277338271067884,0.8996884017114126,4,Funding-Rich Underperformers,Funding-Rich Underperformers
324,2021,SMBC,Southern Missouri Bancorp Inc,2700.53,31.01,283.423,2330.803,75.542,11.227,2233.466,217.924,47.18,92.686,20.042,8.118,2021,Optimal,0.05458602,0.017969079,0.0362775495,0.94541398,0.964696218439853,0.9637224505,0.9277338271067884,0.8996884017114126,1,Network Leaders,Network Leaders
325,2021,SMBK,SmartFinancial Inc,4611.579,51.656,429.43,4021.938,139.396,10.401,2693.397,575.916,34.79,113.394,23.949,5.058,2021,Optimal,0.038693645,0.29441284,0.1665532425,0.961306355,0.5451021020465154,0.8334467575,0.9277338271067884,0.8996884017114126,4,Funding-Rich Underperformers,Funding-Rich Underperformers
326,2021,SNV,Synovus Financial Corp.,57317.226,649.426,5296.8,49427.276,1468.362,192.063,39311.958,11078.27,760.467,1532.947,450.066,158.179,2021,Optimal,0.033989338,0.0,0.016994669,0.966010662,1.0,0.983005331,0.9277338271067884,0.8996884017114126,1,Network Leaders,Network Leaders
327,2021,SOMC,Southern Michigan Bancorp Inc,1161.154,16.492,97.749,974.352,77.921,4.959,739.877,245.846,11.757,33.319,9.009,1.521,2021,Optimal,0.090732413,0.15191311,0.1213227614999999,0.909267587,0.7362420677719347,0.8786772385,0.9277338271067884,0.8996884017114126,3,Network Laggards,Network Laggards
328,2021,SOME,Somerset Trust Holding Co,1867.426,33.587,139.993,1586.85,124.719,10.954,1132.304,518.832,13.946,62.117,17.388,15.465,2021,Optimal,0.073476242,0.094860631,0.0841684365,0.926523758,0.8267165184058939,0.9158315635,0.9277338271067884,0.8996884017114126,3,Network Laggards,Network Laggards
329,2021,SPFI,South Plains Financial Inc,3901.855,93.36,407.427,3341.222,122.168,16.317,2437.577,724.504,58.614,121.764,97.469,11.63,2021,Optimal,0.057783128,0.13664319,0.097213159,0.942216872,0.7595671338161978,0.902786841,0.9277338271067884,0.8996884017114126,4,Funding-Rich Underperformers,Funding-Rich Underperformers
330,2021,SRCE,1st Source Corp,8096.289,105.808,969.464,6679.065,351.406,64.533,5346.214,1890.23,118.534,236.638,100.092,41.334,2021,Optimal,0.087279644,0.027869968,0.057574806,0.912720356,0.9457714129847988,0.942425194,0.9277338271067884,0.8996884017114126,2,Transformation Specialists,Transformation Specialists
331,2021,SSB,SouthState Bank Corp,41960.032,552.03,4802.94,35054.829,1224.219,119.095,23928.166,7170.384,475.543,1033.218,354.209,83.746,2021,Optimal,0.064876393,0.10471394,0.0847951665,0.935123607,0.8104234296165396,0.9152048335,0.9277338271067884,0.8996884017114126,4,Funding-Rich Underperformers,Funding-Rich Underperformers
332,2021,SSBI,Summit State Bank,958.08,12.72,84.282,811.6,55.623,0.264,833.316,73.687,14.698,37.606,4.901,0.487,2021,Optimal,0.07755122,0.0,0.03877561,0.92244878,1.0,0.96122439,0.9277338271067884,0.8996884017114126,2,Transformation Specialists,Transformation Specialists
333,2021,STBA,S&T Bancorp Inc,9488.529,100.214,1206.454,7996.524,211.38,148.929,6999.99,920.312,110.343,276.112,64.61,79.604,2021,Optimal,0.065363332,0.0,0.032681666,0.934636668,1.0,0.967318334,0.9277338271067884,0.8996884017114126,1,Network Leaders,Network Leaders
334,2021,STD2,Santander Holdings USA Inc,159821.231,1975.292,24467.35,81598.172,46985.199,1976.334,92075.812,19076.755,2982.362,6189.521,4452.187,2149.341,2021,Optimal,0.42539377,0.0,0.212696885,0.57460623,1.0,0.787303115,0.9277338271067884,0.8996884017114126,2,Transformation Specialists,Transformation Specialists
335,2021,STEL,Stellar Bancorp Inc,7104.954,90.177,816.468,6047.639,209.173,38.089,4220.486,1783.123,81.553,228.564,8.562,24.127,2021,Optimal,0.059093703,0.081130564,0.0701121335,0.940906297,0.8499153262306625,0.9298878665,0.9277338271067884,0.8996884017114126,4,Funding-Rich Underperformers,Funding-Rich Underperformers
336,2021,SYBT,Stock Yards Bancorp Inc,6646.025,76.513,675.869,5787.514,102.248,13.46,4169.303,1189.674,74.645,171.074,65.85,14.62,2021,Optimal,0.037632712,0.10439477,0.0710137409999999,0.962367288,0.8109466418425723,0.928986259,0.9277338271067884,0.8996884017114126,4,Funding-Rich Underperformers,Funding-Rich Underperformers
337,2021,TBBK,Bancorp Inc (The),6843.239,105.998,652.454,5976.911,151.646,12.724,3747.224,955.372,110.653,210.876,104.749,5.152,2021,Optimal,0.03459923,0.0,0.017299615,0.96540077,1.0,0.982700385,0.9277338271067884,0.8996884017114126,1,Network Leaders,Network Leaders
338,2021,TCBI,Texas Capital Bancshares Inc,34731.738,350.93,3209.616,28109.365,3201.013,121.989,22806.954,3583.808,253.939,768.837,138.23,72.502,2021,Optimal,0.094706382,0.12975077,0.112228576,0.905293618,0.7703019578380106,0.887771424,0.9277338271067884,0.8996884017114126,3,Network Laggards,Network Laggards
339,2021,TCBK,TriCo Bancshares,8614.787,106.351,1000.184,7367.159,134.446,29.708,4916.624,2427.885,117.655,271.539,63.664,32.944,2021,Optimal,0.052565623,0.043724351,0.048144987,0.947434377,0.9162147535254735,0.951855013,0.9277338271067884,0.8996884017114126,1,Network Leaders,Network Leaders
340,2021,TCBS,Texas Community Bancshares Inc,364.826,5.146,60.132,274.933,28.043,1.082,221.754,92.519,0.518,8.418,1.717,1.799,2021,Optimal,0.15765953,0.065237036,0.111448283,0.84234047,0.877516395327434,0.888551717,0.9277338271067884,0.8996884017114126,3,Network Laggards,Network Laggards
341,2021,TCBX,Third Coast Bancshares Inc,2499.412,48.642,299.007,2141.199,51.0,15.771,2068.724,33.959,11.424,90.553,4.878,17.279,2021,Optimal,0.062844561,0.0,0.0314222805,0.937155439,1.0,0.9685777195,0.9277338271067884,0.8996884017114126,1,Network Leaders,Network Leaders
342,2021,TECTP,Tectonic Financial Inc,585.011,24.947,84.787,444.169,47.954,1.793,428.747,39.361,17.034,25.757,36.624,3.667,2021,Optimal,0.16710133,0.0098251368,0.0884632334,0.8328986700000001,0.9805409145762908,0.9115367666,0.9277338271067884,0.8996884017114126,2,Transformation Specialists,Transformation Specialists
343,2021,TFC,Truist Financial Corp,541241.0,8632.0,69271.0,416488.0,42805.0,1387.0,289513.0,155683.0,6440.0,13006.0,9290.0,1163.0,2021,Optimal,0.06514461,0.0,0.032572305,0.93485539,1.0,0.967427695,0.9277338271067884,0.8996884017114126,1,Network Leaders,Network Leaders
344,2021,TFIN,Triumph Financial Inc,5956.25,173.951,858.864,4646.679,392.634,68.478,4867.572,203.023,112.974,369.13,54.501,54.788,2021,Optimal,0.13911273,0.0,0.069556365,0.86088727,1.0,0.930443635,0.9277338271067884,0.8996884017114126,2,Transformation Specialists,Transformation Specialists
345,2021,TFSL,TFS Financial Corp,14057.45,108.867,1732.28,8993.605,3110.276,53.554,12573.324,584.566,81.007,231.63,55.299,44.334,2021,Optimal,0.28952811,0.0,0.144764055,0.71047189,1.0,0.855235945,0.9277338271067884,0.8996884017114126,2,Transformation Specialists,Transformation Specialists
346,2021,THFF,First Financial Corp,5175.099,64.474,582.576,4409.569,115.529,26.045,2815.895,1380.934,52.987,143.401,42.084,18.371,2021,Optimal,0.060101746,0.12791019,0.094005968,0.939898254,0.7731908247056444,0.905994032,0.9277338271067884,0.8996884017114126,4,Funding-Rich Underperformers,Funding-Rich Underperformers
347,2021,TMP,Tompkins Financial Corp,7819.982,120.21,728.941,6791.435,190.787,45.867,5075.467,2340.42,89.264,223.792,78.849,31.292,2021,Optimal,0.038902041,0.0,0.0194510205,0.961097959,1.0,0.9805489795,0.9277338271067884,0.8996884017114126,1,Network Leaders,Network Leaders
348,2021,TOWN,TowneBank,16361.387,245.844,1916.174,13573.626,538.37,16.214,9506.252,1980.215,215.383,402.369,277.961,10.556,2021,Optimal,0.075389429,0.0,0.0376947145,0.924610571,1.0,0.9623052855,0.9277338271067884,0.8996884017114126,2,Transformation Specialists,Transformation Specialists
349,2021,TRCY,Tri City Bankshares Corp,2054.499,28.999,191.632,1844.379,14.568,4.945,1014.653,822.702,15.359,51.934,18.108,3.132,2021,Optimal,0.019814568,0.037991679,0.0289031235,0.980185432,0.9267977195412564,0.9710968765,0.9277338271067884,0.8996884017114126,1,Network Leaders,Network Leaders
350,2021,TRMK,Trustmark Corp,17595.636,278.547,1741.311,15087.16,550.968,74.779,10281.165,3581.414,147.365,418.351,221.91,67.255,2021,Optimal,0.043702662,0.13303232,0.088367491,0.956297338,0.7651747127566493,0.911632509,0.9277338271067884,0.8996884017114126,4,Funding-Rich Underperformers,Funding-Rich Underperformers
351,2021,TRST,TrustCo Bank Corp NY,6196.546,48.721,601.128,5268.129,297.406,21.625,4438.779,423.24,61.519,160.408,17.937,19.118,2021,Optimal,0.061005782,0.15642672,0.108716251,0.938994218,0.7294654001076696,0.891283749,0.9277338271067884,0.8996884017114126,4,Funding-Rich Underperformers,Funding-Rich Underperformers
352,2021,TSBK,Timberland Bancorp Inc,1792.18,18.75,206.899,1570.555,7.359,4.164,981.923,138.336,27.583,51.858,17.161,3.17,2021,Optimal,0.042592824,0.23007121,0.136332017,0.957407176,0.6259221285245754,0.863667983,0.9277338271067884,0.8996884017114126,4,Funding-Rich Underperformers,Funding-Rich Underperformers
353,2021,UBAB,United Bancorporation of Alabama Inc,1120.943,15.35,109.71,982.731,23.508,3.476,657.155,292.959,18.533,32.927,22.683,11.632,2021,Optimal,0.04891228,0.015499687,0.0322059835,0.95108772,0.9694737729643436,0.9677940165,0.9277338271067884,0.8996884017114126,1,Network Leaders,Network Leaders
354,2021,UBCP,United Bancorp Inc,724.456,9.698,71.701,605.136,39.366,1.347,454.372,150.017,9.451,22.112,5.706,4.624,2021,Optimal,0.086118443,0.13072963,0.1084240365,0.913881557,0.7687694272237298,0.8915759635,0.9277338271067884,0.8996884017114126,3,Network Laggards,Network Laggards
355,2021,UBFO,United Security Bancshares,1330.944,11.713,120.207,1188.106,13.894,17.548,871.533,182.646,10.098,35.651,3.385,16.649,2021,Optimal,0.018478273,0.04937984,0.0339290565,0.981521727,0.9058875764184684,0.9660709435,0.9277338271067884,0.8996884017114126,1,Network Leaders,Network Leaders
356,2021,UBOH,United Bancshares Inc/OH,1076.556,20.702,119.095,930.413,21.646,2.44,609.559,312.771,13.581,35.735,17.346,1.24,2021,Optimal,0.063998112,0.091552413,0.0777752625,0.936001888,0.8322528320039543,0.9222247375,0.9277338271067884,0.8996884017114126,4,Funding-Rich Underperformers,Funding-Rich Underperformers
357,2021,UBSI,United Bankshares Inc,29328.902,333.841,4718.628,23350.263,1032.941,154.802,18023.648,4295.749,367.738,742.734,278.092,105.586,2021,Optimal,0.11006089,0.072202258,0.0911315739999999,0.88993911,0.8653197053796916,0.908868426,0.9277338271067884,0.8996884017114126,3,Network Laggards,Network Laggards
358,2021,UCB,United Community Banks Inc,20946.771,241.443,2222.245,18241.179,278.432,62.246,11760.346,5652.922,269.801,549.034,157.818,32.855,2021,Optimal,0.027695337,0.040781413,0.034238375,0.972304663,0.9216330874271677,0.965761625,0.9277338271067884,0.8996884017114126,1,Network Leaders,Network Leaders
359,2021,UMBF,UMB Financial Corp,42693.484,504.442,3145.424,35599.927,3574.596,92.563,17168.704,13782.088,353.018,815.521,467.175,92.3,2021,Optimal,0.066523858,0.18503925,0.125781554,0.933476142,0.6877078122095956,0.874218446,0.9277338271067884,0.8996884017114126,4,Funding-Rich Underperformers,Funding-Rich Underperformers
360,2021,UNB,Union Bankshares Inc,1205.373,19.041,84.341,1095.082,17.861,2.971,787.755,268.951,13.17,35.708,12.963,4.748,2021,Optimal,0.013812462,0.083443131,0.0486277965,0.986187538,0.8459667542993541,0.9513722035,0.9277338271067884,0.8996884017114126,4,Funding-Rich Underperformers,Funding-Rich Underperformers
361,2021,UNTY,Unity Bancorp Inc,2033.713,24.771,205.729,1758.881,55.641,12.06,1622.075,82.872,36.119,77.039,12.054,9.686,2021,Optimal,0.056088672,0.063445411,0.0597670414999999,0.943911328,0.8806795151989235,0.9402329585,0.9277338271067884,0.8996884017114126,4,Funding-Rich Underperformers,Funding-Rich Underperformers
362,2021,USB,U.S. Bancorp,573284.0,8728.0,55387.0,456083.0,45091.0,1298.0,299661.0,174821.0,7963.0,12494.0,10227.0,878.0,2021,Optimal,0.028875772,0.0,0.014437886,0.971124228,1.0,0.985562114,0.9277338271067884,0.8996884017114126,1,Network Leaders,Network Leaders
363,2021,UVSP,Univest Financial Corp,7122.421,104.191,773.794,6055.124,247.433,40.492,5310.017,525.175,91.801,188.383,83.224,34.038,2021,Optimal,0.060232894,0.10316835,0.081700622,0.939767106,0.8129599167706361,0.918299378,0.9277338271067884,0.8996884017114126,4,Funding-Rich Underperformers,Funding-Rich Underperformers
364,2021,UWHR,Uwharrie Capital Corp,939.68,21.637,60.787,836.752,32.838,3.758,420.779,362.451,9.518,26.115,18.932,0.972,2021,Optimal,0.034333405,0.10868982,0.0715116125,0.965666595,0.8039310580122401,0.9284883875,0.9277338271067884,0.8996884017114126,4,Funding-Rich Underperformers,Funding-Rich Underperformers
365,2021,VABK,Virginia National Bankshares Corp,1972.184,16.129,161.987,1796.17,10.475,0.145,1061.211,308.767,10.071,44.988,10.465,1.906,2021,Optimal,0.0,0.020480971,0.0102404855,1.0,0.959860160880942,0.9897595145,0.9277338271067884,0.8996884017114126,1,Network Leaders,Network Leaders
366,2021,VBTX,Veritex Holdings Inc,9757.249,94.748,1315.079,7363.615,1027.418,87.637,7385.023,1139.779,139.584,280.783,58.405,50.128,2021,Optimal,0.16390699,0.011314383,0.0876106865,0.83609301,0.9776244001070435,0.9123893135,0.9277338271067884,0.8996884017114126,2,Transformation Specialists,Transformation Specialists
367,2021,VLY,Valley National Bancorp,43446.443,375.865,5084.066,35632.412,2418.921,194.557,34153.657,3832.814,473.84,1209.901,155.013,245.406,2021,Optimal,0.081948329,0.0,0.0409741645,0.918051671,1.0,0.9590258355,0.9277338271067884,0.8996884017114126,2,Transformation Specialists,Transformation Specialists
368,2021,WABC,Westamerica Bancorporation,7461.026,48.011,827.102,6413.956,164.226,4.779,1068.126,4959.478,86.509,171.488,43.345,1.031,2021,Optimal,0.048626067,0.0,0.0243130335,0.951373933,1.0,0.9756869665,0.9277338271067884,0.8996884017114126,1,Network Leaders,Network Leaders
369,2021,WAFD,WaFd Inc,19650.574,176.106,2126.064,15542.112,1749.569,37.695,14004.87,2607.147,183.615,505.109,60.988,43.625,2021,Optimal,0.11772117,0.059371183,0.0885461765,0.88227883,0.8879124069962548,0.9114538235,0.9277338271067884,0.8996884017114126,3,Network Laggards,Network Laggards
370,2021,WAL,Western Alliance Bancorporation,55982.6,466.7,4962.6,47612.0,2540.5,149.8,39075.4,7540.9,899.2,1548.8,404.2,87.3,2021,Optimal,0.047353354,0.0,0.023676677,0.952646646,1.0,0.976323323,0.9277338271067884,0.8996884017114126,1,Network Leaders,Network Leaders
371,2021,WASH,Washington Trust Bancorp Inc,5851.127,87.295,564.808,4980.051,196.691,13.197,4272.925,1055.89,76.87,141.435,87.394,14.203,2021,Optimal,0.060306359,0.031324093,0.045815226,0.939693641,0.9392546082989646,0.954184774,0.9277338271067884,0.8996884017114126,1,Network Leaders,Network Leaders
372,2021,WBS,Webster Financial Corp,34915.599,419.989,3438.325,29847.029,1393.628,170.314,22271.729,10504.815,408.864,901.089,323.372,112.59,2021,Optimal,0.04361582,0.0,0.02180791,0.95638418,1.0,0.97819209,0.9277338271067884,0.8996884017114126,1,Network Leaders,Network Leaders
373,2021,WCCB,West Coast Community Bancorp,1701.249,17.562,186.09,1496.336,5.052,0.031,1132.298,284.831,21.274,61.535,4.776,0.375,2021,Optimal,0.039160977,0.0,0.0195804885,0.960839023,1.0,0.9804195115,0.9277338271067884,0.8996884017114126,1,Network Leaders,Network Leaders
374,2021,WCFB,WCF Bancorp Inc,137.668,2.024,26.746,98.145,12.0,0.397,89.365,30.474,0.718,4.136,0.671,0.358,2021,Optimal,0.060448418,0.0,0.030224209,0.939551582,1.0,0.969775791,0.9277338271067884,0.8996884017114126,1,Network Leaders,Network Leaders
375,2021,WFC,Wells Fargo & Co,1948068.0,35541.0,190110.0,1482479.0,199574.0,8887.0,880535.0,486480.0,21548.0,35779.0,42713.0,7324.0,2021,Optimal,0.0,0.0,0.0,1.0,1.0,1.0,0.9277338271067884,0.8996884017114126,1,Network Leaders,Network Leaders
376,2021,WNEB,Western New England Bancorp Inc,2538.425,32.186,223.688,2256.898,31.25,7.841,1864.716,431.114,23.699,73.177,12.564,4.964,2021,Optimal,0.026577814,0.034304156,0.030440985,0.973422186,0.9336671794249274,0.969559015,0.9277338271067884,0.8996884017114126,1,Network Leaders,Network Leaders
377,2021,WSBC,WesBanco Inc,16927.125,195.275,2693.166,13565.863,458.673,41.356,9733.478,4031.483,242.26,457.933,132.785,39.488,2021,Optimal,0.10680648,0.052979087,0.0798927835,0.89319352,0.8993729549730365,0.9201072165,0.9277338271067884,0.8996884017114126,3,Network Laggards,Network Laggards
378,2021,WSBF,Waterstone Financial Inc,2215.858,135.115,432.773,1233.386,483.392,5.882,1205.785,203.454,70.791,55.515,203.195,5.722,2021,Optimal,0.39481624,0.0,0.19740812,0.6051837600000001,1.0,0.80259188,0.9277338271067884,0.8996884017114126,2,Transformation Specialists,Transformation Specialists
379,2021,WSFS,WSFS Financial Corp,15777.327,214.167,1937.016,13240.062,399.003,60.508,7885.989,5312.544,271.442,433.649,185.48,33.133,2021,Optimal,0.064890496,0.0,0.032445248,0.935109504,1.0,0.967554752,0.9277338271067884,0.8996884017114126,1,Network Leaders,Network Leaders
380,2021,WTBA,West Bancorporation Inc,3500.201,23.226,260.328,3016.005,205.804,16.194,2456.196,768.787,49.607,95.059,9.729,8.948,2021,Optimal,0.04378919,0.078201219,0.0609952045,0.95621081,0.8549413270511244,0.9390047955,0.9277338271067884,0.8996884017114126,4,Funding-Rich Underperformers,Funding-Rich Underperformers
381,2021,WTBFA,W T B Financial Corp,11089.567,141.916,832.945,9890.27,276.762,13.515,5531.792,3335.815,100.03,299.056,67.849,52.292,2021,Optimal,0.0080104367,0.0,0.00400521835,0.9919895633,1.0,0.99599478165,0.9277338271067884,0.8996884017114126,1,Network Leaders,Network Leaders
382,2021,WTFC,Wintrust Financial Corp.,50142.143,691.669,4498.688,42095.585,2603.75,144.071,34789.104,5495.967,466.151,1124.957,586.12,78.709,2021,Optimal,0.059869354,0.0,0.029934677,0.940130646,1.0,0.970065323,0.9277338271067884,0.8996884017114126,1,Network Leaders,Network Leaders
383,2021,ZION,Zions Bancorporation National Association,93200.0,1127.0,7463.0,82789.0,2137.0,371.0,50524.0,24600.0,1129.0,2208.0,703.0,272.0,2021,Optimal,0.0,0.0,0.0,1.0,1.0,1.0,0.9277338271067884,0.8996884017114126,1,Network Leaders,Network Leaders
