DMU,Year,Ticker,Bank Name,Assets,Employee Expense,Equity,Deposits,Borrowings,NPAs (Previous Period),Performing Loans,Investment,Net Income,Net-interest Income,Non-interest Income,NPAs,LP_Group,LP_Status,beta1,beta2,overall_beta,Stage1_Efficiency,Stage2_Efficiency,Overall_Efficiency,Stage1_Mean,Stage2_Mean,Class,Class_Name,Quadrant_Name
1,2024,ABBB,Auburn Bancorp Inc,102.466,1.642,6.216,75.015,21.025,0.266,82.145,14.717,0.001,2.5,0.438,0.106,2024,Optimal,0.0,0.0,0.0,1.0,1.0,1.0,0.9087669253373367,0.9363900117657884,1,Network Leaders,Network Leaders
2,2024,ABCB,Ameris Bancorp,26262.05,347.641,3751.522,21722.448,477.5,174.321,20739.906,1902.235,358.685,849.19,293.257,122.393,2024,Optimal,0.077988987,0.0,0.0389944935,0.922011013,1.0,0.9610055065,0.9087669253373367,0.9363900117657884,1,Network Leaders,Network Leaders
3,2024,ACNB,ACNB Corp,2394.83,42.929,303.273,1792.501,273.923,4.64,1682.91,470.325,31.846,83.611,24.73,7.25,2024,Optimal,0.1960978,0.022704177,0.1094009884999999,0.8039022,0.9555997178644552,0.8905990115,0.9087669253373367,0.9363900117657884,2,Transformation Specialists,Transformation Specialists
4,2024,AFBI,Affinity Bancshares Inc,866.817,13.126,129.115,673.481,60.398,10.276,714.115,69.976,5.441,29.166,2.015,4.8,2024,Optimal,0.16856536,0.0,0.08428268,0.83143464,1.0,0.91571732,0.9087669253373367,0.9363900117657884,2,Transformation Specialists,Transformation Specialists
5,2024,ALPIB,Alpine Banks of Colorado,6524.992,93.718,506.859,5821.606,147.356,25.379,4056.46,1858.748,49.681,185.244,50.969,4.845,2024,Optimal,0.022069055,0.0,0.0110345275,0.977930945,1.0,0.9889654725,0.9087669253373367,0.9363900117657884,1,Network Leaders,Network Leaders
6,2024,ALRS,Alerus Financial Corp,5261.673,110.278,495.41,4378.41,317.02,8.767,3992.534,884.813,17.78,107.045,114.93,62.886,2024,Optimal,0.090867761,0.0,0.0454338805,0.909132239,1.0,0.9545661195,0.9087669253373367,0.9363900117657884,1,Network Leaders,Network Leaders
7,2024,AMAL,Amalgamated Financial Corp,8256.892,93.766,707.654,7180.605,334.143,34.203,4672.924,3239.438,106.434,282.43,33.215,25.87,2024,Optimal,0.029891659,0.0,0.0149458295,0.970108341,1.0,0.9850541705,0.9087669253373367,0.9363900117657884,1,Network Leaders,Network Leaders
8,2024,AMBK,American Bank Inc,986.667,7.41,96.037,793.38,80.358,3.164,805.929,66.449,9.016,23.34,2.398,3.448,2024,Optimal,0.050466143,0.098506798,0.0744864705,0.949533857,0.8206532755566979,0.9255135295,0.9087669253373367,0.9363900117657884,4,Funding-Rich Underperformers,Funding-Rich Underperformers
9,2024,AMFC,AMB Financial Corp.,372.765,4.861,30.724,336.053,3.093,2.155,285.359,17.861,2.458,10.218,1.871,2.336,2024,Optimal,0.0,0.0,0.0,1.0,1.0,1.0,0.9087669253373367,0.9363900117657884,1,Network Leaders,Network Leaders
10,2024,AMTB,Amerant Bancorp Inc,9901.734,137.082,890.467,7854.595,1004.716,54.581,7228.411,1497.925,-15.752,325.957,9.909,122.175,2024,Optimal,0.127498,0.072548448,0.100023224,0.872502,0.8647176299862586,0.899976776,0.9087669253373367,0.9363900117657884,3,Network Laggards,Network Laggards
11,2024,ARBV,American Riviera Bancorp,1279.312,19.997,111.383,1113.338,47.403,0.595,989.941,226.261,8.742,41.221,4.123,6.098,2024,Optimal,0.077324764,0.0,0.038662382,0.922675236,1.0,0.961337618,0.9087669253373367,0.9363900117657884,1,Network Leaders,Network Leaders
12,2024,AROW,Arrow Financial Corp,4306.348,52.707,400.901,3827.93,38.447,21.463,3394.541,570.78,29.709,111.732,28.074,21.497,2024,Optimal,0.021976985,0.03421951,0.0280982475,0.978023015,0.9338254409839938,0.9719017525,0.9087669253373367,0.9363900117657884,4,Funding-Rich Underperformers,Funding-Rich Underperformers
13,2024,ASB,Associated Banc-Corp,43023.068,487.956,4605.562,34648.434,3197.407,160.421,29768.586,8523.029,123.145,1047.248,-9.407,144.164,2024,Optimal,0.094795713,0.0,0.0473978565,0.905204287,1.0,0.9526021435,0.9087669253373367,0.9363900117657884,2,Transformation Specialists,Transformation Specialists
14,2024,ASRV,AmeriServ Financial Inc,1422.362,28.387,107.248,1200.995,101.687,12.393,1067.949,226.341,3.601,36.048,17.975,12.657,2024,Optimal,0.10614527,0.10430139,0.10522333,0.89385473,0.8110997759406967,0.8947766699999999,0.9087669253373367,0.9363900117657884,3,Network Laggards,Network Laggards
15,2024,ATLO,Ames National Corp,2133.18,25.145,174.706,1846.682,99.364,13.919,1320.975,652.396,10.218,44.976,9.837,15.508,2024,Optimal,0.056905795,0.075058841,0.065982318,0.943094205,0.8603632877802639,0.934017682,0.9087669253373367,0.9363900117657884,4,Funding-Rich Underperformers,Funding-Rich Underperformers
16,2024,AUB,Atlantic Union Bankshares Corp,24585.323,271.164,3142.879,20397.619,619.989,36.889,18470.621,3348.971,209.131,698.539,118.878,58.373,2024,Optimal,0.066744634,0.0,0.033372317,0.933255366,1.0,0.966627683,0.9087669253373367,0.9363900117657884,1,Network Leaders,Network Leaders
17,2024,AUBN,Auburn National Bancorporation Inc,977.324,12.534,78.292,895.824,0.231,0.911,564.017,243.012,6.397,27.125,3.474,0.503,2024,Optimal,0.012070999,0.0,0.0060354995,0.987929001,1.0,0.9939645005,0.9087669253373367,0.9363900117657884,1,Network Leaders,Network Leaders
18,2024,AVBH,Avidbank Holdings Inc,2304.488,32.499,186.362,1891.355,214.686,1.378,1864.942,304.965,21.015,75.222,6.01,1.347,2024,Optimal,0.11230929,0.0074884844,0.0598988872,0.88769071,0.9851343523703704,0.9401011128,0.9087669253373367,0.9363900117657884,2,Transformation Specialists,Transformation Specialists
19,2024,AX,Axos Financial Inc.,22855.334,250.873,2290.596,19359.217,481.602,95.259,19491.927,163.568,450.008,961.429,222.66,115.809,2024,Optimal,0.046918941,0.0,0.0234594705,0.953081059,1.0,0.9765405295,0.9087669253373367,0.9363900117657884,1,Network Leaders,Network Leaders
20,2024,BAC,Bank of America Corp,3261519.0,40182.0,295559.0,1965467.0,667563.0,5630.0,1080127.0,917284.0,27132.0,56060.0,45827.0,6120.0,2024,Optimal,0.0,0.0,0.0,1.0,1.0,1.0,0.9087669253373367,0.9363900117657884,1,Network Leaders,Network Leaders
21,2024,BANC,Banc of California Inc,33542.864,341.396,3499.949,27191.909,2458.092,81.671,23781.663,4700.761,126.888,926.05,77.145,199.339,2024,Optimal,0.078940517,0.0075386174,0.0432395672,0.921059483,0.9850355762651484,0.9567604328,0.9087669253373367,0.9363900117657884,1,Network Leaders,Network Leaders
22,2024,BANF,BancFirst Corp,13554.314,211.998,1621.187,11718.546,94.182,68.315,8025.11,1224.768,216.354,446.874,184.575,99.388,2024,Optimal,0.048493891,0.0,0.0242469455,0.951506109,1.0,0.9757530545,0.9087669253373367,0.9363900117657884,1,Network Leaders,Network Leaders
23,2024,BANR,Banner Corp,16200.037,250.555,1774.326,13514.398,606.484,30.128,11354.656,3128.526,168.898,541.716,66.888,39.623,2024,Optimal,0.078540974,0.022352079,0.0504465265,0.921459026,0.956273226300154,0.9495534735,0.9087669253373367,0.9363900117657884,1,Network Leaders,Network Leaders
24,2024,BCAL,California BanCorp,4031.654,48.545,511.836,3398.76,88.035,13.004,3139.165,226.11,5.433,122.984,4.76,30.619,2024,Optimal,0.073304472,0.089885771,0.0815951215,0.926695528,0.835054694002423,0.9184048785,0.9087669253373367,0.9363900117657884,4,Funding-Rich Underperformers,Funding-Rich Underperformers
25,2024,BCBP,BCB Bancorp Inc,3599.118,28.229,323.925,2750.858,511.461,18.783,3031.048,135.461,18.623,92.021,2.94,44.708,2024,Optimal,0.13491878,0.030697626,0.082808203,0.86508122,0.9404333041512216,0.917191797,0.9087669253373367,0.9363900117657884,2,Transformation Specialists,Transformation Specialists
26,2024,BCML,BayCom Corp,2664.508,38.906,324.366,2234.009,86.764,12.977,1952.896,227.406,23.614,91.141,6.377,9.467,2024,Optimal,0.091722007,0.15623403,0.1239780185,0.908277993,0.7297536208997412,0.8760219815,0.9087669253373367,0.9363900117657884,3,Network Laggards,Network Laggards
27,2024,BCTF,Bancorp 34 Inc,918.095,12.939,86.515,792.567,31.971,5.244,676.092,90.3,1.689,29.298,5.558,4.703,2024,Optimal,0.074063672,0.18578658,0.129925126,0.925936328,0.6866441514290033,0.8700748739999999,0.9087669253373367,0.9363900117657884,4,Funding-Rich Underperformers,Funding-Rich Underperformers
28,2024,BFC,Bank First Corp,4495.06,40.901,639.683,3661.073,148.957,9.128,3517.168,356.46,65.563,137.8,19.646,9.237,2024,Optimal,0.083562768,0.044126343,0.0638445555,0.916437232,0.915477004682756,0.9361554445,0.9087669253373367,0.9363900117657884,4,Funding-Rich Underperformers,Funding-Rich Underperformers
29,2024,BFIN,BankFinancial Corp,1434.814,23.146,156.377,1217.541,42.25,25.115,895.157,368.02,4.073,48.441,5.789,18.325,2024,Optimal,0.099005082,0.040562205,0.0697836434999999,0.900994918,0.9220379044999044,0.9302163565,0.9087669253373367,0.9363900117657884,3,Network Laggards,Network Laggards
30,2024,BFST,Business First Bancshares Inc,7857.09,103.532,799.466,6511.331,511.578,18.755,5981.399,934.649,65.107,227.383,44.193,30.536,2024,Optimal,0.086718216,0.088034349,0.0873762825,0.913281784,0.8381772614423224,0.9126237175,0.9087669253373367,0.9363900117657884,4,Funding-Rich Underperformers,Funding-Rich Underperformers
31,2024,BHB,Bar Harbor Bankshares,4083.327,54.849,458.428,3267.688,299.841,5.528,3147.096,532.687,43.544,113.839,37.08,12.754,2024,Optimal,0.12479813,0.022921388,0.073859759,0.87520187,0.9551844584170528,0.926140241,0.9087669253373367,0.9363900117657884,2,Transformation Specialists,Transformation Specialists
32,2024,BHLB,Berkshire Hills Bancorp Inc,12273.408,160.453,1167.424,10375.204,494.971,24.008,9384.994,1183.537,61.003,351.586,48.414,26.727,2024,Optimal,0.06418151,0.035261977,0.0497217435,0.93581849,0.931878156865796,0.9502782565,0.9087669253373367,0.9363900117657884,4,Funding-Rich Underperformers,Funding-Rich Underperformers
33,2024,BHRB,Burke & Herbert Financial Services Corp,7812.185,94.275,730.157,6515.239,494.091,3.744,5672.236,1465.93,35.708,225.785,36.166,41.151,2024,Optimal,0.074643749,0.0,0.0373218745,0.925356251,1.0,0.9626781255,0.9087669253373367,0.9363900117657884,1,Network Leaders,Network Leaders
34,2024,BK,Bank of New York Mellon Corp (The),416064.0,7130.0,41677.0,289524.0,46765.0,237.0,70967.0,137162.0,4530.0,4312.0,14307.0,179.0,2024,Optimal,0.10725778,0.0,0.05362889,0.89274222,1.0,0.94637111,0.9087669253373367,0.9363900117657884,2,Transformation Specialists,Transformation Specialists
35,2024,BKOR,Oak Ridge Financial Services Inc,663.682,10.256,62.99,531.315,62.122,0.457,514.292,107.815,5.673,23.737,3.263,3.493,2024,Optimal,0.13928416,0.0,0.06964208,0.86071584,1.0,0.93035792,0.9087669253373367,0.9363900117657884,2,Transformation Specialists,Transformation Specialists
36,2024,BKSC,Bank of South Carolina Corp,557.16,7.984,52.301,489.912,12.139,0.576,364.09,157.47,6.75,20.565,1.863,0.349,2024,Optimal,0.046148608,0.0,0.023074304,0.953851392,1.0,0.976925696,0.9087669253373367,0.9363900117657884,1,Network Leaders,Network Leaders
37,2024,BKU,BankUnited Inc,35241.742,315.604,2814.318,27865.703,3702.969,130.58,24297.98,9336.541,232.467,914.266,99.155,256.189,2024,Optimal,0.082071437,0.0,0.0410357185,0.917928563,1.0,0.9589642815,0.9087669253373367,0.9363900117657884,1,Network Leaders,Network Leaders
38,2024,BLFY,Blue Foundry Bancorp,2060.683,29.433,332.198,1343.32,364.668,6.711,1583.482,347.895,-11.911,37.55,1.794,5.104,2024,Optimal,0.30143423,0.0,0.150717115,0.69856577,1.0,0.849282885,0.9087669253373367,0.9363900117657884,2,Transformation Specialists,Transformation Specialists
39,2024,BMBN,Benchmark Bankshares Inc,1223.588,20.558,109.434,1102.894,1.234,2.119,996.451,103.197,15.853,48.477,10.132,3.816,2024,Optimal,0.0483623,0.0,0.02418115,0.9516377,1.0,0.97581885,0.9087669253373367,0.9363900117657884,1,Network Leaders,Network Leaders
40,2024,BMRC,Bank of Marin Bancorp,3701.335,44.683,435.407,3220.015,21.663,7.992,2083.256,1266.733,-8.409,94.66,-21.36,33.881,2024,Optimal,0.044407166,0.0,0.022203583,0.955592834,1.0,0.977796417,0.9087669253373367,0.9363900117657884,1,Network Leaders,Network Leaders
41,2024,BNCC,BNCCORP Inc,966.681,15.005,93.667,837.5,16.164,3.384,698.724,131.909,7.928,31.058,5.893,6.308,2024,Optimal,0.079248547,0.14566585,0.1124571985,0.920751453,0.7457097110819878,0.8875428015,0.9087669253373367,0.9363900117657884,4,Funding-Rich Underperformers,Funding-Rich Underperformers
42,2024,BOH,Bank of Hawaii Corp,23601.114,232.564,1667.774,20633.037,747.068,11.747,13985.224,7373.16,149.994,466.58,172.529,19.3,2024,Optimal,0.0,0.0,0.0,1.0,1.0,1.0,0.9087669253373367,0.9363900117657884,1,Network Leaders,Network Leaders
43,2024,BOKF,BOK Financial Corp,49685.892,811.239,5550.957,38191.23,4702.843,148.344,24114.724,15292.879,523.569,1210.758,839.641,48.979,2024,Optimal,0.13766348,0.0,0.06883174,0.8623365199999999,1.0,0.93116826,0.9087669253373367,0.9363900117657884,2,Transformation Specialists,Transformation Specialists
44,2024,BOTJ,Bank of the James Financial Group Inc,979.244,19.294,64.865,882.404,23.276,0.391,643.63,193.343,7.944,29.236,15.137,1.64,2024,Optimal,0.053988382,0.0,0.026994191,0.946011618,1.0,0.973005809,0.9087669253373367,0.9363900117657884,1,Network Leaders,Network Leaders
45,2024,BPOP,Popular Inc,73045.383,820.451,5613.066,64884.345,1302.465,438.027,35182.247,26206.829,614.212,2282.288,658.909,408.048,2024,Optimal,0.0,0.0,0.0,1.0,1.0,1.0,0.9087669253373367,0.9363900117657884,1,Network Leaders,Network Leaders
46,2024,BPRN,Princeton Bancorp Inc,2340.233,26.037,262.04,2032.625,22.941,6.708,1818.875,249.407,10.242,66.532,8.155,27.136,2024,Optimal,0.049808464,0.0070059344,0.0284071991999999,0.950191536,0.986085614472224,0.9715928008,0.9087669253373367,0.9363900117657884,1,Network Leaders,Network Leaders
47,2024,BRBS,Blue Ridge Bankshares Inc,2737.26,58.161,327.788,2179.442,198.402,63.063,2111.797,355.549,-15.385,78.661,13.573,25.722,2024,Optimal,0.14041184,0.0,0.07020592,0.8595881599999999,1.0,0.92979408,0.9087669253373367,0.9363900117657884,2,Transformation Specialists,Transformation Specialists
48,2024,BRKL,Brookline Bancorp Inc,11905.326,143.723,1221.939,8901.644,1564.631,45.324,9779.288,978.107,68.715,329.585,25.615,70.452,2024,Optimal,0.16807641,0.035824056,0.101950233,0.8319235899999999,0.93082984355791,0.898049767,0.9087669253373367,0.9363900117657884,3,Network Laggards,Network Laggards
49,2024,BSBK,Bogota Financial Corp,971.49,8.75,137.289,642.188,182.953,12.8,714.337,149.11,-2.17,10.551,1.348,14.0,2024,Optimal,0.26084113,0.033583998,0.147212564,0.73915887,0.935014477652546,0.8527874360000001,0.9087669253373367,0.9363900117657884,3,Network Laggards,Network Laggards
50,2024,BSRR,Sierra Bancorp,3614.271,50.338,357.302,2891.668,297.781,7.985,2331.434,976.157,40.56,120.029,31.521,19.668,2024,Optimal,0.12781417,0.047898133,0.0878561515,0.87218583,0.9085824633299544,0.9121438485,0.9087669253373367,0.9363900117657884,3,Network Laggards,Network Laggards
51,2024,BUSE,First Busey Corp,12046.722,175.619,1383.269,9982.49,469.188,7.941,7697.087,2702.643,113.691,322.611,139.682,23.3,2024,Optimal,0.088710241,0.011989981,0.0503501109999999,0.911289759,0.976304150781904,0.949649889,0.9087669253373367,0.9363900117657884,1,Network Leaders,Network Leaders
52,2024,BWB,Bridgewater Bancshares Inc,5066.242,39.564,457.935,4086.767,452.92,0.919,3861.713,787.544,32.825,102.193,7.368,0.301,2024,Optimal,0.076249919,0.0,0.0381249595,0.923750081,1.0,0.9618750405,0.9087669253373367,0.9363900117657884,1,Network Leaders,Network Leaders
53,2024,BWFG,Bankwell Financial Group Inc,3268.476,23.746,270.52,2787.57,171.498,49.207,2701.966,151.754,9.77,83.282,3.718,61.576,2024,Optimal,0.012295628,0.057786448,0.035041038,0.987704372,0.8907408048018403,0.964958962,0.9087669253373367,0.9363900117657884,4,Funding-Rich Underperformers,Funding-Rich Underperformers
54,2024,BY,Byline Bancorp Inc,9496.529,140.119,1091.497,7458.628,774.652,65.307,6906.822,1453.618,120.759,348.046,58.851,67.246,2024,Optimal,0.13775961,0.051939708,0.094849659,0.86224039,0.901249648425668,0.905150341,0.9087669253373367,0.9363900117657884,3,Network Laggards,Network Laggards
55,2024,CAC,Camden National Corp,5805.138,64.073,531.231,4633.167,560.454,7.438,4115.259,1134.041,53.004,132.453,44.539,4.829,2024,Optimal,0.11258136,0.037473538,0.075027449,0.88741864,0.9277600119377696,0.924972551,0.9087669253373367,0.9363900117657884,3,Network Laggards,Network Laggards
56,2024,CADE,Cadence Bank,47019.19,609.307,5569.683,40496.201,222.12,222.387,33741.755,7447.225,523.604,1436.215,356.51,270.446,2024,Optimal,0.033294643,0.0,0.0166473215,0.966705357,1.0,0.9833526785,0.9087669253373367,0.9363900117657884,1,Network Leaders,Network Leaders
57,2024,CARE,Carter Bankshares Inc,4659.189,57.908,384.313,4153.421,80.402,311.998,3624.826,734.928,24.523,114.457,21.368,260.008,2024,Optimal,0.018942396,0.0,0.009471198,0.981057604,1.0,0.990528802,0.9087669253373367,0.9363900117657884,1,Network Leaders,Network Leaders
58,2024,CARV,Carver Bancorp Inc,729.991,14.825,29.578,661.837,29.112,11.827,613.684,47.125,-13.744,19.151,3.086,24.647,2024,Optimal,0.039308913,0.0,0.0196544565,0.960691087,1.0,0.9803455435,0.9087669253373367,0.9363900117657884,1,Network Leaders,Network Leaders
59,2024,CASH,Pathward Financial Inc,7532.017,201.472,822.189,5875.085,436.376,57.976,4075.195,1813.63,183.219,497.825,299.587,43.033,2024,Optimal,0.14526033,0.0,0.072630165,0.8547396700000001,1.0,0.927369835,0.9087669253373367,0.9363900117657884,2,Transformation Specialists,Transformation Specialists
60,2024,CATY,Cathay General Bancorp,23054.681,167.376,2845.704,19686.199,227.727,93.279,19365.414,1598.807,285.979,674.055,55.664,196.282,2024,Optimal,0.0,0.0,0.0,1.0,1.0,1.0,0.9087669253373367,0.9363900117657884,1,Network Leaders,Network Leaders
61,2024,CBAN,Colony Bankcorp Inc,3109.782,49.767,278.675,2567.943,249.358,10.657,1842.98,813.82,23.868,76.076,39.375,11.342,2024,Optimal,0.10529169,0.13686977,0.12108073,0.89470831,0.7592164492156388,0.87891927,0.9087669253373367,0.9363900117657884,3,Network Laggards,Network Laggards
62,2024,CBCY,Central Bancompany Inc,19242.543,281.087,3110.661,14985.848,1038.795,22.708,11624.091,5655.718,305.81,687.324,210.39,39.689,2024,Optimal,0.13772288,0.0,0.06886144,0.86227712,1.0,0.93113856,0.9087669253373367,0.9363900117657884,2,Transformation Specialists,Transformation Specialists
63,2024,CBFV,CB Financial Services Inc,1481.564,18.821,147.378,1283.517,37.569,2.402,1092.626,262.153,12.594,46.068,5.494,1.789,2024,Optimal,0.068048043,0.055370546,0.0617092945,0.931951957,0.8950689950371231,0.9382907055,0.9087669253373367,0.9363900117657884,4,Funding-Rich Underperformers,Funding-Rich Underperformers
64,2024,CBKM,Consumers Bancorp Inc,1097.089,14.416,63.685,972.98,44.525,0.228,759.114,273.423,8.58,31.992,4.896,0.858,2024,Optimal,0.047224305,0.029927586,0.0385759455,0.952775695,0.9418840966941536,0.9614240545,0.9087669253373367,0.9363900117657884,1,Network Leaders,Network Leaders
65,2024,CBNK,Capital Bancorp Inc,3206.911,56.037,355.139,2761.939,39.934,16.042,2630.163,228.109,30.972,154.746,31.41,30.241,2024,Optimal,0.065523723,0.0033692979,0.03444651045,0.934476277,0.993284032295882,0.96555348955,0.9087669253373367,0.9363900117657884,1,Network Leaders,Network Leaders
66,2024,CBSH,Commerce Bancshares Inc,31996.627,607.862,3332.475,25293.644,2957.989,7.582,17220.103,9424.346,526.331,1040.246,623.376,18.621,2024,Optimal,0.11696335,0.0,0.058481675,0.88303665,1.0,0.941518325,0.9087669253373367,0.9363900117657884,2,Transformation Specialists,Transformation Specialists
67,2024,CBU,Community Financial System Inc,16386.044,300.779,1762.835,13441.707,1047.812,55.732,10432.365,4218.386,182.481,449.117,297.186,76.168,2024,Optimal,0.094019832,0.02138711,0.057703471,0.905980168,0.958121441340688,0.942296529,0.9087669253373367,0.9363900117657884,2,Transformation Specialists,Transformation Specialists
68,2024,CCB,Coastal Financial Corp,4121.208,70.084,438.704,3585.332,53.282,53.839,3486.565,58.121,45.219,273.028,308.205,62.656,2024,Optimal,0.051995478,0.0,0.025997739,0.948004522,1.0,0.974002261,0.9087669253373367,0.9363900117657884,1,Network Leaders,Network Leaders
69,2024,CCBG,Capital City Bank Group,4324.932,100.721,495.317,3671.977,107.524,6.243,2651.55,972.899,52.915,158.938,75.976,6.669,2024,Optimal,0.074506303,0.011466032,0.0429861675,0.925493697,0.9773278950805142,0.9570138325,0.9087669253373367,0.9363900117657884,1,Network Leaders,Network Leaders
70,2024,CCFN,Muncy Columbia Financial Corp,1595.958,19.027,166.41,1292.429,124.374,4.475,1125.937,331.698,19.023,50.465,10.375,10.117,2024,Optimal,0.12637513,0.074332212,0.100353671,0.87362487,0.8616215521237671,0.899646329,0.9087669253373367,0.9363900117657884,3,Network Laggards,Network Laggards
71,2024,CCNE,CNB Financial Corp/PA,6192.01,74.536,610.695,5371.364,160.656,31.805,4608.956,825.785,54.575,187.469,39.114,59.485,2024,Optimal,0.039456646,0.097625917,0.0685412815,0.960543354,0.8221144098586367,0.9314587185,0.9087669253373367,0.9363900117657884,4,Funding-Rich Underperformers,Funding-Rich Underperformers
72,2024,CEFC,Commercial National Financial Corp,566.643,8.678,50.53,498.507,14.949,0.939,395.651,82.075,5.863,18.675,2.407,1.557,2024,Optimal,0.051427572,0.14618838,0.098807976,0.948572428,0.7449138683468419,0.901192024,0.9087669253373367,0.9363900117657884,4,Funding-Rich Underperformers,Funding-Rich Underperformers
73,2024,CFBK,CF Bankshares Inc,2065.523,14.172,168.437,1755.795,113.909,5.722,1739.493,22.601,13.387,46.644,5.175,14.719,2024,Optimal,0.0012297377,0.076001156,0.03861544685,0.9987702623,0.8587340625496502,0.96138455315,0.9087669253373367,0.9363900117657884,4,Funding-Rich Underperformers,Funding-Rich Underperformers
74,2024,CFFI,C&F Financial Corp,2563.374,53.578,226.97,2170.86,133.038,1.944,1920.398,422.217,19.834,96.775,30.538,3.257,2024,Optimal,0.085802491,0.0,0.0429012455,0.914197509,1.0,0.9570987545,0.9087669253373367,0.9363900117657884,1,Network Leaders,Network Leaders
75,2024,CFFN,Capitol Federal Financial Inc,9527.608,52.272,1032.27,6129.982,2188.486,9.628,7930.373,957.441,38.01,162.061,5.244,10.147,2024,Optimal,0.19448766,0.0,0.09724383,0.8055123399999999,1.0,0.90275617,0.9087669253373367,0.9363900117657884,2,Transformation Specialists,Transformation Specialists
76,2024,CFG,Citizens Financial Group Inc,217521.0,2611.0,24254.0,174776.0,13357.0,1378.0,139203.0,42294.0,1509.0,5633.0,2176.0,1677.0,2024,Optimal,0.0,0.0,0.0,1.0,1.0,1.0,0.9087669253373367,0.9363900117657884,1,Network Leaders,Network Leaders
77,2024,CFR,Cullen/Frost Bankers Inc,52520.259,743.84,3898.588,42722.748,4895.801,61.632,20754.813,18577.4,582.542,1604.612,459.098,92.966,2024,Optimal,0.086586362,0.0,0.043293181,0.913413638,1.0,0.956706819,0.9087669253373367,0.9363900117657884,1,Network Leaders,Network Leaders
78,2024,CHBH,Croghan Bancshares Inc,1150.795,17.87,124.291,944.102,75.199,0.639,734.699,316.752,10.058,35.428,7.309,0.715,2024,Optimal,0.13006209,0.033439948,0.081751019,0.86993791,0.9352841970842798,0.918248981,0.9087669253373367,0.9363900117657884,3,Network Laggards,Network Laggards
79,2024,CHCO,City Holding Co,6459.459,76.363,730.664,5144.15,475.655,8.559,4274.776,1451.109,117.101,220.237,73.334,14.965,2024,Optimal,0.11750196,0.018006805,0.0677543825,0.88249804,0.9646234093690564,0.9322456175,0.9087669253373367,0.9363900117657884,2,Transformation Specialists,Transformation Specialists
80,2024,CHMG,Chemung Financial Corp,2776.147,36.54,215.309,2396.883,118.518,10.738,2071.419,544.602,23.671,74.059,23.23,9.606,2024,Optimal,0.059068361,0.053188363,0.056128362,0.940931639,0.8989955360910117,0.943871638,0.9087669253373367,0.9363900117657884,4,Funding-Rich Underperformers,Funding-Rich Underperformers
81,2024,CIVB,Civista Bancshares Inc,4098.469,61.821,388.502,3211.87,451.946,15.126,3081.23,680.84,31.683,116.71,37.748,32.627,2024,Optimal,0.1474583,0.06316019,0.105309245,0.8525417,0.8811840575031312,0.8946907550000001,0.9087669253373367,0.9363900117657884,3,Network Laggards,Network Laggards
82,2024,CIZN,Citizens Holding Co,1469.843,19.991,48.086,1071.351,335.571,5.826,764.866,559.877,5.49,34.622,12.035,7.154,2024,Optimal,0.22021303,0.013476179,0.1168446045,0.77978697,0.9734060271386014,0.8831553955,0.9087669253373367,0.9363900117657884,2,Transformation Specialists,Transformation Specialists
83,2024,CLBK,Columbia Financial Inc,10475.493,109.489,1080.376,8096.149,1098.424,12.618,7916.928,1485.846,-11.653,177.982,1.894,23.035,2024,Optimal,0.13110797,0.027018035,0.0790630025,0.86889203,0.9473854711811366,0.9209369975,0.9087669253373367,0.9363900117657884,2,Transformation Specialists,Transformation Specialists
84,2024,CLST,Catalyst Bancorp Inc,276.697,4.83,80.204,185.674,9.558,2.051,167.076,44.12,-3.089,9.545,-3.84,1.825,2024,Optimal,0.22156959,0.0,0.110784795,0.77843041,1.0,0.889215205,0.9087669253373367,0.9363900117657884,2,Transformation Specialists,Transformation Specialists
85,2024,CMA,Comerica Incorporated,79297.0,1352.0,6543.0,63811.0,7030.0,178.0,49817.0,15045.0,698.0,2190.0,1054.0,308.0,2024,Optimal,0.094151766,0.0,0.047075883,0.905848234,1.0,0.952924117,0.9087669253373367,0.9363900117657884,2,Transformation Specialists,Transformation Specialists
86,2024,CMTV,Community Bancorp/VT,1248.93,13.227,98.048,1001.645,138.0,6.955,928.589,162.327,12.764,34.631,7.182,8.338,2024,Optimal,0.12608949,0.14407452,0.135082005,0.87391051,0.748137874795079,0.864917995,0.9087669253373367,0.9363900117657884,3,Network Laggards,Network Laggards
87,2024,CNND,Canandaigua National Corp,5058.649,71.23,376.138,3999.41,632.277,14.437,3802.467,975.701,44.602,137.06,54.223,38.394,2024,Optimal,0.13528981,0.045968622,0.090629216,0.86471019,0.9121032485427656,0.909370784,0.9087669253373367,0.9363900117657884,3,Network Laggards,Network Laggards
88,2024,CNOB,ConnectOne Bancorp Inc,9879.6,90.053,1241.704,7820.114,783.506,52.524,8274.81,673.388,73.793,247.337,16.728,57.31,2024,Optimal,0.097996128,0.017729489,0.0578628085,0.902003872,0.9651587397405168,0.9421371915,0.9087669253373367,0.9363900117657884,2,Transformation Specialists,Transformation Specialists
89,2024,COFS,ChoiceOne Financial Services Inc,2723.243,33.408,260.415,2214.103,210.752,2.034,1545.64,896.123,26.727,74.442,17.995,4.177,2024,Optimal,0.11250856,0.048255757,0.0803821585,0.88749144,0.9079313293959806,0.9196178415,0.9087669253373367,0.9363900117657884,3,Network Laggards,Network Laggards
90,2024,COLB,Columbia Banking System Inc,51576.397,588.83,5118.224,41720.732,3900.9,113.937,37680.901,8504.873,533.675,1718.402,210.966,169.559,2024,Optimal,0.090907999,0.0,0.0454539995,0.909092001,1.0,0.9545460005,0.9087669253373367,0.9363900117657884,1,Network Leaders,Network Leaders
91,2024,CPF,Central Pacific Financial Corp.,7472.096,85.941,538.385,6644.011,188.37,7.008,5332.852,1341.517,53.412,211.733,38.723,11.018,2024,Optimal,0.0085666585,0.06561002,0.03708833925,0.9914333415,0.8768592284821045,0.96291166075,0.9087669253373367,0.9363900117657884,4,Funding-Rich Underperformers,Funding-Rich Underperformers
92,2024,CPKF,Chesapeake Financial Shares Inc,1524.646,32.156,111.744,1371.424,31.936,2.128,877.822,502.069,11.428,46.051,22.864,2.9,2024,Optimal,0.042551813,0.076032189,0.059292001,0.957448187,0.8586804562591018,0.940707999,0.9087669253373367,0.9363900117657884,4,Funding-Rich Underperformers,Funding-Rich Underperformers
93,2024,CSBB,CSB Bancorp Inc/OH,1191.5,13.623,114.835,1044.887,27.145,0.396,737.641,331.529,10.012,36.853,7.102,1.719,2024,Optimal,0.04971182,0.043124745,0.0464182825,0.95028818,0.917316226641714,0.9535817175,0.9087669253373367,0.9363900117657884,4,Funding-Rich Underperformers,Funding-Rich Underperformers
94,2024,CSHX,Cashmere Valley Bank,2121.563,27.584,232.167,1837.953,36.0,2.095,962.369,849.608,28.159,63.179,20.557,3.399,2024,Optimal,0.060137946,0.078767125,0.0694525355,0.939862054,0.8539682510254474,0.9305474645,0.9087669253373367,0.9363900117657884,4,Funding-Rich Underperformers,Funding-Rich Underperformers
95,2024,CTBI,Community Trust Bancorp Inc,6193.245,79.427,757.584,5070.189,320.186,15.584,4486.637,1069.458,82.813,185.995,62.565,30.333,2024,Optimal,0.098544296,0.055968932,0.077256614,0.901455704,0.8939951161366175,0.922743386,0.9087669253373367,0.9363900117657884,3,Network Laggards,Network Laggards
96,2024,CUBI,Customers Bancorp Inc,22308.241,175.836,1836.683,18846.461,1447.811,27.209,14448.762,3107.845,181.469,654.404,60.434,55.807,2024,Optimal,0.0,0.09195473,0.045977365,1.0,0.8315777614700198,0.954022635,0.9087669253373367,0.9363900117657884,4,Funding-Rich Underperformers,Funding-Rich Underperformers
97,2024,CVBF,CVB Financial Corp,15153.655,144.472,2186.316,11948.381,811.504,21.302,8470.318,4939.795,200.716,447.347,54.474,47.098,2024,Optimal,0.10184901,0.013401855,0.0576254325,0.89815099,0.9735507588941604,0.9423745675,0.9087669253373367,0.9363900117657884,2,Transformation Specialists,Transformation Specialists
98,2024,CYFL,Century Financial Corp,467.219,7.949,57.099,401.47,5.124,1.02,231.929,137.507,9.004,19.509,5.655,2.238,2024,Optimal,0.066720266,0.0,0.033360133,0.933279734,1.0,0.966639867,0.9087669253373367,0.9363900117657884,1,Network Leaders,Network Leaders
99,2024,CZBC,Citizens Bancorp/OR,807.493,18.188,73.485,706.98,15.566,0.51,375.985,326.125,3.373,27.913,2.575,0.205,2024,Optimal,0.074465554,0.0,0.037232777,0.925534446,1.0,0.962767223,0.9087669253373367,0.9363900117657884,1,Network Leaders,Network Leaders
100,2024,CZBS,Citizens Bancshares Corp,799.902,10.153,186.266,599.989,1.177,7.71,418.196,259.273,12.877,34.967,4.604,12.336,2024,Optimal,0.18365906,0.0,0.09182953,0.81634094,1.0,0.90817047,0.9087669253373367,0.9363900117657884,2,Transformation Specialists,Transformation Specialists
101,2024,CZFS,Citizens Financial Services Inc,3025.724,39.347,299.734,2382.028,307.816,13.177,2313.242,427.659,27.818,86.455,15.401,28.612,2024,Optimal,0.14166917,0.069264416,0.105466793,0.85833083,0.8704447375905194,0.894533207,0.9087669253373367,0.9363900117657884,3,Network Laggards,Network Laggards
102,2024,CZNC,Citizens & Northern Corp,2610.653,44.93,275.284,2093.909,210.82,18.845,1895.848,402.38,25.958,79.115,29.209,24.142,2024,Optimal,0.13493982,0.095230672,0.115085246,0.86506018,0.8260993333466468,0.884914754,0.9087669253373367,0.9363900117657884,3,Network Laggards,Network Laggards
103,2024,CZWI,Citizens Community Bancorp Inc,1748.519,22.741,179.084,1488.148,67.682,15.368,1368.981,245.557,13.751,46.474,10.107,14.269,2024,Optimal,0.081400015,0.064436998,0.0729185065,0.918599985,0.878927549265814,0.9270814935,0.9087669253373367,0.9363900117657884,4,Funding-Rich Underperformers,Funding-Rich Underperformers
104,2024,DCOM,Dime Community Bancshares Inc,14353.258,136.114,1396.517,11686.141,979.318,29.099,10871.943,1397.138,29.084,318.054,-3.955,49.479,2024,Optimal,0.072233033,0.072856658,0.0725448455,0.927766967,0.8641819343586531,0.9274551545,0.9087669253373367,0.9363900117657884,4,Funding-Rich Underperformers,Funding-Rich Underperformers
105,2024,DIMC,Dimeco Inc,1079.785,16.77,107.002,911.012,48.173,8.537,775.302,226.856,12.942,37.761,7.494,11.881,2024,Optimal,0.10479659,0.070122801,0.0874596954999999,0.89520341,0.8689443848229901,0.9125403045,0.9087669253373367,0.9363900117657884,3,Network Laggards,Network Laggards
106,2024,EBC,Eastern Bankshares Inc,25557.88,287.627,3611.967,21291.619,175.801,52.557,17778.354,4448.178,119.561,607.597,123.917,135.82,2024,Optimal,0.064266005,0.0,0.0321330025,0.935733995,1.0,0.9678669975,0.9087669253373367,0.9363900117657884,1,Network Leaders,Network Leaders
107,2024,EBMT,Eagle Bancorp Montana Inc,2103.09,39.715,174.765,1681.228,201.089,8.426,1520.646,304.499,9.778,63.438,17.776,3.895,2024,Optimal,0.14306428,0.088515001,0.1157896404999999,0.8569357200000001,0.8373655835359498,0.8842103595,0.9087669253373367,0.9363900117657884,3,Network Laggards,Network Laggards
108,2024,ECBK,ECB Bancorp Inc,1418.153,13.062,168.268,998.533,235.2,1.213,1145.333,89.779,3.991,24.988,1.226,1.957,2024,Optimal,0.22653376,0.037455185,0.1319944725,0.77346624,0.9277941147886788,0.8680055275,0.9087669253373367,0.9363900117657884,3,Network Laggards,Network Laggards
109,2024,EFSC,Enterprise Financial Services Corp,15596.431,182.713,1824.002,13146.492,463.522,49.464,11220.355,2863.989,185.266,568.096,69.703,46.642,2024,Optimal,0.05775846,0.0,0.02887923,0.94224154,1.0,0.97112077,0.9087669253373367,0.9363900117657884,1,Network Leaders,Network Leaders
110,2024,EFSI,Eagle Financial Services Inc,1866.215,30.059,118.987,1575.156,149.512,6.13,1467.049,128.887,15.343,51.227,21.557,2.586,2024,Optimal,0.096979933,0.082230352,0.0896051425,0.903020067,0.8480353986597484,0.9103948575,0.9087669253373367,0.9363900117657884,3,Network Laggards,Network Laggards
111,2024,EGBN,Eagle Bancorp Inc,11129.508,87.768,1226.061,9131.078,623.08,66.632,7934.888,2257.814,-47.035,288.688,19.939,211.449,2024,Optimal,0.050908709,0.0,0.0254543545,0.949091291,1.0,0.9745456455,0.9087669253373367,0.9363900117657884,1,Network Leaders,Network Leaders
112,2024,EMYB,Embassy Bancorp Inc,1704.42,14.246,106.48,1552.959,26.538,0.366,1268.422,282.491,10.44,36.184,3.185,0.495,2024,Optimal,0.0,0.0,0.0,1.0,1.0,1.0,0.9087669253373367,0.9363900117657884,1,Network Leaders,Network Leaders
113,2024,ENBP,ENB Financial Corp,2219.831,34.043,130.984,1890.443,185.943,3.277,1427.269,636.929,15.317,56.741,18.13,11.887,2024,Optimal,0.08266463,0.074040331,0.0783524805,0.91733537,0.8621274660495035,0.9216475195,0.9087669253373367,0.9363900117657884,4,Funding-Rich Underperformers,Funding-Rich Underperformers
114,2024,EQBK,Equity Bancshares Inc,5332.047,72.786,592.918,4374.789,316.397,26.457,3500.816,1037.547,62.621,186.162,38.822,34.675,2024,Optimal,0.10058247,0.12413126,0.112356865,0.89941753,0.7791516624135157,0.887643135,0.9087669253373367,0.9363900117657884,3,Network Laggards,Network Laggards
115,2024,EQFN,Equitable Financial Corp,511.222,8.535,47.815,449.155,8.275,0.711,452.196,25.962,2.714,13.68,5.014,3.609,2024,Optimal,0.050931961,0.0,0.0254659805,0.949068039,1.0,0.9745340195,0.9087669253373367,0.9363900117657884,1,Network Leaders,Network Leaders
116,2024,ESQ,Esquire Financial Holdings Inc,1892.503,37.845,237.094,1642.236,3.497,11.009,1397.021,313.44,43.658,99.929,24.895,10.94,2024,Optimal,0.070483404,0.0,0.035241702,0.929516596,1.0,0.964758298,0.9087669253373367,0.9363900117657884,1,Network Leaders,Network Leaders
117,2024,EWBC,East West Bancorp Inc,75976.475,550.734,7723.054,63175.023,3625.237,114.015,53726.637,13929.483,1165.586,2278.716,335.218,194.095,2024,Optimal,0.0,0.0,0.0,1.0,1.0,1.0,0.9087669253373367,0.9363900117657884,1,Network Leaders,Network Leaders
118,2024,EXSR,Exchange Bank of Santa Rosa California,3300.488,42.678,280.809,2832.443,147.661,4.199,1618.579,1377.345,23.853,81.263,23.385,9.947,2024,Optimal,0.061618238,0.053481254,0.057549746,0.938381762,0.8984675734913457,0.942450254,0.9087669253373367,0.9363900117657884,4,Funding-Rich Underperformers,Funding-Rich Underperformers
119,2024,FBAK,First National Bank Alaska,4997.767,68.668,516.562,3679.155,760.983,4.611,2469.935,1928.625,67.048,166.721,28.233,4.313,2024,Optimal,0.19462316,0.0,0.09731158,0.80537684,1.0,0.90268842,0.9087669253373367,0.9363900117657884,2,Transformation Specialists,Transformation Specialists
120,2024,FBIZ,First Business Financial Services Inc,3853.215,63.105,328.589,3107.14,327.975,20.844,3113.128,359.749,44.245,124.206,29.251,28.418,2024,Optimal,0.12323815,0.069184689,0.0962114195,0.87676185,0.8705842129768845,0.9037885805,0.9087669253373367,0.9363900117657884,3,Network Laggards,Network Laggards
121,2024,FBK,FB Financial Corp,13157.482,183.813,1567.631,11210.434,236.813,86.483,9602.384,1570.757,116.035,416.503,39.07,121.915,2024,Optimal,0.061471608,0.081823897,0.0716477525,0.938528392,0.8487297290679094,0.9283522475,0.9087669253373367,0.9363900117657884,4,Funding-Rich Underperformers,Funding-Rich Underperformers
122,2024,FBNC,First Bancorp/NC,12147.694,140.022,1445.611,10530.525,106.43,44.789,8094.676,2604.36,76.215,332.273,17.899,46.917,2024,Optimal,0.03109333,0.015341012,0.0232171709999999,0.96890667,0.9697815574891798,0.976782829,0.9087669253373367,0.9363900117657884,1,Network Leaders,Network Leaders
123,2024,FBP,First BanCorp (Puerto Rico),19292.921,235.695,1669.236,16871.298,627.501,125.906,12746.556,4934.304,298.724,807.479,130.722,118.252,2024,Optimal,0.024377655,0.0,0.0121888275,0.975622345,1.0,0.9878111725,0.9087669253373367,0.9363900117657884,1,Network Leaders,Network Leaders
124,2024,FBPI,First Bancorp of Indiana Inc,635.318,9.469,31.537,465.606,129.894,0.494,479.435,100.813,1.535,15.031,3.445,1.825,2024,Optimal,0.20621658,0.066430402,0.136323491,0.79378342,0.8754154009949165,0.863676509,0.9087669253373367,0.9363900117657884,3,Network Laggards,Network Laggards
125,2024,FBSI,First Bancshares Inc,537.885,7.9,59.562,472.596,2.472,1.63,430.525,13.595,6.578,21.902,1.609,1.633,2024,Optimal,0.047671226,0.0,0.023835613,0.952328774,1.0,0.976164387,0.9087669253373367,0.9363900117657884,1,Network Leaders,Network Leaders
126,2024,FBTT,First Bankers Trustshares Inc,1179.236,15.876,67.454,997.641,109.548,10.684,629.511,409.496,4.182,24.672,8.452,10.228,2024,Optimal,0.093179525,0.14739449,0.1202870074999999,0.906820475,0.7430796621657126,0.8797129925,0.9087669253373367,0.9363900117657884,3,Network Laggards,Network Laggards
127,2024,FCBC,First Community Bancshares Inc,3261.216,51.702,526.392,2691.247,1.421,19.652,2416.089,169.849,51.604,126.468,39.39,20.539,2024,Optimal,0.10504471,0.0,0.052522355,0.89495529,1.0,0.947477645,0.9087669253373367,0.9363900117657884,2,Transformation Specialists,Transformation Specialists
128,2024,FCCO,First Community Corp,1958.021,29.263,144.494,1675.901,120.72,0.864,1220.542,491.674,13.955,52.04,14.004,0.81,2024,Optimal,0.079341516,0.097040934,0.088191225,0.920658484,0.8230860289849494,0.911808775,0.9087669253373367,0.9363900117657884,4,Funding-Rich Underperformers,Funding-Rich Underperformers
129,2024,FCF,First Commonwealth Financial Corp.,11584.936,149.287,1405.165,9678.019,387.778,40.918,8983.754,1584.216,142.572,378.892,99.231,63.143,2024,Optimal,0.074567643,0.029409734,0.0519886885,0.925432357,0.9428609755112342,0.9480113115,0.9087669253373367,0.9363900117657884,1,Network Leaders,Network Leaders
130,2024,FCNCA,First Citizens BancShares Inc,223720.0,3078.0,22228.0,155229.0,37408.0,1031.0,140221.0,44237.0,2777.0,7143.0,2615.0,1248.0,2024,Optimal,0.14257835,0.0,0.071289175,0.85742165,1.0,0.928710825,0.9087669253373367,0.9363900117657884,2,Transformation Specialists,Transformation Specialists
131,2024,FDBC,Fidelity D & D Bancorp Inc,2584.616,28.843,203.969,2340.82,16.991,3.323,1798.802,561.182,20.794,61.865,19.013,7.805,2024,Optimal,0.0067508472,0.063618923,0.0351848850999999,0.9932491528,0.8803727131507608,0.9648151149,0.9087669253373367,0.9363900117657884,4,Funding-Rich Underperformers,Funding-Rich Underperformers
132,2024,FDVA,Freedom Financial Holdings Inc,1090.487,14.86,81.439,909.532,87.025,13.21,767.898,236.253,4.71,25.258,4.815,13.686,2024,Optimal,0.10539699,0.1041535,0.1047752449999999,0.89460301,0.8113423541201472,0.895224755,0.9087669253373367,0.9363900117657884,3,Network Laggards,Network Laggards
133,2024,FFBB,FFB Bancorp,1504.128,24.952,168.392,1284.377,39.458,6.006,1066.879,331.077,34.147,70.042,31.948,9.894,2024,Optimal,0.093143662,0.0095385384,0.0513411002,0.906856338,0.9811031713259456,0.9486588998,0.9087669253373367,0.9363900117657884,2,Transformation Specialists,Transformation Specialists
134,2024,FFBC,First Financial Bancorp.,18570.261,304.389,2438.041,14329.138,1162.762,65.859,11761.778,3375.334,228.83,612.01,223.568,66.037,2024,Optimal,0.14651541,0.065843772,0.106179591,0.85348459,0.8764476113109004,0.893820409,0.9087669253373367,0.9363900117657884,3,Network Laggards,Network Laggards
135,2024,FFDF,FFD Financial Corp,785.661,8.539,66.97,706.188,5.017,0.463,602.55,51.147,11.614,25.017,3.2,0.533,2024,Optimal,0.015439921,0.0,0.0077199605,0.984560079,1.0,0.9922800395,0.9087669253373367,0.9363900117657884,1,Network Leaders,Network Leaders
136,2024,FFIC,Flushing Financial Corp,9038.972,91.398,724.539,7178.933,962.497,46.153,6745.848,1587.486,-31.333,182.011,-57.445,51.318,2024,Optimal,0.10524611,0.06220005,0.08372308,0.89475389,0.8828844905439424,0.91627692,0.9087669253373367,0.9363900117657884,3,Network Laggards,Network Laggards
137,2024,FFIN,First Financial Bankshares Inc,13979.418,153.296,1606.56,12099.174,197.019,35.096,7913.098,4617.759,223.511,426.741,123.989,63.096,2024,Optimal,0.028461653,0.0,0.0142308265,0.971538347,1.0,0.9857691735,0.9087669253373367,0.9363900117657884,1,Network Leaders,Network Leaders
138,2024,FFMH,First Farmers and Merchants Corp,1765.311,22.312,137.673,1603.621,2.523,1.407,998.818,615.233,16.035,45.061,13.829,1.344,2024,Optimal,0.016426722,0.0,0.008213361,0.983573278,1.0,0.991786639,0.9087669253373367,0.9363900117657884,1,Network Leaders,Network Leaders
139,2024,FFWM,First Foundation Inc,12645.265,83.917,1053.363,9870.279,1627.149,20.213,7941.393,2063.859,-92.407,182.644,-65.872,46.654,2024,Optimal,0.052432624,0.18657317,0.119502897,0.947567376,0.6855260598889154,0.880497103,0.9087669253373367,0.9363900117657884,4,Funding-Rich Underperformers,Funding-Rich Underperformers
140,2024,FGBI,First Guaranty Bancshares Inc,3972.728,38.304,255.049,3476.26,213.523,41.724,2693.78,612.425,12.448,88.438,24.739,120.35,2024,Optimal,0.015094538,0.0,0.007547269,0.984905462,1.0,0.992452731,0.9087669253373367,0.9363900117657884,1,Network Leaders,Network Leaders
141,2024,FGFH,Foresight Financial Group Inc,1633.219,24.67,153.398,1400.703,61.732,16.045,1115.351,380.8,12.664,48.987,7.193,28.472,2024,Optimal,0.082317986,0.061323587,0.0718207865,0.917682014,0.8844394155540426,0.9281792135,0.9087669253373367,0.9363900117657884,4,Funding-Rich Underperformers,Funding-Rich Underperformers
142,2024,FHB,First Hawaiian Inc,23828.186,235.565,2617.486,20322.216,313.02,18.595,14408.258,5738.566,230.129,622.738,185.803,20.679,2024,Optimal,0.029080535,0.0,0.0145402675,0.970919465,1.0,0.9854597325,0.9087669253373367,0.9363900117657884,1,Network Leaders,Network Leaders
143,2024,FHN,First Horizon Corp,82152.0,1137.0,9111.0,65581.0,4928.0,469.0,62565.0,9166.0,775.0,2511.0,679.0,608.0,2024,Optimal,0.099701991,0.0,0.0498509955,0.900298009,1.0,0.9501490045,0.9087669253373367,0.9363900117657884,2,Transformation Specialists,Transformation Specialists
144,2024,FIBK,First Interstate BancSystem Inc,29137.4,343.5,3304.0,23015.6,2386.7,127.8,17844.9,7922.0,226.0,821.6,178.1,145.6,2024,Optimal,0.11547534,0.030536656,0.073005998,0.88452466,0.9407364001615872,0.926994002,0.9087669253373367,0.9363900117657884,2,Transformation Specialists,Transformation Specialists
145,2024,FINW,Finwise Bancorp,745.976,35.205,173.72,544.952,5.366,27.127,460.988,42.844,12.742,58.912,22.485,36.431,2024,Optimal,0.21978845,0.0,0.109894225,0.78021155,1.0,0.890105775,0.9087669253373367,0.9363900117657884,2,Transformation Specialists,Transformation Specialists
146,2024,FISI,Financial Institutions Inc,6117.085,66.126,568.984,5104.731,256.605,26.802,4479.204,1045.367,-41.646,163.589,-46.681,41.466,2024,Optimal,0.069547138,0.066962251,0.0682546944999999,0.930452862,0.8744805621056597,0.9317453055,0.9087669253373367,0.9363900117657884,4,Funding-Rich Underperformers,Funding-Rich Underperformers
147,2024,FITB,Fifth Third Bancorp,212927.0,2763.0,19645.0,167252.0,19597.0,689.0,116603.0,51166.0,2314.0,5630.0,2849.0,860.0,2024,Optimal,0.014372011,0.0072741921,0.01082310155,0.985627989,0.9855566792894108,0.98917689845,0.9087669253373367,0.9363900117657884,1,Network Leaders,Network Leaders
148,2024,FIZN,First Citizens Bancshares Inc,2506.201,30.742,182.689,2150.728,152.214,1.845,1484.274,732.077,17.482,54.823,17.3,3.263,2024,Optimal,0.063745899,0.099787134,0.0817665165,0.936254101,0.8185337309101489,0.9182334835,0.9087669253373367,0.9363900117657884,4,Funding-Rich Underperformers,Funding-Rich Underperformers
149,2024,FKYS,First Keystone Corp,1428.583,17.228,106.782,1045.88,267.346,5.681,947.714,400.859,-13.203,32.279,6.697,4.97,2024,Optimal,0.20953195,0.034957612,0.122244781,0.79046805,0.9324462923028388,0.877755219,0.9087669253373367,0.9363900117657884,3,Network Laggards,Network Laggards
150,2024,FLG,Flagstar Financial Inc,100160.0,1263.0,8168.0,75870.0,14889.0,442.0,68272.0,11562.0,-1118.0,2152.0,400.0,2629.0,2024,Optimal,0.12651428,0.0,0.06325714,0.87348572,1.0,0.93674286,0.9087669253373367,0.9363900117657884,2,Transformation Specialists,Transformation Specialists
151,2024,FMAO,Farmers & Merchants Bancorp Inc,3364.723,38.711,335.211,2686.765,314.495,22.353,2561.869,440.956,25.938,85.912,15.621,3.124,2024,Optimal,0.12337324,0.0,0.06168662,0.87662676,1.0,0.93831338,0.9087669253373367,0.9363900117657884,2,Transformation Specialists,Transformation Specialists
152,2024,FMBH,First Mid Bancshares Inc,7519.734,124.134,846.391,6057.096,572.584,21.292,5665.848,1070.01,78.898,228.728,96.286,32.03,2024,Optimal,0.11710966,0.057078816,0.087094238,0.88289034,0.8920065086234781,0.912905762,0.9087669253373367,0.9363900117657884,3,Network Laggards,Network Laggards
153,2024,FMBM,F & M Bank Corp,1302.011,18.359,86.138,1195.105,7.564,6.524,839.949,330.539,7.285,33.932,10.766,7.154,2024,Optimal,0.01944343,0.10839606,0.063919745,0.98055657,0.8044091567774068,0.936080255,0.9087669253373367,0.9363900117657884,4,Funding-Rich Underperformers,Funding-Rich Underperformers
154,2024,FMCB,Farmers & Merchants Bancorp,5370.196,72.472,573.072,4699.139,12.584,0.873,3678.388,1248.956,88.457,206.676,20.7,1.802,2024,Optimal,0.039667591,0.0,0.0198337955,0.960332409,1.0,0.9801662045,0.9087669253373367,0.9363900117657884,1,Network Leaders,Network Leaders
155,2024,FMNB,Farmers National Banc Corp/OH,5118.924,58.925,406.028,4266.779,401.092,15.229,3268.346,1311.958,45.949,128.368,41.716,22.851,2024,Optimal,0.077084114,0.1044672,0.090775657,0.922915886,0.8108278815341914,0.909224343,0.9087669253373367,0.9363900117657884,4,Funding-Rich Underperformers,Funding-Rich Underperformers
156,2024,FNB,F.N.B. Corp,48625.0,504.101,6302.0,37107.0,4545.7,110.0,33939.0,7775.0,465.332,1280.443,316.395,162.0,2024,Optimal,0.13391052,0.0074693865,0.07068995325,0.86608948,0.985171983188593,0.92931004675,0.9087669253373367,0.9363900117657884,2,Transformation Specialists,Transformation Specialists
157,2024,FNFI,First Niles Financial Inc,156.381,4.905,14.167,83.581,57.214,0.437,104.341,19.202,0.863,3.004,4.995,0.913,2024,Optimal,0.28886961,0.0,0.144434805,0.71113039,1.0,0.8555651950000001,0.9087669253373367,0.9363900117657884,2,Transformation Specialists,Transformation Specialists
158,2024,FNLC,First Bancorp Inc/ME (The),3157.01,24.23,252.493,2725.251,146.843,2.178,2340.94,651.587,27.045,63.91,16.355,4.421,2024,Optimal,0.012867607,0.016528755,0.014698181,0.987132393,0.9674800050294692,0.985301819,0.9087669253373367,0.9363900117657884,1,Network Leaders,Network Leaders
159,2024,FNRN,First Northern Community Bancorp,1891.722,23.85,176.332,1700.089,3.645,8.334,1062.737,644.371,20.034,64.36,6.019,11.212,2024,Optimal,0.025452664,0.0,0.012726332,0.974547336,1.0,0.987273668,0.9087669253373367,0.9363900117657884,1,Network Leaders,Network Leaders
160,2024,FNWB,First Northwest Bancorp,2232.006,32.665,153.882,1688.026,353.549,18.644,1695.635,354.779,-6.613,56.32,12.614,30.515,2024,Optimal,0.18553516,0.082449927,0.1339925435,0.81446484,0.8476605246239718,0.8660074565,0.9087669253373367,0.9363900117657884,3,Network Laggards,Network Laggards
161,2024,FNWD,Finward Bancorp,2060.699,27.737,151.414,1760.566,120.12,12.879,1508.976,340.101,12.13,48.447,22.647,15.157,2024,Optimal,0.075418961,0.11872016,0.0970695605,0.924581039,0.7877571813848424,0.9029304395,0.9087669253373367,0.9363900117657884,4,Funding-Rich Underperformers,Funding-Rich Underperformers
162,2024,FOTB,First Ottawa Bancshares Inc,1718.09,20.577,105.212,1512.951,91.279,4.908,1449.832,186.927,19.006,55.97,6.297,7.8,2024,Optimal,0.04585683,0.075152892,0.060504861,0.95414317,0.8602005490396802,0.939495139,0.9087669253373367,0.9363900117657884,4,Funding-Rich Underperformers,Funding-Rich Underperformers
163,2024,FRAF,Franklin Financial Services Corp,2197.841,32.752,144.716,1815.647,223.962,0.147,1398.077,517.545,11.099,57.514,13.679,0.268,2024,Optimal,0.10964283,0.0,0.054821415,0.89035717,1.0,0.945178585,0.9087669253373367,0.9363900117657884,2,Transformation Specialists,Transformation Specialists
164,2024,FRBA,First Bank,3780.346,40.693,409.156,3055.896,286.779,24.989,3144.266,152.351,42.244,122.546,7.308,17.314,2024,Optimal,0.10652474,0.071371278,0.088948009,0.89347526,0.8667664898890448,0.911051991,0.9087669253373367,0.9363900117657884,3,Network Laggards,Network Laggards
165,2024,FRFC,First Robinson Financial Corp,477.636,7.06,32.331,395.691,44.825,1.465,260.181,154.911,3.66,12.434,3.249,1.231,2024,Optimal,0.094515584,0.15955354,0.127034562,0.905484416,0.7248017715507987,0.872965438,0.9087669253373367,0.9363900117657884,3,Network Laggards,Network Laggards
166,2024,FRME,First Merchants Corp,18311.969,221.167,2304.983,14521.626,1182.058,58.411,12854.359,3502.385,201.402,521.114,125.58,78.721,2024,Optimal,0.11508764,0.027141003,0.0711143215,0.88491236,0.9471523326968184,0.9288856785,0.9087669253373367,0.9363900117657884,2,Transformation Specialists,Transformation Specialists
167,2024,FRST,Primis Financial Corp,3690.115,66.615,364.982,3171.035,128.557,10.809,2887.447,258.388,-16.205,104.222,43.14,16.739,2024,Optimal,0.065346592,0.096288359,0.0808174755,0.934653408,0.8243375327129602,0.9191825245,0.9087669253373367,0.9363900117657884,4,Funding-Rich Underperformers,Funding-Rich Underperformers
168,2024,FSBC,Five Star Bancorp,4053.278,31.709,396.624,3557.994,80.752,1.965,3532.686,124.803,45.671,119.711,6.453,1.885,2024,Optimal,0.0,0.0,0.0,1.0,1.0,1.0,0.9087669253373367,0.9363900117657884,1,Network Leaders,Network Leaders
169,2024,FSBW,FS Bancorp Inc,3029.177,55.092,295.767,2339.418,362.956,10.952,2533.821,305.251,35.024,123.105,21.556,13.601,2024,Optimal,0.16487331,0.02500822,0.094940765,0.8351266900000001,0.9512038644919356,0.905059235,0.9087669253373367,0.9363900117657884,2,Transformation Specialists,Transformation Specialists
170,2024,FSFG,First Savings Financial Group Inc,2450.368,31.986,177.115,1880.881,354.376,15.688,1985.146,274.705,13.592,58.062,12.53,17.386,2024,Optimal,0.16697791,0.07522341,0.12110066,0.83302209,0.8600785486990095,0.87889934,0.9087669253373367,0.9363900117657884,3,Network Laggards,Network Laggards
171,2024,FULT,Fulton Financial Corp,32071.81,432.821,3197.325,26129.433,1936.224,154.237,24044.919,4946.042,288.743,960.325,275.731,222.695,2024,Optimal,0.089550308,0.0094779359,0.04951412195,0.910449692,0.9812221038956144,0.95048587805,0.9087669253373367,0.9363900117657884,1,Network Leaders,Network Leaders
172,2024,FUNC,First United Corp,1973.022,28.029,179.295,1574.829,187.722,8.992,1480.351,275.759,20.569,59.978,19.825,11.713,2024,Optimal,0.14066005,0.10009919,0.12037962,0.85933995,0.8180178825511181,0.87962038,0.9087669253373367,0.9363900117657884,3,Network Laggards,Network Laggards
173,2024,FUSB,First US Bancshares Inc,1101.086,15.46,98.624,972.557,22.844,3.002,823.039,169.826,8.17,36.149,3.583,5.458,2024,Optimal,0.055945007,0.11693702,0.0864410135,0.944054993,0.7906112557716102,0.9135589865,0.9087669253373367,0.9363900117657884,4,Funding-Rich Underperformers,Funding-Rich Underperformers
174,2024,FVCB,FVCBankcorp Inc,2198.95,18.752,235.354,1870.605,76.333,1.829,1870.235,164.926,15.064,55.589,2.534,12.86,2024,Optimal,0.058901797,0.0,0.0294508985,0.941098203,1.0,0.9705491015,0.9087669253373367,0.9363900117657884,1,Network Leaders,Network Leaders
175,2024,FXNC,First National Corp/VA,2010.281,25.134,166.531,1803.778,32.476,6.763,1466.595,277.329,6.966,52.452,16.38,7.024,2024,Optimal,0.025335291,0.14250292,0.0839191055,0.974664709,0.7505425719174529,0.9160808945,0.9087669253373367,0.9363900117657884,4,Funding-Rich Underperformers,Funding-Rich Underperformers
176,2024,GABC,German American Bancorp Inc,6295.91,82.257,715.067,5329.075,214.615,9.191,4124.902,1532.063,83.811,190.591,62.66,11.122,2024,Optimal,0.068725743,0.046627629,0.057676686,0.931274257,0.9108992965443682,0.942323314,0.9087669253373367,0.9363900117657884,4,Funding-Rich Underperformers,Funding-Rich Underperformers
177,2024,GBCI,Glacier Bancorp Inc,27902.987,336.906,3223.854,20546.994,3815.2,25.631,17261.849,7639.721,190.144,704.632,128.446,27.786,2024,Optimal,0.17715023,0.0,0.088575115,0.82284977,1.0,0.911424885,0.9087669253373367,0.9363900117657884,2,Transformation Specialists,Transformation Specialists
178,2024,GCBC,Greene County Bancorp Inc,2825.788,23.836,206.0,2389.222,201.296,5.76,1499.473,1047.979,24.769,50.979,13.908,3.728,2024,Optimal,0.053551717,0.064438183,0.05899495,0.946448283,0.8789254575246668,0.94100505,0.9087669253373367,0.9363900117657884,4,Funding-Rich Underperformers,Funding-Rich Underperformers
179,2024,GLBZ,Glen Burnie Bancorp,358.956,6.58,17.817,309.189,30.064,0.527,205.219,109.62,-0.112,10.941,1.157,0.36,2024,Optimal,0.048819949,0.14937735,0.0990986495,0.951180051,0.740072570596593,0.9009013505,0.9087669253373367,0.9363900117657884,4,Funding-Rich Underperformers,Funding-Rich Underperformers
180,2024,GNTY,Guaranty Bancshares Inc,3115.554,46.794,319.074,2692.167,85.293,5.826,2130.855,675.036,31.537,97.879,20.737,4.935,2024,Optimal,0.062364952,0.0629931,0.062679026,0.937635048,0.8814797574885482,0.937320974,0.9087669253373367,0.9363900117657884,4,Funding-Rich Underperformers,Funding-Rich Underperformers
181,2024,GSBC,Great Southern Bancorp Inc,5981.628,78.599,599.568,4605.549,685.962,11.771,4755.153,749.198,61.807,189.143,30.565,9.566,2024,Optimal,0.15414776,0.014087237,0.0841174985,0.84585224,0.9722169129321168,0.9158825015,0.9087669253373367,0.9363900117657884,2,Transformation Specialists,Transformation Specialists
182,2024,HAFC,Hanmi Financial Corp,7677.925,83.368,732.174,6435.776,432.938,15.591,6251.377,922.183,62.201,202.774,31.585,14.389,2024,Optimal,0.063098717,0.00061864173,0.0318586793649999,0.936901283,0.9987634815019428,0.968141320635,0.9087669253373367,0.9363900117657884,1,Network Leaders,Network Leaders
183,2024,HARL,Harleysville Financial Corp,862.988,9.503,86.686,665.387,104.967,3.025,683.964,139.579,8.86,25.318,2.591,2.202,2024,Optimal,0.15495334,0.029143974,0.0920486569999999,0.84504666,0.9433626883384928,0.907951343,0.9087669253373367,0.9363900117657884,2,Transformation Specialists,Transformation Specialists
184,2024,HBAN,Huntington Bancshares Inc,204230.0,2701.0,19782.0,162448.0,16953.0,711.0,124588.0,44464.0,1940.0,5345.0,2040.0,822.0,2024,Optimal,0.0097398494,0.0,0.0048699247,0.9902601506,1.0,0.9951300753,0.9087669253373367,0.9363900117657884,1,Network Leaders,Network Leaders
185,2024,HBC2,HSBC USA Inc,170731.0,567.0,12489.0,123350.0,28069.0,610.0,62753.0,42735.0,825.0,1767.0,2030.0,879.0,2024,Optimal,0.0,0.0,0.0,1.0,1.0,1.0,0.9087669253373367,0.9363900117657884,1,Network Leaders,Network Leaders
186,2024,HBCP,Home Bancorp Inc,3443.668,51.33,396.088,2780.696,246.281,10.389,2718.185,403.857,36.427,120.262,14.625,15.608,2024,Optimal,0.12306555,0.06262229,0.09284392,0.87693445,0.8821363139295714,0.90715608,0.9087669253373367,0.9363900117657884,3,Network Laggards,Network Laggards
187,2024,HBIA,Hills Bancorporation,4588.242,44.548,540.944,3346.133,675.656,40.344,3438.461,972.16,47.604,115.823,26.821,34.53,2024,Optimal,0.18626973,0.0,0.093134865,0.81373027,1.0,0.906865135,0.9087669253373367,0.9363900117657884,2,Transformation Specialists,Transformation Specialists
188,2024,HBNC,Horizon Bancorp Inc,7801.146,88.244,763.582,5600.652,1345.467,21.78,4847.04,2155.193,35.429,188.604,2.971,27.382,2024,Optimal,0.20106268,0.043010702,0.122036691,0.7989373200000001,0.9175258663836798,0.877963309,0.9087669253373367,0.9363900117657884,3,Network Laggards,Network Laggards
189,2024,HBT,HBT Financial Inc,5032.902,76.441,544.605,4318.254,134.602,8.709,3466.146,1208.937,71.78,188.85,35.571,8.023,2024,Optimal,0.062754884,0.01759756,0.040176222,0.937245116,0.965413517697507,0.959823778,0.9087669253373367,0.9363900117657884,1,Network Leaders,Network Leaders
190,2024,HFBK,Harford Bank (Alberdeen MD),713.432,9.645,65.032,643.357,1.305,6.522,499.547,101.109,6.964,22.804,2.028,6.619,2024,Optimal,0.024961788,0.0,0.012480894,0.975038212,1.0,0.987519106,0.9087669253373367,0.9363900117657884,1,Network Leaders,Network Leaders
191,2024,HFBL,Home Federal Bancorp/LA,637.512,9.524,52.803,574.007,7.861,1.596,475.426,95.953,3.593,18.951,1.584,1.937,2024,Optimal,0.031336887,0.11186846,0.0716026735,0.968663113,0.7987739305061321,0.9283973265,0.9087669253373367,0.9363900117657884,4,Funding-Rich Underperformers,Funding-Rich Underperformers
192,2024,HFWA,Heritage Financial Corp,7106.278,98.527,863.527,5684.613,429.978,5.761,4802.123,1489.217,43.258,209.364,7.473,5.274,2024,Optimal,0.12188545,0.015458051,0.0686717505,0.87811455,0.9695545256945332,0.9313282495,0.9087669253373367,0.9363900117657884,2,Transformation Specialists,Transformation Specialists
193,2024,HIFS,Hingham Institution for Savings,4457.771,16.91,431.755,2492.095,1497.741,1.477,3900.642,180.859,28.191,44.374,21.479,1.521,2024,Optimal,0.23118823,0.0,0.115594115,0.76881177,1.0,0.8844058850000001,0.9087669253373367,0.9363900117657884,2,Transformation Specialists,Transformation Specialists
194,2024,HLFN,Home Loan Financial Corp,330.606,4.762,38.936,244.916,42.805,0.984,297.756,13.597,5.478,13.694,1.375,0.515,2024,Optimal,0.15995226,0.0,0.07997613,0.8400477399999999,1.0,0.92002387,0.9087669253373367,0.9363900117657884,2,Transformation Specialists,Transformation Specialists
195,2024,HNVR,Hanover Bancorp Inc,2312.11,25.6,196.638,1954.283,141.519,15.061,1985.524,95.398,12.346,53.092,15.339,16.368,2024,Optimal,0.075881132,0.08943049,0.082655811,0.924118868,0.8358215768313956,0.917344189,0.9087669253373367,0.9363900117657884,4,Funding-Rich Underperformers,Funding-Rich Underperformers
196,2024,HOMB,Home Bancshares Inc,22490.748,241.022,3961.025,17146.297,1247.537,95.372,14764.5,4347.843,402.241,848.774,168.574,142.357,2024,Optimal,0.14043474,0.0056543047,0.07304452235,0.85956526,0.988754973406718,0.92695547765,0.9087669253373367,0.9363900117657884,2,Transformation Specialists,Transformation Specialists
197,2024,HONE,HarborOne Bancorp Inc,5753.133,74.016,575.011,4550.753,539.238,17.582,4852.499,306.808,27.407,125.652,46.917,29.473,2024,Optimal,0.13031108,0.032789429,0.0815502545,0.86968892,0.9365031669006364,0.9184497455,0.9087669253373367,0.9363900117657884,2,Transformation Specialists,Transformation Specialists
198,2024,HONT,Honat Bancorp Inc,1042.585,15.361,133.572,891.415,1.078,1.15,781.634,180.453,13.001,36.186,5.455,1.372,2024,Optimal,0.088344373,0.0,0.0441721865,0.911655627,1.0,0.9558278135,0.9087669253373367,0.9363900117657884,1,Network Leaders,Network Leaders
199,2024,HOPE,Hope Bancorp Inc,17054.008,177.86,2134.505,14327.489,392.643,45.528,13618.272,2132.824,99.63,427.851,47.077,90.793,2024,Optimal,0.050906875,0.0,0.0254534375,0.949093125,1.0,0.9745465625,0.9087669253373367,0.9363900117657884,1,Network Leaders,Network Leaders
200,2024,HTB,HomeTrust Bancshares Inc,4595.43,67.9,551.758,3779.203,207.677,8.315,3648.299,180.758,54.805,168.675,33.449,27.667,2024,Optimal,0.10312366,0.0,0.05156183,0.8968763399999999,1.0,0.94843817,0.9087669253373367,0.9363900117657884,2,Transformation Specialists,Transformation Specialists
201,2024,HTBK,Heritage Commerce Corp,5645.006,63.952,689.727,4820.031,70.219,7.707,3491.937,878.846,40.528,163.648,8.748,7.667,2024,Optimal,0.051769312,0.17589012,0.113829716,0.948230688,0.7008391906549908,0.886170284,0.9087669253373367,0.9363900117657884,4,Funding-Rich Underperformers,Funding-Rich Underperformers
202,2024,HWBK,Hawthorn Bancshares Inc,1825.185,26.578,149.547,1533.182,132.689,14.107,1466.16,223.801,18.256,58.593,14.316,6.196,2024,Optimal,0.09731322,0.036924096,0.067118658,0.90268678,0.9287814872034762,0.932881342,0.9087669253373367,0.9363900117657884,3,Network Laggards,Network Laggards
203,2024,HWC,Hancock Whitney Corp,35081.785,469.377,4127.636,29492.851,967.376,62.664,23299.447,7609.112,460.815,1081.921,364.129,125.132,2024,Optimal,0.059198566,0.0,0.029599283,0.940801434,1.0,0.970400717,0.9087669253373367,0.9363900117657884,1,Network Leaders,Network Leaders
204,2024,IBCP,Independent Bank Corp,5338.104,84.955,454.686,4654.088,130.729,5.801,4038.825,914.717,66.79,166.248,56.362,6.94,2024,Optimal,0.046800398,0.0055474283,0.02617391315,0.953199602,0.9889663517724298,0.97382608685,0.9087669253373367,0.9363900117657884,1,Network Leaders,Network Leaders
205,2024,IBOC,International Bancshares Corp,15738.852,145.944,2796.707,12111.844,654.731,74.134,8809.826,5354.445,409.167,656.719,176.922,197.687,2024,Optimal,0.1208616,0.0,0.0604308,0.8791384,1.0,0.9395692,0.9087669253373367,0.9363900117657884,2,Transformation Specialists,Transformation Specialists
206,2024,INBC,InBankshares Corp,1315.519,22.134,132.097,1129.209,47.297,2.53,914.508,303.027,10.243,44.531,10.71,11.574,2024,Optimal,0.093038772,0.03916097,0.066099871,0.906961228,0.9246296365422578,0.933900129,0.9087669253373367,0.9363900117657884,3,Network Laggards,Network Laggards
207,2024,INBK,First Internet Bancorp,5737.859,51.756,384.063,4933.206,400.15,10.354,4170.646,865.501,25.276,87.377,47.345,28.905,2024,Optimal,0.016673533,0.11715637,0.0669149515,0.983326467,0.7902596751070756,0.9330850485,0.9087669253373367,0.9363900117657884,4,Funding-Rich Underperformers,Funding-Rich Underperformers
208,2024,INDB,Independent Bank Corp,19373.565,233.653,2993.12,15305.978,757.905,54.493,14508.378,2738.677,192.081,561.729,128.014,101.529,2024,Optimal,0.11809537,0.0,0.059047685,0.88190463,1.0,0.940952315,0.9087669253373367,0.9363900117657884,2,Transformation Specialists,Transformation Specialists
209,2024,IROQ,IF Bancorp Inc,887.745,12.012,73.916,727.177,76.021,0.148,646.796,194.974,1.79,17.729,4.386,0.173,2024,Optimal,0.11696371,0.0,0.058481855,0.88303629,1.0,0.941518145,0.9087669253373367,0.9363900117657884,2,Transformation Specialists,Transformation Specialists
210,2024,ISBA,Isabella Bank Corp,2086.241,28.576,210.276,1747.06,112.991,1.487,1423.571,501.791,13.889,55.835,14.576,0.845,2024,Optimal,0.094618907,0.019593188,0.0571060475,0.905381093,0.9615666557395636,0.9428939525,0.9087669253373367,0.9363900117657884,2,Transformation Specialists,Transformation Specialists
211,2024,ISTR,Investar Holding Corp,2722.812,38.615,241.296,2345.944,103.121,10.238,2125.084,392.903,20.252,69.753,14.205,14.044,2024,Optimal,0.06454102,0.076641675,0.0705913475,0.93545898,0.857628258724055,0.9294086525,0.9087669253373367,0.9363900117657884,4,Funding-Rich Underperformers,Funding-Rich Underperformers
212,2024,JDVB,JD Bancshares Inc,1196.69,21.338,82.503,1026.877,80.454,12.134,726.031,350.162,13.633,43.819,11.144,7.614,2024,Optimal,0.098410784,0.072029107,0.0852199455,0.901589216,0.8656209863525655,0.9147800545,0.9087669253373367,0.9363900117657884,3,Network Laggards,Network Laggards
213,2024,JFBC,Jeffersonville Bancorp,629.248,10.16,91.165,530.578,0.263,2.817,339.732,186.142,11.33,27.305,3.766,1.718,2024,Optimal,0.095310595,0.0,0.0476552975,0.904689405,1.0,0.9523447025,0.9087669253373367,0.9363900117657884,2,Transformation Specialists,Transformation Specialists
214,2024,JPM,JPMorgan Chase & Co,4002814.0,51357.0,344758.0,2406032.0,760046.0,7597.0,1340940.0,900866.0,58471.0,92583.0,84973.0,9300.0,2024,Optimal,0.0,0.0,0.0,1.0,1.0,1.0,0.9087669253373367,0.9363900117657884,1,Network Leaders,Network Leaders
215,2024,JUVF,Juniata Valley Financial Corp,848.874,11.47,47.457,747.957,47.505,4.952,533.869,259.969,6.229,22.929,5.825,0.496,2024,Optimal,0.050628274,0.0,0.025314137,0.949371726,1.0,0.974685863,0.9087669253373367,0.9363900117657884,1,Network Leaders,Network Leaders
216,2024,KEY,KeyCorp,187168.0,2714.0,18176.0,149760.0,14755.0,591.0,101524.0,46143.0,-161.0,3765.0,809.0,772.0,2024,Optimal,0.0097294055,0.0026397733,0.0061845894,0.9902705945,0.9947343535130037,0.9938154106,0.9087669253373367,0.9363900117657884,1,Network Leaders,Network Leaders
217,2024,KFFB,Kentucky First Federal Bancorp,374.968,4.989,47.997,256.139,68.988,4.771,335.152,14.091,-1.721,6.994,0.251,3.906,2024,Optimal,0.22606949,0.0,0.113034745,0.77393051,1.0,0.886965255,0.9087669253373367,0.9363900117657884,2,Transformation Specialists,Transformation Specialists
218,2024,KISB,Kish Bancorp Inc,1692.55,25.518,106.111,1298.07,257.846,0.56,1424.0,171.442,14.52,49.03,12.523,0.722,2024,Optimal,0.18116013,0.0,0.090580065,0.81883987,1.0,0.909419935,0.9087669253373367,0.9363900117657884,2,Transformation Specialists,Transformation Specialists
219,2024,KRNY,Kearny Financial Corp,7683.461,69.22,753.571,5158.123,1725.111,55.583,5732.787,1288.875,-86.667,142.594,-1.993,39.882,2024,Optimal,0.23876713,0.010181626,0.124474378,0.76123287,0.9798419893255907,0.8755256220000001,0.9087669253373367,0.9363900117657884,2,Transformation Specialists,Transformation Specialists
220,2024,KSBI,KS Bancorp Inc,690.849,10.066,45.303,618.156,22.392,0.892,558.779,96.415,6.157,22.202,3.488,0.782,2024,Optimal,0.037303868,0.030684008,0.033993938,0.962696132,0.9404589422910692,0.966006062,0.9087669253373367,0.9363900117657884,1,Network Leaders,Network Leaders
221,2024,LARK,Landmark Bancorp Inc,1574.142,23.103,136.215,1328.766,88.505,3.319,1052.046,382.802,13.003,45.724,14.744,13.282,2024,Optimal,0.096903224,0.07253973,0.0847214769999999,0.903096776,0.8647327871015091,0.915278523,0.9087669253373367,0.9363900117657884,3,Network Laggards,Network Laggards
222,2024,LCNB,LCNB Corp,2307.394,35.17,253.036,1878.292,161.268,0.152,1721.812,306.795,13.492,60.795,20.404,4.618,2024,Optimal,0.12299783,0.0,0.061498915,0.87700217,1.0,0.938501085,0.9087669253373367,0.9363900117657884,2,Transformation Specialists,Transformation Specialists
223,2024,LFGP,Ledyard Financial Group Inc,950.467,18.09,56.537,807.763,74.299,1.295,579.723,270.664,3.261,18.498,16.079,1.254,2024,Optimal,0.10548408,0.11991514,0.11269961,0.89451592,0.7858495957113322,0.88730039,0.9087669253373367,0.9363900117657884,3,Network Laggards,Network Laggards
224,2024,LKFN,Lakeland Financial Corp,6678.374,66.728,683.911,5900.966,6.777,16.096,5117.948,1144.414,93.478,196.679,56.844,56.886,2024,Optimal,0.0059180684,0.0,0.0029590342,0.9940819316,1.0,0.9970409658,0.9087669253373367,0.9363900117657884,1,Network Leaders,Network Leaders
225,2024,LOB,Live Oak Bancshares Inc,12943.38,183.268,1003.496,11760.494,115.588,141.444,10233.374,1256.003,77.474,375.905,123.781,306.241,2024,Optimal,0.0,0.0,0.0,1.0,1.0,1.0,0.9087669253373367,0.9363900117657884,1,Network Leaders,Network Leaders
226,2024,LSBK,Lake Shore Bancorp Inc,685.504,11.452,89.868,572.978,11.572,3.381,549.72,57.652,4.931,21.063,3.304,3.804,2024,Optimal,0.10739235,0.0522347,0.079813525,0.89260765,0.9007166366971171,0.920186475,0.9087669253373367,0.9363900117657884,3,Network Laggards,Network Laggards
227,2024,MBCN,Middlefield Banc Corp,1853.359,24.641,210.562,1445.693,184.466,10.877,1519.614,166.657,15.519,60.68,7.213,29.984,2024,Optimal,0.15956586,0.0,0.07978293,0.8404341399999999,1.0,0.92021707,0.9087669253373367,0.9363900117657884,2,Transformation Specialists,Transformation Specialists
228,2024,MBIN,Merchants Bancorp,18805.732,130.723,2243.31,11919.976,4395.425,82.015,10438.388,2862.54,320.386,522.62,148.112,287.931,2024,Optimal,0.24967867,0.0,0.124839335,0.75032133,1.0,0.875160665,0.9087669253373367,0.9363900117657884,2,Transformation Specialists,Transformation Specialists
229,2024,MBKL,MBT Bancshares Inc,612.276,9.689,44.423,529.148,35.498,2.177,450.262,129.016,5.94,20.923,4.289,2.032,2024,Optimal,0.071896428,0.089283263,0.0805898455,0.928103572,0.8360697055895184,0.9194101545,0.9087669253373367,0.9363900117657884,4,Funding-Rich Underperformers,Funding-Rich Underperformers
230,2024,MBWM,Mercantile Bank Corp,6052.161,77.924,584.526,4698.366,652.666,3.615,4600.781,751.865,79.593,191.086,40.389,5.743,2024,Optimal,0.14626053,0.0,0.073130265,0.8537394700000001,1.0,0.926869735,0.9087669253373367,0.9363900117657884,2,Transformation Specialists,Transformation Specialists
231,2024,MCB,Metropolitan Bank Holding Corp,7300.749,77.859,729.827,5982.973,529.971,51.897,6034.076,946.387,66.686,253.084,23.829,32.6,2024,Optimal,0.083653806,0.0,0.041826903,0.916346194,1.0,0.958173097,0.9087669253373367,0.9363900117657884,1,Network Leaders,Network Leaders
232,2024,MCBK,Madison County Financial Inc,622.248,5.961,95.183,459.462,60.3,0.82,469.665,119.889,3.817,11.393,2.484,0.745,2024,Optimal,0.16661867,0.0,0.083309335,0.83338133,1.0,0.916690665,0.9087669253373367,0.9363900117657884,2,Transformation Specialists,Transformation Specialists
233,2024,MCBS,Metrocity Bankshares Inc,3594.045,33.207,421.353,2736.798,382.94,38.381,3157.935,47.942,64.504,118.146,23.063,18.437,2024,Optimal,0.15119836,0.0,0.07559918,0.84880164,1.0,0.92440082,0.9087669253373367,0.9363900117657884,2,Transformation Specialists,Transformation Specialists
234,2024,MCHB,Mechanics Bancorp,16490.112,191.173,2301.868,13941.804,56.094,56.047,9643.497,4522.995,28.999,519.169,-139.12,26.293,2024,Optimal,0.053922254,0.0,0.026961127,0.946077746,1.0,0.973038873,0.9087669253373367,0.9363900117657884,1,Network Leaders,Network Leaders
235,2024,MFBP,M&F Bancorp Inc,525.006,9.501,128.073,390.764,1.156,0.805,284.027,180.847,4.77,19.728,4.435,2.206,2024,Optimal,0.19110255,0.0,0.095551275,0.80889745,1.0,0.904448725,0.9087669253373367,0.9363900117657884,2,Transformation Specialists,Transformation Specialists
236,2024,MFGI,Merchants Financial Group Inc,2782.107,41.146,275.72,2423.758,55.311,10.587,2114.775,324.603,18.539,80.697,31.729,13.462,2024,Optimal,0.055499071,0.10148637,0.0784927205,0.944500929,0.8157283235379481,0.9215072795,0.9087669253373367,0.9363900117657884,4,Funding-Rich Underperformers,Funding-Rich Underperformers
237,2024,MGYR,Magyar Bancorp Inc,951.918,11.823,110.548,796.674,30.981,5.412,780.162,97.781,7.783,27.974,3.613,3.957,2024,Optimal,0.093816652,0.042451935,0.0681342935,0.906183348,0.9185536837245162,0.9318657065,0.9087669253373367,0.9363900117657884,3,Network Laggards,Network Laggards
238,2024,MNSB,MainStreet Bancshares Inc,2228.098,30.475,207.991,1907.794,79.513,1.004,1830.006,102.448,-9.98,62.574,3.252,21.65,2024,Optimal,0.072418035,0.0,0.0362090175,0.927581965,1.0,0.9637909825,0.9087669253373367,0.9363900117657884,1,Network Leaders,Network Leaders
239,2024,MOFG,MidWestOne Financial Group Inc,6236.329,82.228,559.696,5477.982,118.741,30.288,4315.627,1333.589,-60.289,157.537,-88.247,25.184,2024,Optimal,0.033834273,0.04985519,0.0418447314999999,0.966165727,0.9050246348736914,0.9581552685,0.9087669253373367,0.9363900117657884,4,Funding-Rich Underperformers,Funding-Rich Underperformers
240,2024,MPB,Mid Penn Bancorp Inc,5470.936,64.098,655.018,4689.927,79.436,14.509,4443.07,650.813,49.437,156.671,22.493,22.654,2024,Optimal,0.050653079,0.0044258912,0.0275394850999999,0.949346921,0.9911872219966128,0.9724605149,0.9087669253373367,0.9363900117657884,1,Network Leaders,Network Leaders
241,2024,MRBK,Meridian Corp,2385.867,47.268,171.522,2005.368,181.24,35.466,2030.437,217.914,16.346,70.996,41.339,45.284,2024,Optimal,0.094458024,0.018434128,0.056446076,0.905541976,0.9637990764582862,0.943553924,0.9087669253373367,0.9363900117657884,2,Transformation Specialists,Transformation Specialists
242,2024,MSBC,Mission Bancorp/CA,1875.856,21.236,189.486,1649.325,24.675,0.35,1290.802,244.922,30.142,71.132,7.228,1.062,2024,Optimal,0.043140617,0.0,0.0215703085,0.956859383,1.0,0.9784296915,0.9087669253373367,0.9363900117657884,1,Network Leaders,Network Leaders
243,2024,MSBI,Midland States Bancorp Inc,7506.809,93.639,710.847,6197.243,484.565,67.701,5167.574,1246.089,38.044,236.346,138.741,157.409,2024,Optimal,0.086774433,0.0,0.0433872165,0.913225567,1.0,0.9566127835,0.9087669253373367,0.9363900117657884,1,Network Leaders,Network Leaders
244,2024,MTB,M&T Bank Corp,208105.0,3162.0,29027.0,161095.0,14342.0,2205.0,132914.0,34051.0,2588.0,6852.0,2427.0,1725.0,2024,Optimal,0.041183741,0.0,0.0205918705,0.958816259,1.0,0.9794081295,0.9087669253373367,0.9363900117657884,1,Network Leaders,Network Leaders
245,2024,MVBF,MVB Financial Corp,3128.704,67.955,305.791,2693.615,104.623,9.092,2100.131,454.223,20.091,109.198,42.913,27.434,2024,Optimal,0.066303499,0.14500469,0.1056540944999999,0.933696501,0.7467177361518057,0.8943459055,0.9087669253373367,0.9363900117657884,4,Funding-Rich Underperformers,Funding-Rich Underperformers
246,2024,MYFW,First Western Financial Inc,2919.037,45.04,252.322,2514.209,130.562,50.816,2425.565,81.588,8.473,64.324,27.68,48.681,2024,Optimal,0.067174325,0.089412872,0.0782935985,0.932825675,0.8358512657632706,0.9217064015,0.9087669253373367,0.9363900117657884,4,Funding-Rich Underperformers,Funding-Rich Underperformers
247,2024,NASB,NASB Financial Inc,2860.399,30.347,413.204,1729.642,687.649,23.424,2135.851,362.668,28.257,77.939,6.103,23.739,2024,Optimal,0.33961455,0.0,0.169807275,0.6603854499999999,1.0,0.830192725,0.9087669253373367,0.9363900117657884,2,Transformation Specialists,Transformation Specialists
248,2024,NBHC,National Bank Holdings Corp,9807.693,146.243,1305.075,8237.893,152.344,32.316,7751.143,1137.117,118.815,345.388,61.231,36.656,2024,Optimal,0.077290105,0.0,0.0386450525,0.922709895,1.0,0.9613549475,0.9087669253373367,0.9363900117657884,1,Network Leaders,Network Leaders
249,2024,NBN,Northeast Bank,3132.203,41.613,376.634,2339.463,365.442,15.683,2746.651,71.742,58.231,148.572,5.88,28.261,2024,Optimal,0.18667444,0.0,0.09333722,0.81332556,1.0,0.90666278,0.9087669253373367,0.9363900117657884,2,Transformation Specialists,Transformation Specialists
250,2024,NBTB,NBT Bancorp Inc,13786.666,232.487,1526.141,11546.761,445.326,37.874,9969.91,2493.914,140.641,400.122,176.824,51.799,2024,Optimal,0.078302966,0.010862341,0.0445826535,0.921697034,0.9785087631432496,0.9554173465,0.9087669253373367,0.9363900117657884,1,Network Leaders,Network Leaders
251,2024,NECB,Northeast Community Bancorp Inc,2009.581,20.942,318.341,1670.375,4.717,5.841,1812.598,37.007,47.074,102.792,2.783,5.12,2024,Optimal,0.092401496,0.0,0.046200748,0.907598504,1.0,0.953799252,0.9087669253373367,0.9363900117657884,2,Transformation Specialists,Transformation Specialists
252,2024,NEFB,Neffs Bancorp Inc,457.47,4.574,67.272,368.521,18.4,0.161,238.636,208.169,2.243,9.816,0.334,0.116,2024,Optimal,0.082086202,0.0,0.041043101,0.917913798,1.0,0.958956899,0.9087669253373367,0.9363900117657884,1,Network Leaders,Network Leaders
253,2024,NFBK,Northfield Bancorp Inc,5666.378,49.338,704.696,4138.477,760.053,11.433,4022.224,1160.275,29.945,114.485,16.822,20.347,2024,Optimal,0.17267777,0.025553812,0.099115791,0.82732223,0.95016582903599,0.900884209,0.9087669253373367,0.9363900117657884,2,Transformation Specialists,Transformation Specialists
254,2024,NIC,Nicolet Bankshares Inc,8796.795,108.414,1172.898,7403.684,170.285,27.892,6626.584,867.56,124.059,268.065,82.267,29.112,2024,Optimal,0.066456821,0.039043933,0.052750377,0.933543179,0.9248464251414864,0.947249623,0.9087669253373367,0.9363900117657884,4,Funding-Rich Underperformers,Funding-Rich Underperformers
255,2024,NIDB,Northeast Indiana Bancorp Inc,522.324,6.459,48.277,428.94,41.0,6.941,397.334,89.227,4.306,15.167,3.569,5.959,2024,Optimal,0.094907271,0.063252518,0.0790798945,0.905092729,0.8810207040581868,0.9209201055,0.9087669253373367,0.9363900117657884,3,Network Laggards,Network Laggards
256,2024,NKSH,National Bankshares Inc,1811.636,19.214,156.409,1644.752,1.523,2.629,987.95,603.746,7.623,36.397,8.96,2.222,2024,Optimal,0.0096637515,0.0,0.00483187575,0.9903362485,1.0,0.99516812425,0.9087669253373367,0.9363900117657884,1,Network Leaders,Network Leaders
257,2024,NRIM,Northrim BanCorp Inc,3041.869,67.847,267.116,2680.189,40.842,5.81,2129.263,529.417,36.971,113.183,42.041,11.598,2024,Optimal,0.044528386,0.073450784,0.058989585,0.955471614,0.8631501600356556,0.941010415,0.9087669253373367,0.9363900117657884,4,Funding-Rich Underperformers,Funding-Rich Underperformers
258,2024,NTRS,Northern Trust Corp,155508.4,2888.9,12788.4,122482.7,16642.3,65.1,43390.6,51291.7,2031.1,2177.1,6113.3,56.0,2024,Optimal,0.036826622,0.0,0.018413311,0.963173378,1.0,0.981586689,0.9087669253373367,0.9363900117657884,1,Network Leaders,Network Leaders
259,2024,NWBI,Northwest Bancshares Inc,14408.224,214.455,1596.856,12144.554,494.676,97.186,11180.014,1880.536,100.278,435.578,87.01,78.194,2024,Optimal,0.071510222,0.016259082,0.0438846519999999,0.928489778,0.9680020926002412,0.956115348,0.9087669253373367,0.9363900117657884,1,Network Leaders,Network Leaders
260,2024,NWFL,Norwood Financial Corp.,2317.462,25.018,213.508,1859.163,218.753,7.719,1713.638,411.212,-0.16,62.191,-11.151,7.874,2024,Optimal,0.12299504,0.072792189,0.0978936145,0.8770049600000001,0.864293961595949,0.9021063855,0.9087669253373367,0.9363900117657884,3,Network Laggards,Network Laggards
261,2024,NWPP,New Peoples Bankshares Inc,854.925,14.508,70.741,749.982,28.399,3.691,657.536,95.984,8.204,28.521,11.254,3.387,2024,Optimal,0.073003543,0.11161849,0.0923110165,0.926996457,0.7991784213664889,0.9076889835,0.9087669253373367,0.9363900117657884,4,Funding-Rich Underperformers,Funding-Rich Underperformers
262,2024,OBK,Origin Bancorp Inc,9678.702,148.823,1145.245,8223.12,230.334,34.044,7573.713,1191.778,76.492,300.366,55.379,78.637,2024,Optimal,0.066680019,0.029491,0.0480855095,0.933319981,0.942707609877114,0.9519144905,0.9087669253373367,0.9363900117657884,1,Network Leaders,Network Leaders
263,2024,OBT,Orange County Bancorp Inc,2509.927,36.413,185.531,2153.359,146.786,4.427,1815.751,453.491,27.883,91.766,15.972,6.299,2024,Optimal,0.070924328,0.092236728,0.081580528,0.929075672,0.8311048774767075,0.918419472,0.9087669253373367,0.9363900117657884,4,Funding-Rich Underperformers,Funding-Rich Underperformers
264,2024,OCFC,OceanFirst Financial Corp.,13421.247,138.341,1702.757,10066.342,1349.259,29.548,10129.036,2066.113,100.065,334.035,50.187,37.338,2024,Optimal,0.15382353,0.011649571,0.0827365505,0.84617647,0.9769691574356434,0.9172634495,0.9087669253373367,0.9363900117657884,2,Transformation Specialists,Transformation Specialists
265,2024,OFED,Oconee Federal Financial Corp,665.603,6.653,78.771,526.987,55.95,1.124,473.004,133.572,6.255,12.302,6.632,1.178,2024,Optimal,0.11724096,0.062076529,0.0896587445,0.88275904,0.8831034726688701,0.9103412555,0.9087669253373367,0.9363900117657884,3,Network Laggards,Network Laggards
266,2024,OFG,OFG Bancorp,11500.734,159.71,1254.371,9604.786,422.562,100.021,7791.962,2720.259,198.17,588.44,123.249,93.58,2024,Optimal,0.080523956,0.0,0.040261978,0.919476044,1.0,0.959738022,0.9087669253373367,0.9363900117657884,1,Network Leaders,Network Leaders
267,2024,ONB,Old National Bancorp,53552.272,603.095,6340.35,40823.56,5611.605,284.255,36165.287,10884.041,539.188,1530.783,354.697,452.273,2024,Optimal,0.14248882,0.0,0.07124441,0.85751118,1.0,0.92875559,0.9087669253373367,0.9363900117657884,2,Transformation Specialists,Transformation Specialists
268,2024,OPBK,OP Bancorp,2366.013,31.717,204.993,2027.285,102.857,8.082,1956.852,202.346,21.069,65.608,16.427,25.357,2024,Optimal,0.069787031,0.036310405,0.0530487179999999,0.930212969,0.9299236892251408,0.946951282,0.9087669253373367,0.9363900117657884,4,Funding-Rich Underperformers,Funding-Rich Underperformers
269,2024,ORBN,Oregon Bancorp Inc,470.024,14.862,73.479,332.869,57.092,0.443,300.985,101.009,3.378,15.741,12.193,0.958,2024,Optimal,0.22217517,0.0,0.111087585,0.77782483,1.0,0.888912415,0.9087669253373367,0.9363900117657884,2,Transformation Specialists,Transformation Specialists
270,2024,ORPB,Oregon Pacific Bancorp,776.449,14.337,65.291,676.618,28.312,0.443,571.565,157.192,7.521,26.936,7.94,0.798,2024,Optimal,0.077364639,0.0,0.0386823195,0.922635361,1.0,0.9613176805,0.9087669253373367,0.9363900117657884,1,Network Leaders,Network Leaders
271,2024,ORRF,Orrstown Financial Services Inc,5441.589,76.581,516.682,4623.096,224.177,25.527,3931.214,849.943,22.05,155.254,37.435,24.249,2024,Optimal,0.069521278,0.10740771,0.088464494,0.930478722,0.806019573405354,0.911535506,0.9087669253373367,0.9363900117657884,4,Funding-Rich Underperformers,Funding-Rich Underperformers
272,2024,OSBC,Old Second Bancorp Inc,5649.377,98.025,671.034,4768.731,141.897,73.902,3981.336,1181.142,85.264,241.635,43.819,51.904,2024,Optimal,0.076889395,0.0,0.0384446975,0.923110605,1.0,0.9615553025,0.9087669253373367,0.9363900117657884,1,Network Leaders,Network Leaders
273,2024,OTTW,Ottawa Bancorp Inc,353.651,4.729,40.2,282.808,23.631,4.8,306.018,16.821,0.778,8.932,0.612,4.834,2024,Optimal,0.10215069,0.0,0.051075345,0.89784931,1.0,0.948924655,0.9087669253373367,0.9363900117657884,2,Transformation Specialists,Transformation Specialists
274,2024,OVBC,Ohio Valley Banc Corp.,1503.412,27.782,150.328,1275.178,49.264,2.511,1061.825,280.176,10.999,48.804,13.171,4.933,2024,Optimal,0.099791973,0.071955032,0.0858735025,0.900208027,0.8657499058225421,0.9141264975,0.9087669253373367,0.9363900117657884,3,Network Laggards,Network Laggards
275,2024,OZK,Bank OZK,38258.852,296.016,5706.194,31043.072,947.025,128.397,29968.867,2876.08,716.456,1533.724,124.413,200.875,2024,Optimal,0.044127635,0.0,0.0220638175,0.955872365,1.0,0.9779361825,0.9087669253373367,0.9363900117657884,1,Network Leaders,Network Leaders
276,2024,PB,Prosperity Bancshares Inc,39566.738,352.353,7438.495,28381.338,3463.896,72.667,22138.519,11232.624,479.386,1026.495,165.809,81.541,2024,Optimal,0.17338836,0.0,0.08669418,0.82661164,1.0,0.91330582,0.9087669253373367,0.9363900117657884,2,Transformation Specialists,Transformation Specialists
277,2024,PBBK,PB Bankshares Inc,451.317,5.375,48.658,354.19,43.996,1.421,349.169,53.229,1.772,11.094,1.313,1.122,2024,Optimal,0.12211188,0.088470724,0.105291302,0.8778881199999999,0.8374403242103184,0.894708698,0.9087669253373367,0.9363900117657884,3,Network Laggards,Network Laggards
278,2024,PBCO,PBCO Financial Corp,798.897,12.981,87.62,673.794,28.592,0.939,546.599,133.065,8.089,28.642,4.261,0.944,2024,Optimal,0.10307243,0.089455394,0.096263912,0.89692757,0.835779611551494,0.903736088,0.9087669253373367,0.9363900117657884,3,Network Laggards,Network Laggards
279,2024,PBHC,Pathfinder Bancorp Inc,1474.874,17.81,121.483,1204.524,136.511,17.378,918.986,436.68,3.383,40.989,9.561,22.084,2024,Optimal,0.12010716,0.090916369,0.1055117645,0.87989284,0.8333211021788235,0.8944882355,0.9087669253373367,0.9363900117657884,3,Network Laggards,Network Laggards
280,2024,PCB,PCB Bancorp,3063.971,35.661,363.814,2615.791,33.671,6.474,2629.387,160.391,25.81,88.617,11.093,4.693,2024,Optimal,0.063551761,0.0,0.0317758805,0.936448239,1.0,0.9682241195,0.9087669253373367,0.9363900117657884,1,Network Leaders,Network Leaders
281,2024,PDLB,Ponce Financial Group Inc,3039.938,30.91,505.5,1884.864,626.796,12.726,2309.101,502.09,10.972,76.48,7.213,27.345,2024,Optimal,0.32055332,0.0,0.16027666,0.6794466800000001,1.0,0.83972334,0.9087669253373367,0.9363900117657884,2,Transformation Specialists,Transformation Specialists
282,2024,PEBK,Peoples Bancorp of North Carolina Inc.,1651.962,28.209,130.563,1484.731,19.6,3.887,1138.404,390.731,16.353,54.079,27.715,4.809,2024,Optimal,0.040526352,0.040044548,0.04028545,0.959473648,0.9229945523448868,0.95971455,0.9087669253373367,0.9363900117657884,4,Funding-Rich Underperformers,Funding-Rich Underperformers
283,2024,PEBO,Peoples Bancorp Inc,9254.247,150.041,1111.59,7590.205,442.515,39.367,6358.003,1918.487,117.205,348.701,99.366,48.936,2024,Optimal,0.099469659,0.051997006,0.0757333325,0.900530341,0.9011460950868904,0.9242666675,0.9087669253373367,0.9363900117657884,3,Network Laggards,Network Laggards
284,2024,PFBC,Preferred Bank of Los Angeles,6923.429,53.648,763.152,5916.848,165.459,45.435,5631.381,383.727,130.662,272.628,13.565,52.842,2024,Optimal,0.015351038,0.047996647,0.0316738425,0.984648962,0.908403052362056,0.9683261575,0.9087669253373367,0.9363900117657884,4,Funding-Rich Underperformers,Funding-Rich Underperformers
285,2024,PFIS,Peoples Financial Services Corp,5091.657,45.746,468.95,4407.552,168.292,4.948,3993.505,617.163,8.498,115.989,18.336,23.722,2024,Optimal,0.02095894,0.018378365,0.0196686525,0.97904106,0.9639066075407052,0.9803313475,0.9087669253373367,0.9363900117657884,1,Network Leaders,Network Leaders
286,2024,PFLC,Pacific Financial Corp,1153.563,24.944,113.856,1014.731,17.443,0.664,704.248,306.191,9.532,44.223,6.869,1.094,2024,Optimal,0.076342465,0.021193085,0.048767775,0.923657535,0.9584934811813772,0.951232225,0.9087669253373367,0.9363900117657884,1,Network Leaders,Network Leaders
287,2024,PFS,Provident Financial Services Inc,24051.825,218.341,2601.207,18666.06,2487.269,61.29,18659.37,3228.415,115.525,600.614,94.113,81.534,2024,Optimal,0.10916308,0.017846176,0.063504628,0.89083692,0.9649334517910494,0.936495372,0.9087669253373367,0.9363900117657884,2,Transformation Specialists,Transformation Specialists
288,2024,PGC,Peapack-Gladstone Financial Corp,7011.238,122.325,605.849,6129.022,178.478,61.324,5512.326,911.593,32.988,149.006,79.122,100.168,2024,Optimal,0.04173781,0.033331026,0.037534418,0.95826219,0.935488192725571,0.962465582,0.9087669253373367,0.9363900117657884,4,Funding-Rich Underperformers,Funding-Rich Underperformers
289,2024,PKBK,Parke Bancorp Inc,2142.236,12.768,300.073,1631.05,190.512,8.788,1868.153,23.379,27.512,58.708,4.301,13.335,2024,Optimal,0.060964677,0.011291895,0.036128286,0.939035323,0.9776683763494416,0.963871714,0.9087669253373367,0.9363900117657884,1,Network Leaders,Network Leaders
290,2024,PLBC,Plumas Bancorp,1623.326,21.744,177.9,1371.101,61.832,5.315,1018.571,437.735,28.619,73.691,8.78,4.307,2024,Optimal,0.091659555,0.040611738,0.0661356465,0.908340445,0.9219464157149456,0.9338643535,0.9087669253373367,0.9363900117657884,3,Network Laggards,Network Laggards
291,2024,PNBK,Patriot National Bancorp Inc,1012.292,17.896,4.265,966.597,34.625,21.311,707.472,86.598,-39.882,20.077,8.362,28.714,2024,Optimal,0.0,0.334515,0.1672575,1.0,0.4986718021153752,0.8327424999999999,0.9087669253373367,0.9363900117657884,4,Funding-Rich Underperformers,Funding-Rich Underperformers
292,2024,PNC,The PNC Financial Services Group Inc,560038.0,7302.0,54469.0,426738.0,63543.0,2216.0,309712.0,139732.0,5889.0,13499.0,8056.0,2357.0,2024,Optimal,0.0,0.0,0.0,1.0,1.0,1.0,0.9087669253373367,0.9363900117657884,1,Network Leaders,Network Leaders
293,2024,PNFP,Pinnacle Financial Partners Inc,52589.449,621.031,6431.881,42842.992,2835.203,86.635,35485.776,8381.268,475.056,1365.59,371.178,149.103,2024,Optimal,0.085201299,0.018675215,0.0519382569999999,0.914798701,0.963334309650402,0.948061743,0.9087669253373367,0.9363900117657884,1,Network Leaders,Network Leaders
294,2024,PPBN,Pinnacle Bankshares Corp,1043.994,16.362,78.386,950.919,11.268,1.557,711.108,177.438,9.178,35.448,7.879,1.582,2024,Optimal,0.035046881,0.11590885,0.0754778654999999,0.964953119,0.7922610793883389,0.9245221345,0.9087669253373367,0.9363900117657884,4,Funding-Rich Underperformers,Funding-Rich Underperformers
295,2024,PRK,Park National Corp,9805.35,189.035,1243.848,8143.526,296.588,62.101,7817.128,1100.861,151.42,398.019,122.588,70.87,2024,Optimal,0.087707594,2.1872496e-05,0.043864733248,0.912292406,0.9999562559647912,0.956135266752,0.9087669253373367,0.9363900117657884,1,Network Leaders,Network Leaders
296,2024,PROV,Provident Financial Holdings Inc,1272.2,17.642,129.941,888.348,239.907,1.3,1060.044,142.008,7.351,34.923,3.941,2.596,2024,Optimal,0.25173975,0.0,0.125869875,0.74826025,1.0,0.874130125,0.9087669253373367,0.9363900117657884,2,Transformation Specialists,Transformation Specialists
297,2024,PSBQ,PSB Holdings Inc/WI,1465.956,19.752,116.286,1147.349,187.408,5.94,1090.546,287.441,10.289,38.983,6.07,10.413,2024,Optimal,0.16292765,0.07849206,0.120709855,0.83707235,0.8544410980642732,0.879290145,0.9087669253373367,0.9363900117657884,3,Network Laggards,Network Laggards
298,2024,PVBC,Provident Bancorp Inc,1593.17,29.668,231.087,1308.96,48.425,16.517,1326.595,28.39,7.271,50.491,5.912,20.887,2024,Optimal,0.12707078,0.05162336,0.08934707,0.8729292200000001,0.9018215799238236,0.91065293,0.9087669253373367,0.9363900117657884,3,Network Laggards,Network Laggards
299,2024,PVBK,Pacific Valley Bancorp,655.647,7.578,56.379,579.52,17.818,0.107,485.992,27.7,4.423,17.427,1.478,0.168,2024,Optimal,0.030808118,0.0,0.015404059,0.969191882,1.0,0.984595941,0.9087669253373367,0.9363900117657884,1,Network Leaders,Network Leaders
300,2024,QCRH,QCR Holdings Inc,9026.03,128.186,997.387,7061.187,572.832,34.186,6782.261,1152.318,113.85,231.788,115.529,45.554,2024,Optimal,0.1410367,0.041652783,0.0913447414999999,0.8589633,0.9200255907154812,0.9086552585,0.9087669253373367,0.9363900117657884,3,Network Laggards,Network Laggards
301,2024,QNBC,QNB Corp,1870.894,19.741,103.349,1628.541,125.838,1.94,1216.048,551.995,11.448,42.862,6.913,1.975,2024,Optimal,0.050540755,0.061673103,0.056106929,0.949459245,0.8838190346430959,0.943893071,0.9087669253373367,0.9363900117657884,4,Funding-Rich Underperformers,Funding-Rich Underperformers
302,2024,QNTO,Quaint Oak Bancorp Inc,685.168,14.636,52.617,553.252,69.855,0.452,539.511,3.88,2.795,17.817,8.156,5.7,2024,Optimal,0.13818374,0.0,0.06909187,0.86181626,1.0,0.93090813,0.9087669253373367,0.9363900117657884,2,Transformation Specialists,Transformation Specialists
303,2024,RBB,RBB Bancorp,3992.477,39.395,507.877,3083.789,364.39,31.619,3053.23,440.381,26.665,99.364,15.335,81.038,2024,Optimal,0.1413273,0.0,0.07066365,0.8586727000000001,1.0,0.92933635,0.9087669253373367,0.9363900117657884,2,Transformation Specialists,Transformation Specialists
304,2024,RBCAA,Republic Bancorp Inc,6846.667,118.65,992.029,5210.546,535.439,21.988,5439.466,620.104,101.371,312.154,72.65,23.92,2024,Optimal,0.16698706,0.0,0.08349353,0.83301294,1.0,0.91650647,0.9087669253373367,0.9363900117657884,2,Transformation Specialists,Transformation Specialists
305,2024,RBKB,Rhinebeck Bancorp Inc,1255.765,20.372,121.833,1030.208,82.314,4.206,980.318,163.907,-8.62,38.231,-9.52,4.134,2024,Optimal,0.1344601,0.086418664,0.110439382,0.8655399,0.8409109363386269,0.889560618,0.9087669253373367,0.9363900117657884,3,Network Laggards,Network Laggards
306,2024,RF,Regions Financial Corp,157302.0,2529.0,17910.0,127603.0,7020.0,823.0,96727.0,32102.0,1893.0,4818.0,2265.0,942.0,2024,Optimal,0.011441669,0.0,0.0057208345,0.988558331,1.0,0.9942791655,0.9087669253373367,0.9363900117657884,1,Network Leaders,Network Leaders
307,2024,RMBI,Richmond Mutual Bancorporation Inc,1504.875,18.348,132.872,1093.94,265.404,8.135,1174.67,275.597,9.377,38.707,4.758,6.814,2024,Optimal,0.21626375,0.018129634,0.117196692,0.78373625,0.9643863936485716,0.882803308,0.9087669253373367,0.9363900117657884,2,Transformation Specialists,Transformation Specialists
308,2024,RNST,Renasant Corp,18034.868,283.768,2678.318,14572.612,588.017,78.992,12885.02,1957.125,195.457,512.196,203.66,121.948,2024,Optimal,0.10590488,0.061817539,0.0838612095,0.89409512,0.883562784132915,0.9161387905,0.9087669253373367,0.9363900117657884,3,Network Laggards,Network Laggards
309,2024,RRBI,Red River Bancshares Inc,3149.594,38.623,319.739,2805.106,2.864,2.602,2075.013,687.209,34.235,89.294,20.441,3.272,2024,Optimal,0.024112999,0.0,0.0120564995,0.975887001,1.0,0.9879435005,0.9087669253373367,0.9363900117657884,1,Network Leaders,Network Leaders
310,2024,RVSB,Riverview Bancorp Inc,1513.323,26.099,160.014,1232.328,105.59,0.178,1062.46,326.857,4.903,36.344,14.256,0.155,2024,Optimal,0.1369859,0.0,0.06849295,0.8630141,1.0,0.93150705,0.9087669253373367,0.9363900117657884,2,Transformation Specialists,Transformation Specialists
311,2024,SBCF,Seacoast Banking Corp of Florida,15176.308,190.569,2183.243,12242.427,628.754,72.664,10299.95,2939.029,120.986,431.971,83.428,98.867,2024,Optimal,0.10326009,0.046473469,0.0748667795,0.89673991,0.9111807984116224,0.9251332205,0.9087669253373367,0.9363900117657884,3,Network Laggards,Network Laggards
312,2024,SBFG,SB Financial Group Inc,1379.517,23.603,127.508,1152.605,75.585,3.329,1046.735,206.81,11.47,39.922,17.017,5.516,2024,Optimal,0.11715704,0.071590171,0.0943736055,0.88284296,0.8663851667598023,0.9056263945,0.9087669253373367,0.9363900117657884,3,Network Laggards,Network Laggards
313,2024,SBKO,Summit Bank Group Inc,1254.851,20.058,108.728,1113.884,23.205,2.308,1047.922,45.559,11.306,50.937,1.046,2.456,2024,Optimal,0.059957538,0.059906409,0.0599319735,0.940042462,0.886959058854035,0.9400680265,0.9087669253373367,0.9363900117657884,4,Funding-Rich Underperformers,Funding-Rich Underperformers
314,2024,SBNC,Southern Bancshares NC Inc,5385.584,62.646,603.651,4443.927,274.869,7.488,3248.926,1690.362,157.824,125.488,178.961,6.008,2024,Optimal,0.086457871,0.0,0.0432289355,0.913542129,1.0,0.9567710645,0.9087669253373367,0.9363900117657884,1,Network Leaders,Network Leaders
315,2024,SBSI,Southside Bancshares Inc,8517.448,90.29,811.942,6654.248,976.447,4.001,4661.597,2856.413,88.494,216.127,41.733,3.589,2024,Optimal,0.12498561,0.0,0.062492805,0.87501439,1.0,0.937507195,0.9087669253373367,0.9363900117657884,2,Transformation Specialists,Transformation Specialists
316,2024,SFBC,Sound Financial Bancorp Inc,993.633,17.59,103.666,837.799,40.772,4.131,900.171,11.65,4.64,31.002,4.655,7.491,2024,Optimal,0.11349717,0.005609024,0.059553097,0.88650283,0.988844523336338,0.940446903,0.9087669253373367,0.9363900117657884,2,Transformation Specialists,Transformation Specialists
317,2024,SFBS,ServisFirst Bancshares Inc,17351.643,96.318,1616.772,13543.459,2085.524,22.528,12605.836,1887.553,227.242,446.659,35.056,44.997,2024,Optimal,0.021069417,0.012948686,0.0170090515,0.978930583,0.9744336782722278,0.9829909485,0.9087669253373367,0.9363900117657884,1,Network Leaders,Network Leaders
318,2024,SFDL,Security Federal Corp,1611.773,21.799,182.389,1324.033,93.923,6.825,700.444,661.912,9.807,41.827,10.247,7.636,2024,Optimal,0.11785988,0.10805158,0.11295573,0.88214012,0.8049701260296926,0.88704427,0.9087669253373367,0.9363900117657884,3,Network Laggards,Network Laggards
319,2024,SFIGA,Star Financial Group Inc,2975.885,44.878,211.651,2603.176,135.31,4.33,1713.337,1021.636,23.708,83.678,30.412,3.97,2024,Optimal,0.051477888,0.061559482,0.056518685,0.948522112,0.8840206638557442,0.943481315,0.9087669253373367,0.9363900117657884,4,Funding-Rich Underperformers,Funding-Rich Underperformers
320,2024,SFNC,Simmons First National Corp,26876.049,284.124,3528.872,21885.75,1218.093,90.271,17005.937,6166.062,152.693,628.465,147.171,121.229,2024,Optimal,0.079401552,0.051311944,0.0653567479999999,0.920598448,0.9023849309563252,0.934643252,0.9087669253373367,0.9363900117657884,4,Funding-Rich Underperformers,Funding-Rich Underperformers
321,2024,SFST,Southern First Bankshares Inc,4087.593,43.546,330.444,3435.765,288.129,3.963,3631.767,151.617,15.53,81.222,12.141,10.877,2024,Optimal,0.068008035,0.0,0.0340040175,0.931991965,1.0,0.9659959825,0.9087669253373367,0.9363900117657884,1,Network Leaders,Network Leaders
322,2024,SHBI,Shore Bancshares Inc,6230.763,66.579,541.066,5528.336,135.561,13.701,4771.988,656.356,43.889,170.549,31.147,24.796,2024,Optimal,0.0089411089,0.097081597,0.05301135295,0.9910588911,0.8230184568486568,0.94698864705,0.9087669253373367,0.9363900117657884,4,Funding-Rich Underperformers,Funding-Rich Underperformers
323,2024,SLBK,Skyline Bankshares Inc,1217.599,17.77,88.668,1092.203,30.776,1.731,984.459,122.321,7.425,39.47,7.285,2.703,2024,Optimal,0.046028093,0.071063341,0.058545717,0.953971907,0.867303196216852,0.941454283,0.9087669253373367,0.9363900117657884,4,Funding-Rich Underperformers,Funding-Rich Underperformers
324,2024,SMBC,Southern Missouri Bancorp Inc,4604.316,53.253,488.748,3952.457,131.875,11.29,3849.803,445.705,50.182,139.483,24.844,10.568,2024,Optimal,0.05105393,0.016449503,0.0337517165,0.94894607,0.967633408346504,0.9662482835,0.9087669253373367,0.9363900117657884,1,Network Leaders,Network Leaders
325,2024,SMBK,SmartFinancial Inc,5275.904,72.1,491.461,4686.483,60.291,9.735,3906.34,623.727,36.141,137.35,34.152,10.088,2024,Optimal,0.025712157,0.06622493,0.0459685435,0.974287843,0.8757768119340448,0.9540314565,0.9087669253373367,0.9363900117657884,4,Funding-Rich Underperformers,Funding-Rich Underperformers
326,2024,SNV,Synovus Financial Corp.,60233.644,737.467,5266.251,51095.359,1864.837,288.177,42609.028,10296.861,482.46,1749.577,239.604,309.549,2024,Optimal,0.046295008,0.002808417,0.0245517125,0.953704992,0.9943988962350324,0.9754482875,0.9087669253373367,0.9363900117657884,1,Network Leaders,Network Leaders
327,2024,SOMC,Southern Michigan Bancorp Inc,1496.555,22.388,107.223,1251.795,122.471,0.889,1116.434,219.774,10.402,41.087,8.491,0.914,2024,Optimal,0.10761736,0.071067389,0.0893423744999999,0.89238264,0.8672961389173618,0.9106576255,0.9087669253373367,0.9363900117657884,3,Network Laggards,Network Laggards
328,2024,SOME,Somerset Trust Holding Co,2315.592,36.821,151.249,1881.406,264.349,9.691,1522.856,608.647,24.489,80.531,17.669,20.244,2024,Optimal,0.12614973,0.10420724,0.115178485,0.87385027,0.8112541989853281,0.8848215150000001,0.9087669253373367,0.9363900117657884,3,Network Laggards,Network Laggards
329,2024,SPFI,South Plains Financial Inc,4232.239,74.338,438.949,3620.876,119.26,6.09,3055.054,577.24,49.717,147.098,48.072,24.553,2024,Optimal,0.067582771,0.028694122,0.0481384465,0.932417229,0.9442125285129216,0.9518615535,0.9087669253373367,0.9363900117657884,1,Network Leaders,Network Leaders
330,2024,SRCE,1st Source Corp,8931.938,121.909,1181.506,7230.035,366.268,24.235,6854.808,1560.154,132.623,300.817,86.307,31.334,2024,Optimal,0.10948192,0.0,0.05474096,0.89051808,1.0,0.94525904,0.9087669253373367,0.9363900117657884,2,Transformation Specialists,Transformation Specialists
331,2024,SSB,SouthState Bank Corp,46381.204,606.869,5890.415,38060.866,1010.306,184.124,33902.927,6795.313,534.783,1415.454,302.262,213.354,2024,Optimal,0.079401404,0.0,0.039700702,0.920598596,1.0,0.960299298,0.9087669253373367,0.9363900117657884,1,Network Leaders,Network Leaders
332,2024,SSBI,Summit State Bank,1067.094,15.639,91.723,962.562,7.223,44.206,918.768,74.117,-4.193,29.476,3.459,32.191,2024,Optimal,0.039073631,0.0,0.0195368155,0.960926369,1.0,0.9804631845,0.9087669253373367,0.9363900117657884,1,Network Leaders,Network Leaders
333,2024,STBA,S&T Bancorp Inc,9657.972,121.99,1380.294,7783.117,297.167,23.022,7742.958,1002.822,131.265,334.806,49.083,27.945,2024,Optimal,0.10740165,0.0,0.053700825,0.89259835,1.0,0.946299175,0.9087669253373367,0.9363900117657884,2,Transformation Specialists,Transformation Specialists
334,2024,STD2,Santander Holdings USA Inc,165248.75,2145.506,17675.527,78114.605,60871.277,3175.729,87304.499,18596.554,1077.399,5577.558,3604.667,3318.747,2024,Optimal,0.45270791,0.0,0.226353955,0.54729209,1.0,0.773646045,0.9087669253373367,0.9363900117657884,2,Transformation Specialists,Transformation Specialists
335,2024,STEL,Stellar Bancorp Inc,10905.79,165.357,1607.86,9128.384,88.378,39.191,7439.854,1681.225,115.003,407.992,23.046,38.92,2024,Optimal,0.079941567,0.0,0.0399707835,0.920058433,1.0,0.9600292165,0.9087669253373367,0.9363900117657884,1,Network Leaders,Network Leaders
336,2024,SYBT,Stock Yards Bancorp Inc,8863.419,121.11,940.476,7166.401,527.492,19.178,6520.402,1381.888,114.539,257.04,95.23,22.224,2024,Optimal,0.11058453,0.040421859,0.0755031945,0.88941547,0.9222971746501916,0.9244968055,0.9087669253373367,0.9363900117657884,3,Network Laggards,Network Laggards
337,2024,TBBK,Bancorp Inc (The),8727.543,131.597,789.783,7746.046,123.696,30.218,6113.628,1518.502,217.54,376.241,157.514,95.789,2024,Optimal,0.025385514,0.0,0.012692757,0.974614486,1.0,0.987307243,0.9087669253373367,0.9363900117657884,1,Network Leaders,Network Leaders
338,2024,TCBI,Texas Capital Bancshares Inc,30731.883,466.578,3367.936,25238.599,1770.553,81.398,22450.066,4396.115,77.508,901.3,31.046,111.165,2024,Optimal,0.082649154,0.044438811,0.0635439825,0.917350846,0.9149039454835042,0.9364560175,0.9087669253373367,0.9363900117657884,4,Funding-Rich Underperformers,Funding-Rich Underperformers
339,2024,TCBK,TriCo Bancshares,9673.728,140.581,1220.907,8087.576,216.238,34.595,6768.523,2036.61,114.868,331.434,64.407,46.882,2024,Optimal,0.081687874,0.007491928,0.0445899009999999,0.918312126,0.9851275671957542,0.955410099,0.9087669253373367,0.9363900117657884,1,Network Leaders,Network Leaders
340,2024,TCBS,Texas Community Bancshares Inc,443.457,6.84,52.108,335.828,49.878,1.342,295.638,101.537,-1.305,12.55,-1.903,2.74,2024,Optimal,0.16483992,0.0873137,0.1260768099999999,0.83516008,0.8393955672590165,0.87392319,0.9087669253373367,0.9363900117657884,3,Network Laggards,Network Laggards
341,2024,TCBX,Third Coast Bancshares Inc,4942.446,65.116,460.719,4310.498,132.534,17.319,3966.425,400.005,47.671,160.758,10.621,28.808,2024,Optimal,0.042557701,0.095648937,0.069103319,0.957442299,0.8254022182289581,0.930896681,0.9087669253373367,0.9363900117657884,4,Funding-Rich Underperformers,Funding-Rich Underperformers
342,2024,TECTP,Tectonic Financial Inc,863.38,37.022,113.429,711.147,23.973,2.57,669.367,47.208,13.935,32.016,45.072,15.938,2024,Optimal,0.1294507,0.0,0.06472535,0.8705493,1.0,0.93527465,0.9087669253373367,0.9363900117657884,2,Transformation Specialists,Transformation Specialists
343,2024,TFC,Truist Financial Corp,531176.0,6506.0,63679.0,390524.0,65462.0,1488.0,306383.0,119374.0,4818.0,14091.0,-813.0,1477.0,2024,Optimal,0.0052277099,0.0,0.00261385495,0.9947722901,1.0,0.99738614505,0.9087669253373367,0.9363900117657884,1,Network Leaders,Network Leaders
344,2024,TFIN,Triumph Financial Inc,5948.975,219.58,890.919,4820.82,171.463,75.781,4546.96,401.936,16.09,350.456,65.414,120.272,2024,Optimal,0.11369998,0.0,0.05684999,0.88630002,1.0,0.94315001,0.9087669253373367,0.9363900117657884,2,Transformation Specialists,Transformation Specialists
345,2024,TFSL,TFS Financial Corp,17090.785,107.782,1862.624,10195.079,4811.151,33.358,15392.061,754.745,79.588,278.458,24.702,33.784,2024,Optimal,0.27595585,0.0,0.137977925,0.72404415,1.0,0.862022075,0.9087669253373367,0.9363900117657884,2,Transformation Specialists,Transformation Specialists
346,2024,THFF,First Financial Corp,5560.348,74.555,549.041,4718.914,223.006,27.665,3837.141,1213.545,47.275,174.986,42.772,16.719,2024,Optimal,0.068303771,0.032660172,0.0504819715,0.931696229,0.9367455569885192,0.9495180285,0.9087669253373367,0.9363900117657884,1,Network Leaders,Network Leaders
347,2024,TMP,Tompkins Financial Corp,8109.08,127.811,713.444,6471.805,855.817,62.397,6019.922,1587.017,70.85,211.102,88.127,65.185,2024,Optimal,0.12474643,0.040679035,0.0827127325,0.87525357,0.9218221302978395,0.9172872675,0.9087669253373367,0.9363900117657884,3,Network Laggards,Network Laggards
348,2024,TOWN,TowneBank,17246.89,289.248,2155.627,14437.298,349.456,7.751,11459.055,2589.876,161.757,442.605,251.145,7.867,2024,Optimal,0.073931645,0.0,0.0369658225,0.926068355,1.0,0.9630341775,0.9087669253373367,0.9363900117657884,1,Network Leaders,Network Leaders
349,2024,TRCY,Tri City Bankshares Corp,1907.15,30.891,153.555,1738.134,11.533,6.604,1177.752,479.657,11.727,52.968,12.529,7.393,2024,Optimal,0.022041119,0.12228711,0.0721641145,0.977958881,0.7820751768235135,0.9278358855,0.9087669253373367,0.9363900117657884,4,Funding-Rich Underperformers,Funding-Rich Underperformers
350,2024,TRMK,Trustmark Corp,18152.422,266.239,1962.327,15108.175,849.805,106.875,13089.942,3027.919,223.009,584.421,-23.419,86.026,2024,Optimal,0.078315833,0.033802034,0.0560589335,0.921684167,0.9346063697143006,0.9439410665,0.9087669253373367,0.9363900117657884,4,Funding-Rich Underperformers,Funding-Rich Underperformers
351,2024,TRST,TrustCo Bank Corp NY,6238.744,48.149,676.343,5390.983,124.94,17.86,5098.058,370.057,48.833,151.939,19.834,20.975,2024,Optimal,0.0055964626,0.045664567,0.0256305148,0.9944035374,0.9126592438127435,0.9743694852,0.9087669253373367,0.9363900117657884,4,Funding-Rich Underperformers,Funding-Rich Underperformers
352,2024,TSBK,Timberland Bancorp Inc,1923.475,23.73,245.413,1647.668,21.575,1.596,1439.001,250.257,24.283,64.167,11.136,3.936,2024,Optimal,0.070952793,0.029788669,0.050370731,0.929047207,0.942146054046357,0.949629269,0.9087669253373367,0.9363900117657884,1,Network Leaders,Network Leaders
353,2024,UBAB,United Bancorporation of Alabama Inc,1400.678,22.651,265.706,1090.115,33.968,2.959,871.416,270.853,28.003,59.464,23.941,15.313,2024,Optimal,0.17696094,0.0,0.08848047,0.8230390599999999,1.0,0.91151953,0.9087669253373367,0.9363900117657884,2,Transformation Specialists,Transformation Specialists
354,2024,UBCP,United Bancorp Inc,816.656,10.083,63.457,613.494,132.214,4.018,490.971,244.657,7.402,24.8,4.46,4.155,2024,Optimal,0.18127238,0.061226109,0.1212492445,0.81872762,0.8846125090953638,0.8787507555,0.9087669253373367,0.9363900117657884,3,Network Laggards,Network Laggards
355,2024,UBFO,United Security Bancshares,1211.718,13.884,130.362,1057.622,14.733,16.456,928.462,160.708,14.783,46.85,4.713,17.201,2024,Optimal,0.054492168,0.085798003,0.0701450855,0.945507832,0.8419632330084512,0.9298549145,0.9087669253373367,0.9363900117657884,4,Funding-Rich Underperformers,Funding-Rich Underperformers
356,2024,UBOH,United Bancshares Inc/OH,1189.33,15.34,94.74,1071.105,18.082,1.421,762.165,237.779,9.155,32.299,8.419,4.276,2024,Optimal,0.032638465,0.17005937,0.1013489175,0.967361535,0.7093149726239961,0.8986510825,0.9087669253373367,0.9363900117657884,4,Funding-Rich Underperformers,Funding-Rich Underperformers
357,2024,UBSI,United Bankshares Inc,30023.545,288.239,4993.223,23961.859,803.281,48.113,21673.493,3259.296,372.996,911.068,123.695,73.727,2024,Optimal,0.088015292,0.0,0.044007646,0.911984708,1.0,0.955992354,0.9087669253373367,0.9363900117657884,1,Network Leaders,Network Leaders
358,2024,UCB,United Community Banks Inc,27720.258,340.043,3432.127,23460.975,494.314,92.877,18175.98,6804.398,252.397,827.368,124.756,115.635,2024,Optimal,0.054993341,0.0,0.0274966705,0.945006659,1.0,0.9725033295,0.9087669253373367,0.9363900117657884,1,Network Leaders,Network Leaders
359,2024,UMBF,UMB Financial Corp,50409.664,593.913,3466.541,43142.029,3050.128,14.95,25640.809,13621.619,441.243,1000.892,628.117,47.673,2024,Optimal,0.0,0.0,0.0,1.0,1.0,1.0,0.9087669253373367,0.9363900117657884,1,Network Leaders,Network Leaders
360,2024,UNB,Union Bankshares Inc,1528.358,21.394,66.48,1168.894,278.453,2.02,1157.898,252.258,8.761,38.364,9.723,1.893,2024,Optimal,0.18332581,0.081091951,0.1322088805,0.81667419,0.8499813990382767,0.8677911195,0.9087669253373367,0.9363900117657884,3,Network Laggards,Network Laggards
361,2024,UNTY,Unity Bancorp Inc,2654.017,29.749,295.583,2100.313,235.588,19.186,2248.494,157.535,41.45,98.611,8.469,15.046,2024,Optimal,0.1339417,0.049776484,0.091859092,0.8660583,0.9051674622957168,0.908140908,0.9087669253373367,0.9363900117657884,3,Network Laggards,Network Laggards
362,2024,USB,U.S. Bancorp,678318.0,10554.0,59040.0,518309.0,74889.0,1494.0,371562.0,164626.0,6299.0,16289.0,11046.0,1832.0,2024,Optimal,0.0,0.0,0.0,1.0,1.0,1.0,0.9087669253373367,0.9363900117657884,1,Network Leaders,Network Leaders
363,2024,UVSP,Univest Financial Corp,8128.417,123.745,887.301,6759.259,416.927,40.093,6826.583,532.958,75.931,211.17,88.055,33.205,2024,Optimal,0.087738745,0.011356551,0.049547648,0.912261255,0.97754194405767,0.950452352,0.9087669253373367,0.9363900117657884,1,Network Leaders,Network Leaders
364,2024,UWHR,Uwharrie Capital Corp,1128.808,20.806,57.679,1030.236,31.771,1.242,666.377,361.774,9.342,35.925,9.736,0.192,2024,Optimal,0.040903602,0.0,0.020451801,0.959096398,1.0,0.979548199,0.9087669253373367,0.9363900117657884,1,Network Leaders,Network Leaders
365,2024,VABK,Virginia National Bankshares Corp,1616.826,15.933,160.302,1423.546,29.131,2.732,1235.969,269.73,16.966,46.376,7.589,3.021,2024,Optimal,0.040800701,0.049044268,0.0449224845,0.959199299,0.9064972384940384,0.9550775155,0.9087669253373367,0.9363900117657884,4,Funding-Rich Underperformers,Funding-Rich Underperformers
366,2024,VBTX,Veritex Holdings Inc,12768.341,140.971,1601.069,10752.592,251.424,95.823,9504.544,1547.158,107.241,385.245,40.402,79.172,2024,Optimal,0.055795411,0.0355605,0.0456779555,0.944204589,0.931321250665702,0.9543220445,0.9087669253373367,0.9363900117657884,4,Funding-Rich Underperformers,Funding-Rich Underperformers
367,2024,VLY,Valley National Bancorp,62491.691,556.556,7435.127,50075.857,3692.631,293.386,48799.711,6972.81,380.271,1628.708,224.501,373.329,2024,Optimal,0.065935201,0.0,0.0329676005,0.934064799,1.0,0.9670323995,0.9087669253373367,0.9363900117657884,1,Network Leaders,Network Leaders
368,2024,WABC,Westamerica Bancorporation,6076.274,50.292,889.957,5011.85,138.307,0.791,820.3,4254.671,138.636,250.595,43.155,0.735,2024,Optimal,0.057814737,0.0,0.0289073685,0.942185263,1.0,0.9710926315,0.9087669253373367,0.9363900117657884,1,Network Leaders,Network Leaders
369,2024,WAFD,WaFd Inc,28060.33,234.148,3000.3,21373.97,3359.095,57.924,21120.107,3105.298,200.041,660.832,60.996,77.418,2024,Optimal,0.11813111,0.052243327,0.0851872185,0.88186889,0.9007010533410587,0.9148127815,0.9087669253373367,0.9363900117657884,3,Network Laggards,Network Laggards
370,2024,WAL,Western Alliance Bancorporation,80934.0,631.1,6707.0,66341.0,6631.0,418.0,53676.0,15327.0,787.7,2618.9,543.2,656.0,2024,Optimal,0.0067148582,0.0,0.0033574291,0.9932851418,1.0,0.9966425709,0.9087669253373367,0.9363900117657884,1,Network Leaders,Network Leaders
371,2024,WASH,Washington Trust Bancorp Inc,6930.647,86.26,499.728,5115.8,1177.259,45.301,5137.838,966.122,-28.059,128.448,-27.797,23.307,2024,Optimal,0.18522468,0.074137772,0.129681226,0.81477532,0.8619585421301057,0.870318774,0.9087669253373367,0.9363900117657884,3,Network Laggards,Network Laggards
372,2024,WBS,Webster Financial Corp,79025.073,762.794,9133.214,64753.08,3556.649,218.6,52505.168,17772.134,768.707,2338.387,251.899,461.751,2024,Optimal,0.052479238,0.0,0.026239619,0.947520762,1.0,0.973760381,0.9087669253373367,0.9363900117657884,1,Network Leaders,Network Leaders
373,2024,WCCB,West Coast Community Bancorp,2680.428,24.611,332.981,2310.483,18.765,9.525,2045.215,423.101,29.579,95.128,4.053,0.618,2024,Optimal,0.044235995,0.0,0.0221179975,0.955764005,1.0,0.9778820025,0.9087669253373367,0.9363900117657884,1,Network Leaders,Network Leaders
374,2024,WCFB,WCF Bancorp Inc,227.364,2.837,22.243,161.672,41.5,0.184,168.115,29.541,-0.036,4.722,0.925,0.801,2024,Optimal,0.13957359,0.0,0.069786795,0.86042641,1.0,0.930213205,0.9087669253373367,0.9363900117657884,2,Transformation Specialists,Transformation Specialists
375,2024,WFC,Wells Fargo & Co,1929845.0,35729.0,181066.0,1371804.0,286307.0,8443.0,896332.0,439300.0,19722.0,47676.0,34620.0,7936.0,2024,Optimal,0.0,3.7033795000000004e-16,1.85168975e-16,1.0,0.9999999999999992,0.9999999999999998,0.9087669253373367,0.9363900117657884,1,Network Leaders,Network Leaders
376,2024,WNEB,Western New England Bancorp Inc,2653.09,32.686,235.91,2262.647,130.814,6.421,2070.189,371.955,11.666,59.817,12.903,5.381,2024,Optimal,0.068871536,0.060500667,0.0646861015,0.931128464,0.8859016898666412,0.9353138985,0.9087669253373367,0.9363900117657884,4,Funding-Rich Underperformers,Funding-Rich Underperformers
377,2024,WSBC,WesBanco Inc,18684.298,223.657,2790.281,14133.717,1537.376,28.305,12656.429,3412.259,151.51,478.208,127.983,40.604,2024,Optimal,0.15543913,0.032669089,0.0940541095,0.84456087,0.93672883337365,0.9059458905,0.9087669253373367,0.9363900117657884,2,Transformation Specialists,Transformation Specialists
378,2024,WSBF,Waterstone Financial Inc,2209.608,81.078,339.135,1359.897,446.519,5.062,1680.576,228.844,18.688,46.168,89.302,6.17,2024,Optimal,0.34511998,0.0,0.17255999,0.65488002,1.0,0.82744001,0.9087669253373367,0.9363900117657884,2,Transformation Specialists,Transformation Specialists
379,2024,WSFS,WSFS Financial Corp,20814.303,332.682,2579.376,17029.808,535.971,75.754,13191.499,4555.798,263.671,705.438,340.92,127.385,2024,Optimal,0.091737468,0.0,0.045868734,0.908262532,1.0,0.954131266,0.9087669253373367,0.9363900117657884,2,Transformation Specialists,Transformation Specialists
380,2024,WTBA,West Bancorporation Inc,4014.991,27.588,227.875,3357.596,397.18,0.296,3004.86,559.694,24.05,71.362,8.434,0.133,2024,Optimal,0.0,0.0,0.0,1.0,1.0,1.0,0.9087669253373367,0.9363900117657884,1,Network Leaders,Network Leaders
381,2024,WTBFA,W T B Financial Corp,10736.971,165.911,934.181,8804.659,866.895,31.404,6882.55,3067.574,55.797,279.928,74.038,75.346,2024,Optimal,0.098802352,0.054349938,0.076576145,0.901197648,0.8969034168995227,0.923423855,0.9087669253373367,0.9363900117657884,3,Network Laggards,Network Laggards
382,2024,WTFC,Wintrust Financial Corp.,64879.668,817.108,6344.297,52512.349,4391.571,152.339,48055.037,8251.564,695.045,1962.535,488.325,193.939,2024,Optimal,0.089880554,0.0,0.044940277,0.910119446,1.0,0.955059723,0.9087669253373367,0.9363900117657884,1,Network Leaders,Network Leaders
383,2024,ZION,Zions Bancorporation National Association,88775.0,1287.0,6124.0,76223.0,5022.0,228.0,59033.0,18981.0,784.0,2430.0,700.0,298.0,2024,Optimal,0.0,0.013659372,0.006829686,1.0,0.973049384482976,0.993170314,0.9087669253373367,0.9363900117657884,1,Network Leaders,Network Leaders
