DMU,Year,Ticker,Bank Name,Assets,Employee Expense,Equity,Deposits,Borrowings,NPAs (Previous Period),Performing Loans,Investment,Net Income,Net-interest Income,Non-interest Income,NPAs,LP_Group,LP_Status,beta1,beta2,overall_beta,Stage1_Efficiency,Stage2_Efficiency,Overall_Efficiency,Stage1_Mean,Stage2_Mean,Class,Class_Name
1,2021,ABBB,Auburn Bancorp Inc,100.392,1.83,8.107,82.7,9.373,0.818,77.033,9.661,0.409,3.017,0.831,0.875,2021,Optimal,0.0,0.0,0.0,1.0,1.0,1.0,0.9277338271067885,0.8996884017114127,1,Network Leaders
2,2021,ABCB,Ameris Bancorp,23858.321,337.776,2966.451,19665.553,936.875,97.207,15874.258,720.023,376.913,655.327,365.544,101.871,2021,Optimal,0.079343391,0.0,0.0396716955,0.920656609,1.0,0.9603283045,0.9277338271067885,0.8996884017114127,2,Transformation Specialists
3,2021,ACNB,ACNB Corp,2786.987,36.816,272.114,2426.389,73.172,7.896,1468.427,448.464,27.834,71.244,22.776,6.219,2021,Optimal,0.045786359,0.34524584,0.1955160995,0.954213641,0.4867171044364649,0.8044839005,0.9277338271067885,0.8996884017114127,4,Funding-Rich Underperformers
4,2021,AFBI,Affinity Bancshares Inc,788.088,10.415,120.968,614.799,48.988,6.194,584.384,51.033,7.573,29.276,2.678,10.538,2021,Optimal,0.14634385,0.059465294,0.102904572,0.85365615,0.8877447060573558,0.897095428,0.9277338271067885,0.8996884017114127,3,Network Laggards
5,2021,ALPIB,Alpine Banks of Colorado,6218.621,78.631,418.449,5607.891,146.857,5.074,3386.69,1746.737,59.646,172.072,47.567,3.836,2021,Optimal,0.0,0.094572813,0.0472864065,1.0,0.8271968536459529,0.9527135935,0.9277338271067885,0.8996884017114127,4,Funding-Rich Underperformers
6,2021,ALRS,Alerus Financial Corp,3392.691,115.419,359.403,2920.551,63.208,5.143,1758.02,1212.191,52.681,87.099,147.387,3.082,2021,Optimal,0.054220678,0.0,0.027110339,0.945779322,1.0,0.972889661,0.9277338271067885,0.8996884017114127,1,Network Leaders
7,2021,AMAL,Amalgamated Financial Corp,7077.876,69.844,563.875,6356.255,131.991,82.234,3312.224,2963.835,52.915,174.304,28.389,54.586,2021,Optimal,0.0070210443,0.0,0.00351052215,0.9929789557,1.0,0.99648947785,0.9277338271067885,0.8996884017114127,1,Network Leaders
8,2021,AMBK,American Bank Inc,849.15,6.309,76.25,660.88,108.711,0.456,615.087,83.228,10.103,21.64,2.435,0.341,2021,Optimal,0.11562838,0.10165883,0.108643605,0.88437162,0.8154440789985771,0.891356395,0.9277338271067885,0.8996884017114127,3,Network Laggards
9,2021,AMFC,AMB Financial Corp.,287.955,4.683,25.418,251.519,8.093,2.256,215.087,13.071,3.781,9.36,4.138,0.46,2021,Optimal,0.023907015,0.0,0.0119535075,0.976092985,1.0,0.9880464925,0.9277338271067885,0.8996884017114127,1,Network Leaders
10,2021,AMTB,Amerant Bancorp Inc,7638.399,117.585,831.873,5630.871,1075.605,88.127,5409.44,1341.241,112.921,205.141,120.621,59.501,2021,Optimal,0.18546043,0.0,0.092730215,0.81453957,1.0,0.907269785,0.9277338271067885,0.8996884017114127,2,Transformation Specialists
11,2021,ARBV,American Riviera Bancorp,1306.54,16.007,96.273,1202.09,4.972,3.446,793.49,195.831,11.829,39.089,3.585,2.869,2021,Optimal,0.0,0.16884667,0.084423335,1.0,0.7110884184663845,0.915576665,0.9277338271067885,0.8996884017114127,4,Funding-Rich Underperformers
12,2021,AROW,Arrow Financial Corp,4027.952,44.798,371.186,3550.497,77.293,6.561,2667.941,763.009,49.857,110.355,32.369,11.79,2021,Optimal,0.029520964,0.083128452,0.056324708,0.970479036,0.8465030590849996,0.943675292,0.9277338271067885,0.8996884017114127,4,Funding-Rich Underperformers
13,2021,ASB,Associated Banc-Corp,35104.253,426.687,4024.853,28466.43,2255.978,225.123,24224.949,6757.596,350.994,725.855,332.364,160.062,2021,Optimal,0.09289679,0.0023859721,0.04764138105,0.90710321,0.9952394144243631,0.95235861895,0.9277338271067885,0.8996884017114127,2,Transformation Specialists
14,2021,ASRV,AmeriServ Financial Inc,1335.56,27.847,116.549,1139.378,72.837,3.331,985.054,221.739,7.072,39.083,17.761,3.323,2021,Optimal,0.073426969,0.087949003,0.0806879859999999,0.926573031,0.8383214603672007,0.919312014,0.9277338271067885,0.8996884017114127,3,Network Laggards
15,2021,ATLO,Ames National Corp,2137.041,22.281,207.778,1878.019,42.851,15.53,1160.729,834.425,23.913,55.997,10.537,13.057,2021,Optimal,0.038554072,0.0,0.019277036,0.961445928,1.0,0.980722964,0.9277338271067885,0.8996884017114127,1,Network Leaders
16,2021,AUB,Atlantic Union Bankshares Corp,20064.796,214.929,2710.071,16611.068,566.813,45.221,13195.843,4186.475,263.917,551.26,125.806,32.796,2021,Optimal,0.076140528,0.010499359,0.0433199435,0.923859472,0.9792194643044796,0.9566800565,0.9277338271067885,0.8996884017114127,2,Transformation Specialists
17,2021,AUBN,Auburn National Bancorporation Inc,1105.15,11.71,103.726,994.243,4.158,0.534,458.364,421.891,8.039,23.99,4.288,0.818,2021,Optimal,0.014782389,0.0,0.0073911945,0.985217611,1.0,0.9926088055,0.9277338271067885,0.8996884017114127,1,Network Leaders
18,2021,AVBH,Avidbank Holdings Inc,2162.478,25.256,137.1,1979.41,37.535,3.547,1223.344,385.303,12.264,51.029,5.313,3.244,2021,Optimal,0.0,0.27467355,0.137336775,1.0,0.5690291839820478,0.862663225,0.9277338271067885,0.8996884017114127,4,Funding-Rich Underperformers
19,2021,AX,Axos Financial Inc.,14265.565,152.576,1400.936,10815.797,644.977,94.349,11547.772,207.33,215.707,538.742,105.261,151.977,2021,Optimal,0.15652827,0.0,0.078264135,0.84347173,1.0,0.921735865,0.9277338271067885,0.8996884017114127,2,Transformation Specialists
20,2021,BAC,Bank of America Corp,3169495.0,36140.0,270066.0,2064446.0,507057.0,5116.0,964299.0,982627.0,31978.0,42934.0,46179.0,4697.0,2021,Optimal,0.034080469,0.0,0.0170402345,0.965919531,1.0,0.9829597655,0.9277338271067885,0.8996884017114127,1,Network Leaders
21,2021,BANC,Banc of California Inc,40443.344,368.45,3999.63,34997.757,1005.4,105.19,22941.548,10711.708,606.959,1103.824,193.927,74.017,2021,Optimal,0.031391656,0.037679724,0.0345356899999999,0.968608344,0.927376967809,0.96546431,0.9277338271067885,0.8996884017114127,1,Network Leaders
22,2021,BANF,BancFirst Corp,9405.612,166.723,1171.734,8091.914,90.863,82.611,6169.442,545.09,167.63,315.657,170.032,69.074,2021,Optimal,0.045740967,0.0,0.0228704835,0.954259033,1.0,0.9771295165,0.9277338271067885,0.8996884017114127,1,Network Leaders
23,2021,BANR,Banner Corp,16804.872,244.351,1690.327,14326.933,592.625,36.481,9084.763,4171.915,201.048,496.891,96.416,23.705,2021,Optimal,0.0494779,0.11965645,0.084567175,0.9505221,0.7862622056971137,0.915432825,0.9277338271067885,0.8996884017114127,4,Funding-Rich Underperformers
24,2021,BCAL,California BanCorp,2259.866,34.883,246.528,1973.098,29.411,0.896,1504.748,68.06,10.709,64.411,4.514,0.809,2021,Optimal,0.046170169,0.12562799,0.0858990795,0.953829831,0.7767859521687979,0.9141009205,0.9277338271067885,0.8996884017114127,4,Funding-Rich Underperformers
25,2021,BCBP,BCB Bancorp Inc,2967.528,26.41,274.024,2561.402,121.738,17.143,2342.061,116.457,34.24,97.393,8.695,14.964,2021,Optimal,0.051835619,0.11912498,0.0854802995,0.948164381,0.7871104977033038,0.9145197005,0.9277338271067885,0.8996884017114127,4,Funding-Rich Underperformers
26,2021,BCML,BayCom Corp,2350.697,33.761,262.607,1985.239,84.602,9.083,1664.89,190.47,20.691,72.807,11.268,6.909,2021,Optimal,0.077312791,0.16738316,0.1223479755,0.922687209,0.7132335539258593,0.8776520245,0.9277338271067885,0.8996884017114127,3,Network Laggards
27,2021,BCTF,Bancorp 34 Inc,527.652,7.833,40.742,437.782,43.915,2.653,415.623,75.068,3.4,18.564,1.449,4.338,2021,Optimal,0.089173211,0.050745014,0.0699591125,0.910826789,0.9034113637012224,0.9300408875,0.9277338271067885,0.8996884017114127,2,Transformation Specialists
28,2021,BFC,Bank First Corp,2937.552,28.515,322.653,2528.44,68.213,14.419,2235.514,227.604,45.444,90.082,23.518,8.39,2021,Optimal,0.055643196,0.07653792,0.066090558,0.944356804,0.8578072939595104,0.933909442,0.9277338271067885,0.8996884017114127,4,Funding-Rich Underperformers
29,2021,BFIN,BankFinancial Corp,1700.682,22.638,157.466,1488.431,29.467,1.378,1050.922,93.184,7.41,43.772,5.689,1.475,2021,Optimal,0.046358181,0.26074018,0.1535491805,0.953641819,0.5863696832443304,0.8464508195,0.9277338271067885,0.8996884017114127,4,Funding-Rich Underperformers
30,2021,BFST,Business First Bancshares Inc,4726.378,65.825,433.368,4077.283,187.59,20.039,3189.608,1037.68,52.136,153.884,35.782,14.517,2021,Optimal,0.04902511,0.070515561,0.0597703355,0.95097489,0.8682586903563935,0.9402296645,0.9277338271067885,0.8996884017114127,4,Funding-Rich Underperformers
31,2021,BHB,Bar Harbor Bankshares,3709.233,47.117,424.147,3048.544,188.167,12.188,2531.91,625.66,39.299,95.573,41.883,10.191,2021,Optimal,0.096571771,0.10315812,0.0998649455,0.903428229,0.812976729029561,0.9001350545,0.9277338271067885,0.8996884017114127,3,Network Laggards
32,2021,BHLB,Berkshire Hills Bancorp Inc,11554.913,150.589,1182.435,10068.953,176.38,67.029,6825.847,2540.236,118.664,291.166,143.248,37.062,2021,Optimal,0.031203105,0.055830507,0.043516806,0.968796895,0.8942434289787006,0.956483194,0.9277338271067885,0.8996884017114127,4,Funding-Rich Underperformers
33,2021,BHRB,Burke & Herbert Financial Services Corp,3621.743,44.72,389.627,2933.417,286.165,27.83,1745.073,1617.76,36.165,96.603,17.251,26.261,2021,Optimal,0.11008594,0.0,0.05504297,0.88991406,1.0,0.94495703,0.9277338271067885,0.8996884017114127,2,Transformation Specialists
34,2021,BK,Bank of New York Mellon Corp (The),444438.0,6337.0,43230.0,319694.0,39707.0,89.0,67056.0,159184.0,3759.0,2618.0,13313.0,120.0,2021,Optimal,0.13494321,0.0,0.067471605,0.86505679,1.0,0.932528395,0.9277338271067885,0.8996884017114127,2,Transformation Specialists
35,2021,BKOR,Oak Ridge Financial Services Inc,586.921,8.92,51.328,509.279,20.388,3.5,429.656,48.659,7.763,21.01,4.016,3.0,2021,Optimal,0.051083561,0.16202284,0.1065532005,0.948916439,0.7211365656117396,0.8934467994999999,0.9277338271067885,0.8996884017114127,4,Funding-Rich Underperformers
36,2021,BKSC,Bank of South Carolina Corp,679.221,7.438,53.918,609.191,14.042,1.156,306.632,212.347,6.745,17.377,3.868,0.815,2021,Optimal,0.011249903,0.26696114,0.1391055215,0.988750097,0.5785803817155749,0.8608944785,0.9277338271067885,0.8996884017114127,4,Funding-Rich Underperformers
37,2021,BKU,BankUnited Inc,35815.396,243.532,3037.761,29438.102,2914.951,247.591,23765.053,10200.057,414.984,795.688,134.153,208.184,2021,Optimal,0.060165858,0.0,0.030082929,0.939834142,1.0,0.969917071,0.9277338271067885,0.8996884017114127,1,Network Leaders
38,2021,BLFY,Blue Foundry Bancorp,1914.211,25.206,429.471,1247.04,212.196,13.479,1287.609,358.355,-36.342,42.949,2.479,11.983,2021,Optimal,0.29159521,0.0,0.145797605,0.70840479,1.0,0.854202395,0.9277338271067885,0.8996884017114127,2,Transformation Specialists
39,2021,BMBN,Benchmark Bankshares Inc,1040.576,15.327,84.437,945.287,4.485,1.698,644.052,84.326,11.524,33.32,8.739,0.61,2021,Optimal,0.01612277,0.17527447,0.09569862,0.98387723,0.7017301498942626,0.90430138,0.9277338271067885,0.8996884017114127,4,Funding-Rich Underperformers
40,2021,BMRC,Bank of Marin Bancorp,4314.209,38.934,450.368,3808.55,25.848,9.233,2255.645,1509.79,33.228,104.951,10.132,9.176,2021,Optimal,0.027418827,0.053917893,0.04066836,0.972581173,0.897681036904077,0.95933164,0.9277338271067885,0.8996884017114127,4,Funding-Rich Underperformers
41,2021,BNCC,BNCCORP Inc,1047.372,25.161,114.986,906.668,17.303,2.612,529.793,212.074,21.955,31.32,44.683,1.69,2021,Optimal,0.062181042,0.2213837,0.141782371,0.937818958,0.6374870566882462,0.858217629,0.9277338271067885,0.8996884017114127,4,Funding-Rich Underperformers
42,2021,BOH,Bank of Hawaii Corp,22784.941,228.293,1611.611,20360.108,564.091,18.481,12153.968,9007.46,253.372,497.29,171.353,18.966,2021,Optimal,0.0,0.0,0.0,1.0,1.0,1.0,0.9277338271067885,0.8996884017114127,1,Network Leaders
43,2021,BOKF,BOK Financial Corp,50249.431,695.382,5368.371,41242.059,2743.428,476.994,20205.68,13495.144,618.121,1118.033,755.775,369.266,2021,Optimal,0.080941007,0.019035952,0.0499884794999999,0.919058993,0.9626392926321404,0.9500115205,0.9277338271067885,0.8996884017114127,2,Transformation Specialists
44,2021,BOTJ,Bank of the James Financial Group Inc,987.634,16.377,69.429,887.056,26.087,3.168,583.384,166.246,7.589,27.079,11.209,1.715,2021,Optimal,0.026708743,0.28484957,0.1557791565,0.973291257,0.5566024589166497,0.8442208435,0.9277338271067885,0.8996884017114127,4,Funding-Rich Underperformers
45,2021,BPOP,Popular Inc,75097.899,631.802,5969.397,67005.088,1328.999,823.658,27859.238,25229.611,934.889,1957.59,642.128,632.954,2021,Optimal,0.0,0.0,0.0,1.0,1.0,1.0,0.9277338271067885,0.8996884017114127,1,Network Leaders
46,2021,BPRN,Princeton Bancorp Inc,1687.682,17.483,216.578,1446.143,18.561,1.676,1335.163,102.711,22.486,62.601,4.666,1.414,2021,Optimal,0.064167732,0.0,0.032083866,0.935832268,1.0,0.967916134,0.9277338271067885,0.8996884017114127,1,Network Leaders
47,2021,BRBS,Blue Ridge Bankshares Inc,2665.139,61.891,277.139,2297.771,75.649,6.629,1807.578,409.693,52.477,92.481,87.955,16.251,2021,Optimal,0.055810071,0.0,0.0279050355,0.944189929,1.0,0.9720949645,0.9277338271067885,0.8996884017114127,1,Network Leaders
48,2021,BRKL,Brookline Bancorp Inc,8602.622,106.786,995.342,7049.906,377.829,44.963,7154.457,749.847,115.44,282.373,26.989,33.177,2021,Optimal,0.092617413,0.0,0.0463087065,0.907382587,1.0,0.9536912935,0.9277338271067885,0.8996884017114127,2,Transformation Specialists
49,2021,BSBK,Bogota Financial Corp,837.362,7.744,147.576,597.48,85.052,0.693,572.363,120.743,7.52,19.277,4.494,0.865,2021,Optimal,0.20855517,0.060474456,0.134514813,0.79144483,0.885948302370048,0.865485187,0.9277338271067885,0.8996884017114127,3,Network Laggards
50,2021,BSRR,Sierra Bancorp,3371.014,42.431,362.494,2781.572,197.589,8.569,1987.861,985.707,43.012,109.026,28.079,4.615,2021,Optimal,0.093971386,0.056002247,0.0749868165,0.906028614,0.8939353639462474,0.9250131835,0.9277338271067885,0.8996884017114127,3,Network Laggards
51,2021,BUSE,First Busey Corp,12859.689,137.493,1319.112,10768.577,638.816,28.872,7188.998,3994.822,123.449,270.698,132.804,21.268,2021,Optimal,0.06843763,0.072536647,0.0704871384999999,0.93156237,0.864738147264445,0.9295128615,0.9277338271067885,0.8996884017114127,4,Funding-Rich Underperformers
52,2021,BWB,Bridgewater Bancshares Inc,3477.659,30.889,379.272,2946.237,134.739,0.775,2809.937,444.604,45.687,109.509,5.309,0.722,2021,Optimal,0.068712234,0.0,0.034356117,0.931287766,1.0,0.965643883,0.9277338271067885,0.8996884017114127,1,Network Leaders
53,2021,BWFG,Bankwell Financial Group Inc,2456.264,18.317,201.987,2123.998,99.606,33.416,1892.069,111.223,26.586,67.886,5.657,16.587,2021,Optimal,0.046434322,0.064783707,0.0556090145,0.953565678,0.8783157432366685,0.9443909855,0.9277338271067885,0.8996884017114127,4,Funding-Rich Underperformers
54,2021,BY,Byline Bancorp Inc,6696.172,101.222,836.382,5155.047,645.775,47.453,4537.128,1491.007,92.785,236.387,74.253,25.242,2021,Optimal,0.14984136,0.0,0.07492068,0.85015864,1.0,0.92507932,0.9277338271067885,0.8996884017114127,2,Transformation Specialists
55,2021,CAC,Camden National Corp,5500.356,61.007,541.294,4608.889,271.696,10.706,3431.474,1519.057,69.014,137.436,49.735,6.884,2021,Optimal,0.075396397,0.054208538,0.0648024675,0.924603603,0.8971578467712998,0.9351975325,0.9277338271067885,0.8996884017114127,3,Network Laggards
56,2021,CADE,Cadence Bank,47669.751,471.815,5247.987,39817.673,1764.599,132.568,26882.988,15614.77,195.162,805.727,378.153,186.812,2021,Optimal,0.064742331,0.0,0.0323711655,0.935257669,1.0,0.9676288345,0.9277338271067885,0.8996884017114127,1,Network Leaders
57,2021,CARE,Carter Bankshares Inc,4133.746,54.157,407.596,3698.476,10.4,47.726,2812.129,924.752,31.59,111.183,28.65,18.313,2021,Optimal,0.014562081,0.0,0.0072810405,0.985437919,1.0,0.9927189595,0.9277338271067885,0.8996884017114127,1,Network Leaders
58,2021,CARV,Carver Bancorp Inc,735.314,11.516,55.087,628.117,30.342,7.251,579.504,73.434,-0.847,20.466,7.354,11.541,2021,Optimal,0.069614368,0.0,0.034807184,0.930385632,1.0,0.965192816,0.9277338271067885,0.8996884017114127,1,Network Leaders
59,2021,CASH,Pathward Financial Inc,6690.65,151.09,871.884,5514.971,129.384,48.02,3609.563,1962.636,141.708,278.991,270.904,61.833,2021,Optimal,0.089336139,0.0,0.0446680695,0.910663861,1.0,0.9553319305,0.9277338271067885,0.8996884017114127,2,Transformation Specialists
60,2021,CATY,Cathay General Bancorp,20886.723,132.795,2446.251,18058.842,192.975,77.584,16342.479,1166.878,298.304,597.755,54.603,71.653,2021,Optimal,0.0086744137,0.0,0.00433720685,0.9913255863,1.0,0.99566279315,0.9277338271067885,0.8996884017114127,1,Network Leaders
61,2021,CBAN,Colony Bankcorp Inc,2691.715,45.596,217.707,2374.608,89.111,10.134,1337.977,952.176,18.659,66.189,36.29,5.779,2021,Optimal,0.033398229,0.13197649,0.0826873595,0.966601771,0.7668211466123294,0.9173126405,0.9277338271067885,0.8996884017114127,4,Funding-Rich Underperformers
62,2021,CBCY,Central Bancompany Inc,20273.174,267.118,2505.661,16128.904,1456.635,38.251,10301.371,5814.567,246.83,495.855,275.456,28.746,2021,Optimal,0.1123302,0.066772741,0.0895514705,0.8876698,0.8748135597514297,0.9104485295,0.9277338271067885,0.8996884017114127,3,Network Laggards
63,2021,CBFV,CB Financial Services Inc,1425.479,19.938,133.124,1226.613,57.744,14.696,1020.796,224.974,11.57,40.152,16.28,7.302,2021,Optimal,0.064494635,0.086314136,0.0754043855,0.935505365,0.8410880736251415,0.9245956145,0.9277338271067885,0.8996884017114127,4,Funding-Rich Underperformers
64,2021,CBKM,Consumers Bancorp Inc,833.804,10.852,69.9,726.849,31.43,1.233,566.427,218.652,8.988,26.583,4.466,1.771,2021,Optimal,0.048405453,0.04172018,0.0450628165,0.951594547,0.9199013692909356,0.9549371835,0.9277338271067885,0.8996884017114127,1,Network Leaders
65,2021,CBNK,Capital Bancorp Inc,2055.3,37.843,197.903,1797.137,36.797,12.563,1632.267,188.198,39.978,116.693,50.636,11.512,2021,Optimal,0.045506767,0.0,0.0227533835,0.954493233,1.0,0.9772466165,0.9277338271067885,0.8996884017114127,1,Network Leaders
66,2021,CBSH,Commerce Bancshares Inc,36689.088,525.248,3448.324,29813.073,3062.722,26.633,15176.359,14653.276,530.765,835.424,590.452,9.272,2021,Optimal,0.090884591,0.0,0.0454422955,0.909115409,1.0,0.9545577045,0.9277338271067885,0.8996884017114127,2,Transformation Specialists
67,2021,CBU,Community Financial System Inc,15552.657,241.501,2100.807,12911.168,362.718,77.734,7373.639,4979.089,189.694,374.412,246.235,46.191,2021,Optimal,0.075117072,0.0,0.037558536,0.924882928,1.0,0.962441464,0.9277338271067885,0.8996884017114127,2,Transformation Specialists
68,2021,CCB,Coastal Financial Corp,2635.517,37.101,201.222,2363.787,59.193,0.712,1742.735,45.101,27.005,79.437,28.118,1.727,2021,Optimal,0.017351485,0.031376303,0.024363894,0.982648515,0.9391564399749448,0.975636106,0.9277338271067885,0.8996884017114127,1,Network Leaders
69,2021,CCBG,Capital City Bank Group,4263.849,101.47,383.166,3712.862,100.496,6.679,1931.465,995.073,33.396,102.861,107.545,4.339,2021,Optimal,0.040879999,0.17304637,0.1069631845,0.959120001,0.7049624389528608,0.8930368155,0.9277338271067885,0.8996884017114127,4,Funding-Rich Underperformers
70,2021,CCFN,Muncy Columbia Financial Corp,952.713,9.551,104.342,701.495,143.66,4.11,467.3,342.006,9.405,22.026,7.998,2.87,2021,Optimal,0.18797203,0.082573398,0.135272714,0.8120279699999999,0.8474497929608279,0.8647272859999999,0.9277338271067885,0.8996884017114127,3,Network Laggards
71,2021,CCNE,CNB Financial Corp/PA,5328.939,61.175,442.847,4715.619,125.909,31.546,3634.792,720.467,57.707,159.78,33.434,20.295,2021,Optimal,0.023389107,0.14456244,0.0839757734999999,0.976610893,0.747392654261833,0.9160242265,0.9277338271067885,0.8996884017114127,4,Funding-Rich Underperformers
72,2021,CEFC,Commercial National Financial Corp,610.802,7.165,44.893,515.059,47.803,7.384,451.572,81.934,6.366,16.976,2.323,4.416,2021,Optimal,0.069387055,0.13871032,0.1040486875,0.930612945,0.7563729465453515,0.8959513125,0.9277338271067885,0.8996884017114127,4,Funding-Rich Underperformers
73,2021,CFBK,CF Bankshares Inc,1495.589,16.948,125.33,1246.352,106.642,0.695,1229.657,28.662,18.453,42.039,11.64,0.997,2021,Optimal,0.091815436,0.023636304,0.05772587,0.908184564,0.953818941536876,0.94227413,0.9277338271067885,0.8996884017114127,2,Transformation Specialists
74,2021,CFFI,C&F Financial Corp,2264.521,58.581,211.024,1914.614,100.131,4.602,1410.06,374.1,28.667,85.369,49.163,3.949,2021,Optimal,0.076569153,0.14168799,0.1091285715,0.923430847,0.7517920986450948,0.8908714285,0.9277338271067885,0.8996884017114127,3,Network Laggards
75,2021,CFFN,Capitol Federal Financial Inc,9631.246,56.002,1242.273,6597.396,1595.672,12.673,7100.965,2088.029,76.082,175.001,28.086,13.606,2021,Optimal,0.21678968,0.0,0.10839484,0.78321032,1.0,0.89160516,0.9277338271067885,0.8996884017114127,2,Transformation Specialists
76,2021,CFG,Citizens Financial Group Inc,188409.0,2140.0,23420.0,154361.0,7806.0,1038.0,128163.0,29042.0,2319.0,4512.0,2135.0,724.0,2021,Optimal,0.035738415,0.0,0.0178692075,0.964261585,1.0,0.9821307925,0.9277338271067885,0.8996884017114127,1,Network Leaders
77,2021,CFR,Cullen/Frost Bankers Inc,50878.49,477.526,4439.555,42695.696,3302.317,62.299,16336.397,15673.807,443.079,984.867,386.728,57.177,2021,Optimal,0.060237181,0.058844084,0.0595406324999999,0.939762819,0.8888522212303356,0.9404593675,0.9277338271067885,0.8996884017114127,4,Funding-Rich Underperformers
78,2021,CHBH,Croghan Bancshares Inc,1112.402,16.463,140.056,908.687,57.002,0.708,642.889,364.604,15.232,38.034,8.309,0.499,2021,Optimal,0.11506258,0.0025098198,0.0587861999,0.88493742,0.9949929272503272,0.9412138001,0.9277338271067885,0.8996884017114127,2,Transformation Specialists
79,2021,CHCO,City Holding Co,6003.695,61.85,681.105,4925.336,312.458,13.882,3543.814,1433.696,88.08,155.573,69.641,7.58,2021,Optimal,0.094317649,0.11694008,0.1056288645,0.905682351,0.7906063501633857,0.8943711355,0.9277338271067885,0.8996884017114127,3,Network Laggards
80,2021,CHMG,Chemung Financial Corp,2418.475,30.499,211.455,2155.433,25.542,10.189,1518.249,802.998,26.425,65.589,23.87,8.227,2021,Optimal,0.024938701,0.0,0.0124693505,0.975061299,1.0,0.9875306495,0.9277338271067885,0.8996884017114127,1,Network Leaders
81,2021,CIVB,Civista Bancshares Inc,3011.983,44.69,355.212,2416.701,205.622,7.327,1997.879,577.957,40.546,95.425,31.452,5.37,2021,Optimal,0.12064213,0.085688233,0.1031651815,0.87935787,0.8421494672310776,0.8968348185,0.9277338271067885,0.8996884017114127,3,Network Laggards
82,2021,CIZN,Citizens Holding Co,1361.309,18.46,105.9,1111.892,131.284,13.684,571.847,632.724,7.494,33.494,12.188,6.668,2021,Optimal,0.11318319,0.0,0.056591595,0.88681681,1.0,0.943408405,0.9277338271067885,0.8996884017114127,2,Transformation Specialists
83,2021,CLBK,Columbia Financial Inc,9224.097,99.534,1079.081,7570.216,396.894,8.156,6360.601,2159.432,92.049,233.134,38.831,3.939,2021,Optimal,0.090442036,0.0,0.045221018,0.909557964,1.0,0.954778982,0.9277338271067885,0.8996884017114127,2,Transformation Specialists
84,2021,CLST,Catalyst Bancorp Inc,285.349,4.631,98.346,176.795,9.018,2.087,131.842,103.236,1.927,6.904,2.626,1.231,2021,Optimal,0.29525825,0.0,0.147629125,0.70474175,1.0,0.852370875,0.9277338271067885,0.8996884017114127,2,Transformation Specialists
85,2021,CMA,Comerica Incorporated,94616.0,1133.0,7897.0,82339.0,3152.0,359.0,48645.0,17078.0,1168.0,1844.0,1123.0,269.0,2021,Optimal,0.020359235,0.086944424,0.0536518295,0.979640765,0.8400204792807328,0.9463481705,0.9277338271067885,0.8996884017114127,4,Funding-Rich Underperformers
86,2021,CMTV,Community Bancorp/VT,1019.106,11.152,84.76,879.4,51.519,5.163,689.95,183.778,13.138,31.669,6.734,5.941,2021,Optimal,0.054604837,0.14950524,0.1020550385,0.945395163,0.7398789761062767,0.8979449615,0.9277338271067885,0.8996884017114127,4,Funding-Rich Underperformers
87,2021,CNND,Canandaigua National Corp,4160.371,69.945,318.713,3515.99,279.541,26.811,3186.713,836.17,44.744,127.396,56.346,23.019,2021,Optimal,0.069630613,0.015071886,0.0423512494999999,0.930369387,0.9703038056557896,0.9576487505,0.9277338271067885,0.8996884017114127,1,Network Leaders
88,2021,CNOB,ConnectOne Bancorp Inc,8129.48,64.341,1124.212,6332.953,633.561,61.696,6828.622,576.127,130.353,262.878,15.691,61.7,2021,Optimal,0.13865619,0.0,0.069328095,0.8613438099999999,1.0,0.930671905,0.9277338271067885,0.8996884017114127,2,Transformation Specialists
89,2021,COFS,ChoiceOne Financial Services Inc,2366.682,29.3,221.669,2052.294,85.017,8.51,1059.48,1116.265,22.042,60.641,19.194,5.737,2021,Optimal,0.052047311,0.0389059,0.0454766055,0.947952689,0.925102167578411,0.9545233945,0.9277338271067885,0.8996884017114127,1,Network Leaders
90,2021,COLB,Columbia Banking System Inc,30640.936,480.82,2749.27,26594.685,975.125,69.247,22553.18,3965.309,420.3,919.647,356.318,53.069,2021,Optimal,0.029325147,0.0,0.0146625735,0.970674853,1.0,0.9853374265,0.9277338271067885,0.8996884017114127,1,Network Leaders
91,2021,CPF,Central Pacific Financial Corp.,7419.089,90.213,558.267,6639.158,146.347,6.192,5101.649,1639.663,79.894,211.047,43.06,5.881,2021,Optimal,0.0090819446,0.0091250714,0.009103508,0.9909180554,0.9819148851641544,0.990896492,0.9277338271067885,0.8996884017114127,1,Network Leaders
92,2021,CPKF,Chesapeake Financial Shares Inc,1385.816,23.76,126.137,1124.971,125.134,11.911,666.221,606.192,15.01,41.555,19.312,6.737,2021,Optimal,0.1184748,0.0038046593,0.06113972965,0.8815252,0.992419522534089,0.93886027035,0.9277338271067885,0.8996884017114127,2,Transformation Specialists
93,2021,CSBB,CSB Bancorp Inc/OH,1144.239,12.599,97.315,1002.747,39.937,4.497,549.154,311.245,10.837,27.517,7.325,1.088,2021,Optimal,0.041711919,0.26262147,0.1521666945,0.958288081,0.584006012506662,0.8478333055,0.9277338271067885,0.8996884017114127,4,Funding-Rich Underperformers
94,2021,CSHX,Cashmere Valley Bank,2224.302,22.12,239.098,1936.577,34.504,1.143,940.802,1105.625,29.033,52.749,19.9,0.404,2021,Optimal,0.046610664,0.0,0.023305332,0.953389336,1.0,0.976694668,0.9277338271067885,0.8996884017114127,1,Network Leaders
95,2021,CTBI,Community Trust Bancorp Inc,5418.257,74.114,698.202,4344.292,342.809,34.271,3408.813,1470.708,87.939,163.079,60.463,20.111,2021,Optimal,0.11567528,0.024980083,0.0703276815,0.88432472,0.9512574275065206,0.9296723185,0.9277338271067885,0.8996884017114127,2,Transformation Specialists
96,2021,CUBI,Customers Bancorp Inc,19575.028,108.202,1366.217,16777.924,1194.283,71.175,14552.631,3881.734,314.647,685.074,77.867,49.76,2021,Optimal,0.0,0.01623516,0.00811758,1.0,0.9680484190293122,0.99188242,0.9277338271067885,0.8996884017114127,1,Network Leaders
97,2021,CVBF,CVB Financial Corp,15883.697,117.871,2081.503,12976.442,715.873,17.739,7841.78,5127.581,212.521,414.55,47.385,6.893,2021,Optimal,0.088018078,0.0,0.044009039,0.911981922,1.0,0.955990961,0.9277338271067885,0.8996884017114127,2,Transformation Specialists
98,2021,CYFL,Century Financial Corp,452.215,6.255,47.585,396.44,5.5,1.589,204.244,64.392,5.339,10.848,6.802,1.204,2021,Optimal,0.032110362,0.43841881,0.235264586,0.967889638,0.3904156328433998,0.764735414,0.9277338271067885,0.8996884017114127,4,Funding-Rich Underperformers
99,2021,CZBC,Citizens Bancorp/OR,1067.265,14.151,95.522,916.445,44.526,4.713,361.166,553.231,10.315,26.807,3.097,2.226,2021,Optimal,0.066478633,0.068075899,0.067277266,0.933521367,0.8725261021922937,0.932722734,0.9277338271067885,0.8996884017114127,4,Funding-Rich Underperformers
100,2021,CZBS,Citizens Bancshares Corp,668.919,7.963,75.436,581.421,2.194,4.278,284.761,95.975,4.061,16.007,4.641,1.904,2021,Optimal,0.044114337,0.41236819,0.2282412635,0.955885663,0.416061345873274,0.7717587365,0.9277338271067885,0.8996884017114127,4,Funding-Rich Underperformers
101,2021,CZFS,Citizens Financial Services Inc,2143.863,25.902,212.492,1836.151,77.243,13.093,1441.533,414.672,29.118,66.112,12.305,8.842,2021,Optimal,0.064898358,0.10331645,0.084107404,0.935101642,0.8127165601491758,0.915892596,0.9277338271067885,0.8996884017114127,4,Funding-Rich Underperformers
102,2021,CZNC,Citizens & Northern Corp,2327.648,37.603,301.405,1925.06,81.306,24.729,1564.849,517.679,30.554,77.939,25.881,21.902,2021,Optimal,0.096671382,0.0073820145,0.05202669825,0.903328618,0.9853441606188216,0.94797330175,0.9277338271067885,0.8996884017114127,2,Transformation Specialists
103,2021,CZWI,Citizens Community Bancorp Inc,1739.628,22.723,170.866,1387.535,172.181,11.53,1310.963,290.842,21.266,53.667,15.824,13.233,2021,Optimal,0.13157246,0.059421416,0.095496938,0.86842754,0.8878228906786608,0.904503062,0.9277338271067885,0.8996884017114127,3,Network Laggards
104,2021,DCOM,Dime Community Bancshares Inc,12066.364,108.331,1192.62,10458.974,290.061,12.162,9244.661,1780.752,103.996,357.609,42.068,40.307,2021,Optimal,0.035988591,0.0,0.0179942955,0.964011409,1.0,0.9820057045,0.9277338271067885,0.8996884017114127,1,Network Leaders
105,2021,DIMC,Dimeco Inc,958.22,13.269,100.811,796.916,48.182,18.223,657.267,220.891,11.952,31.942,6.145,13.823,2021,Optimal,0.095597378,0.0,0.047798689,0.904402622,1.0,0.952201311,0.9277338271067885,0.8996884017114127,2,Transformation Specialists
106,2021,EBC,Eastern Bankshares Inc,23512.128,295.916,3406.352,19628.311,123.574,43.252,12255.068,8522.128,154.665,429.827,193.155,34.983,2021,Optimal,0.067565407,0.0,0.0337827035,0.932434593,1.0,0.9662172965,0.9277338271067885,0.8996884017114127,1,Network Leaders
107,2021,EBMT,Eagle Bancorp Montana Inc,1435.926,48.766,156.729,1222.549,37.161,8.498,933.139,275.938,14.419,46.54,47.769,7.063,2021,Optimal,0.074417331,0.083122215,0.078769773,0.925582669,0.8465136919013336,0.921230227,0.9277338271067885,0.8996884017114127,3,Network Laggards
108,2021,ECBK,ECB Bancorp Inc,666.489,9.586,77.273,571.731,9.0,1.671,521.367,71.668,4.042,18.694,1.222,0.982,2021,Optimal,0.063031258,0.0,0.031515629,0.936968742,1.0,0.968484371,0.9277338271067885,0.8996884017114127,1,Network Leaders
109,2021,EFSC,Enterprise Financial Services Corp,13537.358,124.904,1529.116,11343.799,573.627,43.837,9017.642,1855.583,133.055,360.194,67.743,31.517,2021,Optimal,0.067379651,0.12972043,0.0985500404999999,0.932620349,0.7703495014248791,0.9014499595,0.9277338271067885,0.8996884017114127,4,Funding-Rich Underperformers
110,2021,EFSI,Eagle Financial Services Inc,1303.038,21.854,110.28,1177.235,5.289,5.361,985.72,193.37,11.021,40.999,11.32,2.766,2021,Optimal,0.018313694,0.0,0.009156847,0.981686306,1.0,0.990843153,0.9277338271067885,0.8996884017114127,1,Network Leaders
111,2021,EGBN,Eagle Bancorp Inc,11847.31,88.398,1350.775,9981.54,429.089,65.93,7065.598,2657.561,176.691,324.514,40.385,30.843,2021,Optimal,0.063394652,0.095078289,0.0792364704999999,0.936605348,0.8263534398315516,0.9207635295,0.9277338271067885,0.8996884017114127,4,Funding-Rich Underperformers
112,2021,EMYB,Embassy Bancorp Inc,1633.194,12.149,122.515,1467.025,34.838,2.833,1108.039,311.688,16.786,43.494,2.4,2.579,2021,Optimal,0.0011788398,0.11153067,0.0563547549,0.9988211602,0.7993205711543703,0.9436452451,0.9277338271067885,0.8996884017114127,4,Funding-Rich Underperformers
113,2021,ENBP,ENB Financial Corp,1717.23,24.465,137.288,1512.213,63.886,2.098,920.904,572.455,14.916,40.571,17.881,2.881,2021,Optimal,0.040298165,0.11230749,0.0763028275,0.959701835,0.7980639508235263,0.9236971725,0.9277338271067885,0.8996884017114127,4,Funding-Rich Underperformers
114,2021,EQBK,Equity Bancshares Inc,5137.631,54.198,500.631,4420.004,157.819,54.597,3155.627,1344.952,52.48,142.579,32.842,65.998,2021,Optimal,0.050989256,0.0,0.025494628,0.949010744,1.0,0.974505372,0.9277338271067885,0.8996884017114127,1,Network Leaders
115,2021,EQFN,Equitable Financial Corp,422.579,8.552,39.741,365.334,11.88,1.49,354.745,24.654,4.26,13.141,7.156,1.284,2021,Optimal,0.046612407,0.0,0.0233062035,0.953387593,1.0,0.9766937965,0.9277338271067885,0.8996884017114127,1,Network Leaders
116,2021,ESQ,Esquire Financial Holdings Inc,1178.77,21.741,143.735,1028.409,2.988,2.303,784.517,151.064,17.925,43.703,21.024,0.006,2021,Optimal,0.05383015,0.0,0.026915075,0.94616985,1.0,0.973084925,0.9277338271067885,0.8996884017114127,1,Network Leaders
117,2021,EWBC,East West Bancorp Inc,60870.701,433.728,5837.218,53350.532,806.862,234.868,41693.781,10042.787,872.981,1531.571,285.895,103.482,2021,Optimal,0.0,0.0,0.0,1.0,1.0,1.0,0.9277338271067885,0.8996884017114127,1,Network Leaders
118,2021,EXSR,Exchange Bank of Santa Rosa California,3536.751,35.622,319.202,3179.118,7.941,4.282,1510.107,1421.712,36.41,93.549,23.645,5.899,2021,Optimal,0.011470165,0.0,0.0057350825,0.988529835,1.0,0.9942649175,0.9277338271067885,0.8996884017114127,1,Network Leaders
119,2021,FBAK,First National Bank Alaska,5581.34,63.207,554.53,4216.924,784.626,14.094,2127.271,2842.95,58.414,145.601,27.036,17.629,2021,Optimal,0.16688383,0.0,0.083441915,0.83311617,1.0,0.916558085,0.9277338271067885,0.8996884017114127,2,Transformation Specialists
120,2021,FBIZ,First Business Financial Services Inc,2652.905,51.71,232.422,1957.923,418.933,26.651,2239.408,238.784,35.755,84.662,28.1,6.522,2021,Optimal,0.19378274,0.0,0.09689137,0.8062172599999999,1.0,0.90310863,0.9277338271067885,0.8996884017114127,2,Transformation Specialists
121,2021,FBK,FB Financial Corp,12597.686,248.318,1432.695,10836.897,218.145,84.226,7604.662,1714.109,190.285,347.37,228.255,62.983,2021,Optimal,0.042976398,0.031289958,0.037133178,0.957023602,0.9393187963147024,0.962866822,0.9277338271067885,0.8996884017114127,1,Network Leaders
122,2021,FBNC,First Bancorp/NC,10508.901,103.249,1230.575,9124.629,88.578,46.997,6081.715,3166.539,95.644,246.395,73.611,52.637,2021,Optimal,0.035628861,0.0,0.0178144305,0.964371139,1.0,0.9821855695,0.9277338271067885,0.8996884017114127,1,Network Leaders
123,2021,FBP,First BanCorp (Puerto Rico),20785.275,200.457,2101.767,17784.894,777.534,293.506,11060.658,6655.492,281.025,729.929,121.164,158.102,2021,Optimal,0.044779465,0.0,0.0223897325,0.955220535,1.0,0.9776102675,0.9277338271067885,0.8996884017114127,1,Network Leaders
124,2021,FBPI,First Bancorp of Indiana Inc,480.872,7.727,41.548,367.497,65.155,2.543,339.348,55.412,3.786,13.502,6.543,1.273,2021,Optimal,0.15737134,0.15062609,0.153998715,0.84262866,0.7381841220026568,0.846001285,0.9277338271067885,0.8996884017114127,3,Network Laggards
125,2021,FBSI,First Bancshares Inc,445.034,5.814,44.161,396.137,3.764,0.433,346.259,14.714,5.093,16.43,1.725,0.618,2021,Optimal,0.015083412,0.0,0.007541706,0.984916588,1.0,0.992458294,0.9277338271067885,0.8996884017114127,1,Network Leaders
126,2021,FBTT,First Bankers Trustshares Inc,1226.137,13.947,105.831,978.624,136.583,12.063,478.398,667.157,8.17,24.124,8.329,8.634,2021,Optimal,0.12802283,0.0,0.064011415,0.87197717,1.0,0.935988585,0.9277338271067885,0.8996884017114127,2,Transformation Specialists
127,2021,FCBC,First Community Bancshares Inc,3194.519,44.239,427.775,2729.391,2.306,24.568,2165.569,76.292,51.168,102.474,34.301,23.237,2021,Optimal,0.062072901,0.0,0.0310364505,0.937927099,1.0,0.9689635495,0.9277338271067885,0.8996884017114127,1,Network Leaders
128,2021,FCCO,First Community Corp,1584.508,24.494,140.998,1361.291,72.13,7.022,863.702,566.624,15.465,45.279,13.904,1.415,2021,Optimal,0.064793261,0.031130998,0.0479621295,0.935206739,0.9396177632902468,0.9520378705,0.9277338271067885,0.8996884017114127,1,Network Leaders
129,2021,FCF,First Commonwealth Financial Corp.,9545.093,119.506,1109.372,7982.498,365.385,55.281,6839.23,1595.529,138.257,278.541,106.757,55.822,2021,Optimal,0.072551232,0.041201346,0.056876289,0.927448768,0.9208580623559816,0.943123711,0.9277338271067885,0.8996884017114127,2,Transformation Specialists
130,2021,FCNCA,First Citizens BancShares Inc,58308.14,758.853,4737.241,51406.094,1847.91,242.373,32371.522,13150.858,547.459,1390.334,508.002,159.634,2021,Optimal,0.012315917,0.12077914,0.0665475285,0.987684083,0.7844728980234232,0.9334524715,0.9277338271067885,0.8996884017114127,4,Funding-Rich Underperformers
131,2021,FDBC,Fidelity D & D Bancorp Inc,2419.104,25.249,211.729,2169.865,21.567,6.657,1433.128,742.186,24.008,61.829,18.287,6.434,2021,Optimal,0.017756587,0.051947883,0.034852235,0.982243413,0.901234873248944,0.965147765,0.9277338271067885,0.8996884017114127,1,Network Leaders
132,2021,FDVA,Freedom Financial Holdings Inc,876.673,16.341,84.159,701.693,83.533,3.18,602.369,192.867,10.728,28.516,9.723,8.891,2021,Optimal,0.12981187,0.030955729,0.0803837994999999,0.8701881300000001,0.9399475105880128,0.9196162005,0.9277338271067885,0.8996884017114127,2,Transformation Specialists
133,2021,FFBB,FFB Bancorp,1080.103,11.516,89.292,936.548,40.886,1.689,723.272,296.101,20.527,38.838,9.971,2.93,2021,Optimal,0.049935098,0.015778169,0.0328566334999999,0.950064902,0.9689338292916196,0.9671433665,0.9277338271067885,0.8996884017114127,1,Network Leaders
134,2021,FFBC,First Financial Bancorp.,16329.141,245.924,2258.942,12871.954,773.587,89.138,9288.299,4409.237,205.16,452.118,171.506,60.106,2021,Optimal,0.12179249,0.033760998,0.077776744,0.87820751,0.9346831655183028,0.922223256,0.9277338271067885,0.8996884017114127,2,Transformation Specialists
135,2021,FFDF,FFD Financial Corp,591.502,6.101,51.184,518.567,15.637,0.605,443.925,46.387,8.819,17.366,4.125,0.429,2021,Optimal,0.028110892,0.063458165,0.0457845285,0.971889108,0.8806569603045927,0.9542154715,0.9277338271067885,0.8996884017114127,4,Funding-Rich Underperformers
136,2021,FFIC,Flushing Financial Corp,8045.911,88.31,679.628,6385.445,869.699,21.108,6638.105,871.041,81.793,247.969,3.687,14.933,2021,Optimal,0.12245708,0.015564739,0.0690109095,0.87754292,0.9693476183205688,0.9309890905,0.9277338271067885,0.8996884017114127,2,Transformation Specialists
137,2021,FFIN,First Financial Bankshares Inc,13102.461,142.042,1759.224,10566.488,671.152,42.898,5388.972,6573.179,227.562,370.363,142.176,34.158,2021,Optimal,0.10300948,0.0,0.05150474,0.89699052,1.0,0.94849526,0.9277338271067885,0.8996884017114127,2,Transformation Specialists
138,2021,FFMH,First Farmers and Merchants Corp,1972.738,26.499,158.631,1791.206,3.866,1.56,886.891,894.596,15.619,45.156,16.783,1.214,2021,Optimal,0.0088703708,0.0,0.0044351854,0.9911296292,1.0,0.9955648146,0.9277338271067885,0.8996884017114127,1,Network Leaders
139,2021,FFWM,First Foundation Inc,10196.204,87.908,1064.051,8811.96,230.702,20.628,6906.728,1209.627,109.511,233.284,70.453,14.54,2021,Optimal,0.040471353,0.069814366,0.0551428595,0.959528647,0.8694832146234238,0.9448571405,0.9277338271067885,0.8996884017114127,4,Funding-Rich Underperformers
140,2021,FGBI,First Guaranty Bancshares Inc,2878.12,32.179,223.889,2596.492,49.635,30.907,2159.359,365.515,27.297,89.618,10.76,20.032,2021,Optimal,0.010297287,0.064822147,0.037559717,0.989702713,0.8782479361785851,0.962440283,0.9277338271067885,0.8996884017114127,4,Funding-Rich Underperformers
141,2021,FGFH,Foresight Financial Group Inc,1453.784,21.433,155.227,1235.444,52.718,11.976,859.832,446.532,11.386,41.23,9.494,7.585,2021,Optimal,0.076019947,0.061428196,0.0687240715,0.923980053,0.8842536947266095,0.9312759285,0.9277338271067885,0.8996884017114127,3,Network Laggards
142,2021,FHB,First Hawaiian Inc,24992.41,182.384,2656.912,21816.146,65.804,9.082,12961.999,8438.132,265.735,530.559,184.916,7.257,2021,Optimal,0.014578061,0.0,0.0072890305,0.985421939,1.0,0.9927109695,0.9277338271067885,0.8996884017114127,1,Network Leaders
143,2021,FHN,First Horizon Corp,89092.0,1154.0,8494.0,74895.0,4100.0,406.0,54859.0,9419.0,999.0,1994.0,1076.0,285.0,2021,Optimal,0.055508853,0.073067434,0.0642881435,0.944491147,0.8638157646297558,0.9357118565,0.9277338271067885,0.8996884017114127,4,Funding-Rich Underperformers
144,2021,FIBK,First Interstate BancSystem Inc,19671.9,220.7,1986.6,16269.6,1250.5,50.5,9331.7,6508.1,192.1,488.2,150.5,29.7,2021,Optimal,0.077171109,0.11223677,0.0947039395,0.922828891,0.7981782781736303,0.9052960605,0.9277338271067885,0.8996884017114127,3,Network Laggards
145,2021,FINW,Finwise Bancorp,380.214,22.365,115.442,251.892,1.05,0.831,207.957,11.801,31.583,47.978,31.844,0.763,2021,Optimal,0.25970622,0.0,0.12985311,0.74029378,1.0,0.87014689,0.9277338271067885,0.8996884017114127,2,Transformation Specialists
146,2021,FISI,Financial Institutions Inc,5520.779,60.893,505.142,4827.09,127.778,12.483,3679.436,1384.096,77.697,154.73,46.906,12.166,2021,Optimal,0.034878719,0.028946958,0.0319128385,0.965121281,0.9437347906518618,0.9680871615,0.9277338271067885,0.8996884017114127,1,Network Leaders
147,2021,FITB,Fifth Third Bancorp,211116.0,2616.0,22210.0,169324.0,13602.0,870.0,108998.0,38494.0,2770.0,4770.0,3118.0,542.0,2021,Optimal,0.063427754,0.028392685,0.0459102195,0.936572246,0.944782405759722,0.9540897805,0.9277338271067885,0.8996884017114127,1,Network Leaders
148,2021,FIZN,First Citizens Bancshares Inc,2248.307,29.946,233.566,1919.337,81.321,4.743,1196.162,883.685,26.833,63.062,19.325,2.773,2021,Optimal,0.067596539,0.023651313,0.0456239259999999,0.932403461,0.9537902942151552,0.954376074,0.9277338271067885,0.8996884017114127,1,Network Leaders
149,2021,FKYS,First Keystone Corp,1320.35,14.148,148.555,1077.969,88.892,7.119,746.835,441.797,14.688,36.9,7.323,7.066,2021,Optimal,0.10710615,0.071398171,0.0892521605,0.89289385,0.8667196324717265,0.9107478395,0.9277338271067885,0.8996884017114127,3,Network Laggards
150,2021,FLG,Flagstar Financial Inc,59527.0,303.0,7044.0,35059.0,16811.0,46.103,45738.0,6530.0,596.0,1289.0,61.0,41.0,2021,Optimal,0.28163339,0.0,0.140816695,0.71836661,1.0,0.859183305,0.9277338271067885,0.8996884017114127,2,Transformation Specialists
151,2021,FMAO,Farmers & Merchants Bancorp Inc,2638.3,26.336,297.167,2193.462,127.804,9.475,1857.419,438.093,23.495,69.498,17.609,8.235,2021,Optimal,0.08891642,0.092189968,0.090553194,0.91108358,0.831183272688694,0.909446806,0.9277338271067885,0.8996884017114127,3,Network Laggards
152,2021,FMBH,First Mid Bancshares Inc,5986.582,89.66,633.894,4956.486,361.631,30.616,3992.775,1428.849,51.49,167.751,69.767,27.055,2021,Optimal,0.085944232,0.049866054,0.067905143,0.914055768,0.9050049217040406,0.932094857,0.9277338271067885,0.8996884017114127,2,Transformation Specialists
153,2021,FMBM,F & M Bank Corp,1219.342,18.487,100.456,1080.295,22.729,6.537,662.421,413.217,10.738,31.274,11.306,5.508,2021,Optimal,0.038462306,0.10158659,0.070024448,0.961537694,0.8155631324451762,0.929975552,0.9277338271067885,0.8996884017114127,4,Funding-Rich Underperformers
154,2021,FMCB,Farmers & Merchants Bancorp,5177.72,63.86,463.136,4640.152,15.11,1.368,3237.177,1023.055,66.336,160.936,21.056,1.389,2021,Optimal,0.011069775,0.0,0.0055348875,0.988930225,1.0,0.9944651125,0.9277338271067885,0.8996884017114127,1,Network Leaders
155,2021,FMNB,Farmers National Banc Corp/OH,4142.749,39.393,472.432,3547.235,94.34,13.835,2331.082,1458.136,51.844,107.99,38.193,16.195,2021,Optimal,0.057288618,0.011732425,0.0345105215,0.942711382,0.9768072571164258,0.9654894785,0.9277338271067885,0.8996884017114127,1,Network Leaders
156,2021,FNB,F.N.B. Corp,39513.0,418.328,5150.0,31726.0,2378.6,180.0,24968.0,7134.0,404.602,906.476,330.419,96.0,2021,Optimal,0.10152023,0.040536175,0.0710282025,0.89847977,0.9220859861023092,0.9289717975,0.9277338271067885,0.8996884017114127,2,Transformation Specialists
157,2021,FNFI,First Niles Financial Inc,124.497,3.589,15.305,80.607,27.216,0.441,74.319,12.086,0.586,2.152,3.507,0.418,2021,Optimal,0.19361912,0.0,0.09680956,0.80638088,1.0,0.90319044,0.9277338271067885,0.8996884017114127,2,Transformation Specialists
158,2021,FNLC,First Bancorp Inc/ME (The),2527.099,21.152,245.657,2123.297,137.164,7.674,1647.649,695.971,36.269,66.303,19.383,6.721,2021,Optimal,0.077115272,0.042185041,0.0596501564999999,0.922884728,0.9190450076705716,0.9403498435,0.9277338271067885,0.8996884017114127,2,Transformation Specialists
159,2021,FNRN,First Northern Community Bancorp,1899.087,22.756,150.911,1728.302,5.664,15.211,866.669,639.31,14.186,46.264,7.863,10.197,2021,Optimal,0.0069054321,0.12200354,0.06445448605,0.9930945679,0.7825255702847427,0.93554551395,0.9277338271067885,0.8996884017114127,4,Funding-Rich Underperformers
160,2021,FNWB,First Northwest Bancorp,1921.081,33.515,190.48,1580.58,127.014,2.275,1365.384,349.408,15.418,58.298,15.638,1.4,2021,Optimal,0.10294755,0.066590608,0.084769079,0.89705245,0.8751337064089354,0.915230921,0.9277338271067885,0.8996884017114127,3,Network Laggards
161,2021,FNWD,Finward Bancorp,1620.743,24.241,156.615,1434.201,14.581,14.903,966.72,530.136,14.963,48.575,15.947,8.253,2021,Optimal,0.036166336,0.0,0.018083168,0.963833664,1.0,0.981916832,0.9277338271067885,0.8996884017114127,1,Network Leaders
162,2021,FOTB,First Ottawa Bancshares Inc,970.88,18.936,63.667,839.582,58.5,2.438,823.031,67.817,11.516,36.543,8.747,7.965,2021,Optimal,0.062246211,0.0,0.0311231055,0.937753789,1.0,0.9688768945,0.9277338271067885,0.8996884017114127,1,Network Leaders
163,2021,FRAF,Franklin Financial Services Corp,1773.806,24.78,157.065,1584.359,24.445,8.742,998.812,530.787,19.616,44.671,19.488,7.384,2021,Optimal,0.02612145,0.11820154,0.0721614949999999,0.97387855,0.7885863401690539,0.927838505,0.9277338271067885,0.8996884017114127,4,Funding-Rich Underperformers
164,2021,FRBA,First Bank,2510.298,25.404,266.666,2114.602,111.455,10.81,2111.991,148.049,35.429,81.89,7.754,13.773,2021,Optimal,0.077274204,0.02726749,0.0522708469999999,0.922725796,0.9469125806755552,0.947729153,0.9277338271067885,0.8996884017114127,2,Transformation Specialists
165,2021,FRFC,First Robinson Financial Corp,470.685,6.729,26.82,392.932,46.617,2.706,200.483,203.011,2.728,10.862,4.221,1.43,2021,Optimal,0.0,0.14008615,0.070043075,1.0,0.7542533956754058,0.929956925,0.9277338271067885,0.8996884017114127,4,Funding-Rich Underperformers
166,2021,FRME,First Merchants Corp,15453.149,166.995,1912.571,12732.577,653.869,65.651,9241.861,4553.089,205.531,410.68,109.323,43.949,2021,Optimal,0.082132621,0.026171255,0.054151938,0.917867379,0.9489924223223346,0.945848062,0.9277338271067885,0.8996884017114127,2,Transformation Specialists
167,2021,FRST,Primis Financial Corp,3407.353,36.741,411.881,2763.216,211.488,17.54,2339.986,309.793,31.248,94.203,11.135,16.475,2021,Optimal,0.10962295,0.18879921,0.14921108,0.89037705,0.6823698932303295,0.8507889200000001,0.9277338271067885,0.8996884017114127,3,Network Laggards
168,2021,FSBC,Five Star Bancorp,2556.761,19.825,235.046,2285.89,28.386,0.452,1934.46,166.217,42.441,77.611,7.28,0.588,2021,Optimal,0.016444729,0.0,0.0082223645,0.983555271,1.0,0.9917776355,0.9277338271067885,0.8996884017114127,1,Network Leaders
169,2021,FSBW,FS Bancorp Inc,2286.391,49.721,247.507,1915.744,96.714,7.851,1754.175,283.637,37.412,86.649,37.513,5.8,2021,Optimal,0.084857825,0.050158584,0.0675082045,0.915142175,0.9044742674788248,0.9324917955,0.9277338271067885,0.8996884017114127,2,Transformation Specialists
170,2021,FSFG,First Savings Financial Group Inc,1720.506,102.951,180.377,1227.58,275.801,16.684,1090.237,227.776,29.567,57.172,120.436,17.215,2021,Optimal,0.22429329,0.017499432,0.120896361,0.77570671,0.9656030628624468,0.879103639,0.9277338271067885,0.8996884017114127,2,Transformation Specialists
171,2021,FULT,Fulton Financial Corp,25796.398,329.138,2712.68,21573.499,1130.973,151.305,18089.006,4225.409,275.497,663.73,273.745,153.936,2021,Optimal,0.065499515,0.027786351,0.046642933,0.934500485,0.9459297139469406,0.953357067,0.9277338271067885,0.8996884017114127,1,Network Leaders
172,2021,FUNC,First United Corp,1729.838,22.061,141.9,1469.374,91.389,16.382,1153.395,344.059,19.77,52.542,20.714,7.239,2021,Optimal,0.074562442,0.10001515,0.087288796,0.925437558,0.8181567772043867,0.912711204,0.9277338271067885,0.8996884017114127,3,Network Laggards
173,2021,FUSB,First US Bancshares Inc,958.302,19.157,90.064,838.126,23.016,4.035,708.35,135.189,4.451,36.971,3.521,4.157,2021,Optimal,0.051564004,0.069275049,0.0604195265,0.948435996,0.8704261376625463,0.9395804735,0.9277338271067885,0.8996884017114127,4,Funding-Rich Underperformers
174,2021,FVCB,FVCBankcorp Inc,2202.924,18.98,209.796,1883.769,55.621,9.487,1503.849,364.41,21.933,57.947,4.302,3.508,2021,Optimal,0.061688534,0.11030809,0.085998312,0.938311466,0.8013018350609334,0.914001688,0.9277338271067885,0.8996884017114127,4,Funding-Rich Underperformers
175,2021,FXNC,First National Corp/VA,1389.437,17.792,117.039,1248.752,19.556,6.714,825.118,324.749,10.359,34.84,10.187,4.152,2021,Optimal,0.022682291,0.16963684,0.0961595655,0.977317709,0.7099324607456791,0.9038404345,0.9277338271067885,0.8996884017114127,4,Funding-Rich Underperformers
176,2021,GABC,German American Bancorp Inc,5608.539,68.57,668.459,4744.316,158.41,21.832,3004.264,1903.018,84.137,160.83,59.462,14.758,2021,Optimal,0.066387503,0.047335236,0.0568613695,0.933612497,0.9096082431432682,0.9431386305,0.9277338271067885,0.8996884017114127,1,Network Leaders
177,2021,GBCI,Glacier Bancorp Inc,25940.645,270.644,3177.622,21337.249,1245.409,35.433,13432.031,10380.033,284.757,662.516,144.82,67.691,2021,Optimal,0.080917764,0.0,0.040458882,0.919082236,1.0,0.959541118,0.9277338271067885,0.8996884017114127,2,Transformation Specialists
178,2021,GCBC,Greene County Bancorp Inc,2200.335,19.166,149.584,2005.108,24.565,4.077,1105.615,889.202,23.942,53.145,9.667,2.365,2021,Optimal,0.0,0.05705369,0.028526845,1.0,0.8920514813206886,0.971473155,0.9277338271067885,0.8996884017114127,4,Funding-Rich Underperformers
179,2021,GLBZ,Glen Burnie Bancorp,442.066,6.504,35.716,383.247,20.499,5.105,210.392,156.989,2.516,12.443,0.627,0.353,2021,Optimal,0.044236817,0.0,0.0221184085,0.955763183,1.0,0.9778815915,0.9277338271067885,0.8996884017114127,1,Network Leaders
180,2021,GNTY,Guaranty Bancshares Inc,3086.07,42.345,302.214,2670.827,101.343,13.115,1906.509,526.469,39.806,95.558,24.576,2.845,2021,Optimal,0.05020923,0.16219274,0.106200985,0.94979077,0.7208849540739688,0.893799015,0.9277338271067885,0.8996884017114127,4,Funding-Rich Underperformers
181,2021,GSBC,Great Southern Bancorp Inc,5449.944,70.29,616.752,4552.101,246.599,3.82,4068.254,507.687,74.627,177.921,38.317,6.011,2021,Optimal,0.078427557,0.0,0.0392137785,0.921572443,1.0,0.9607862215,0.9277338271067885,0.8996884017114127,2,Transformation Specialists
182,2021,HAFC,Hanmi Financial Corp,6858.587,72.561,643.417,5786.269,402.218,85.392,5151.541,927.175,98.677,195.05,40.496,14.035,2021,Optimal,0.067660292,0.0,0.033830146,0.932339708,1.0,0.966169854,0.9277338271067885,0.8996884017114127,1,Network Leaders
183,2021,HARL,Harleysville Financial Corp,892.639,8.452,80.702,725.936,80.512,7.628,550.226,109.059,7.284,22.49,3.176,7.293,2021,Optimal,0.1019289,0.31022348,0.20607619,0.8980711,0.5264571506534138,0.79392381,0.9277338271067885,0.8996884017114127,3,Network Laggards
184,2021,HBAN,Huntington Bancshares Inc,174064.0,2157.0,19318.0,143263.0,7883.0,563.0,106920.0,41555.0,1295.0,4102.0,1889.0,750.0,2021,Optimal,0.050839529,0.0,0.0254197645,0.949160471,1.0,0.9745802355,0.9277338271067885,0.8996884017114127,1,Network Leaders
185,2021,HBC2,HSBC USA Inc,189232.0,665.0,17040.0,143032.0,23879.0,1710.0,55864.0,40501.0,688.0,2083.0,1237.0,622.0,2021,Optimal,0.0,0.0,0.0,1.0,1.0,1.0,0.9277338271067885,0.8996884017114127,1,Network Leaders
186,2021,HBCP,Home Bancorp Inc,2938.244,39.151,351.903,2535.849,37.042,19.981,1840.093,329.734,48.621,100.989,16.271,14.464,2021,Optimal,0.053493573,0.16200716,0.1077503665,0.946506427,0.7211597904439763,0.8922496335,0.9277338271067885,0.8996884017114127,4,Funding-Rich Underperformers
187,2021,HBIA,Hills Bancorporation,4044.562,42.458,488.463,3533.994,2.782,20.729,2660.532,555.9,48.085,104.462,33.464,16.633,2021,Optimal,0.038042508,0.0,0.019021254,0.961957492,1.0,0.980978746,0.9277338271067885,0.8996884017114127,1,Network Leaders
188,2021,HBNC,Horizon Bancorp Inc,7374.903,74.051,723.209,5802.991,793.036,28.715,3607.631,2737.695,87.091,181.69,57.952,22.58,2021,Optimal,0.1304126,0.10231339,0.116362995,0.8695874,0.8143660579138934,0.883637005,0.9277338271067885,0.8996884017114127,3,Network Laggards
189,2021,HBT,HBT Financial Inc,4314.254,56.131,411.881,3738.185,138.286,14.128,2499.689,1286.462,56.271,122.403,37.328,6.057,2021,Optimal,0.045560545,0.077276436,0.0614184905,0.954439455,0.8565336928988577,0.9385815095,0.9277338271067885,0.8996884017114127,4,Funding-Rich Underperformers
190,2021,HFBK,Harford Bank (Alberdeen MD),575.175,7.021,49.547,522.324,0.527,5.89,368.101,106.176,5.341,17.591,1.966,7.79,2021,Optimal,0.0,0.0,0.0,1.0,1.0,1.0,0.9277338271067885,0.8996884017114127,1,Network Leaders
191,2021,HFBL,Home Federal Bancorp/LA,565.731,8.665,52.725,506.596,4.143,7.188,340.515,84.256,5.365,16.941,5.452,1.396,2021,Optimal,0.02061669,0.0,0.010308345,0.97938331,1.0,0.989691655,0.9277338271067885,0.8996884017114127,1,Network Leaders
192,2021,HFWA,Heritage Financial Corp,7432.412,89.88,854.432,6381.337,100.86,58.092,3815.662,1285.661,98.035,205.789,34.615,23.754,2021,Optimal,0.050635866,0.0,0.025317933,0.949364134,1.0,0.974682067,0.9277338271067885,0.8996884017114127,1,Network Leaders
193,2021,HIFS,Hingham Institution for Savings,3431.165,13.988,354.612,2392.865,665.87,8.864,3019.527,121.881,67.458,102.465,15.308,0.427,2021,Optimal,0.10086303,0.0,0.050431515,0.89913697,1.0,0.949568485,0.9277338271067885,0.8996884017114127,2,Transformation Specialists
194,2021,HLFN,Home Loan Financial Corp,252.627,3.703,32.105,214.976,4.758,1.307,196.105,11.932,3.842,8.883,2.481,0.435,2021,Optimal,0.039069687,0.0,0.0195348435,0.960930313,1.0,0.9804651565,0.9277338271067885,0.8996884017114127,1,Network Leaders
195,2021,HNVR,Hanover Bancorp Inc,1484.641,15.009,122.529,1164.662,184.155,1.249,1247.125,20.072,10.851,41.708,3.349,1.028,2021,Optimal,0.14104391,0.024805739,0.0829248245,0.85895609,0.951589383126981,0.9170751755,0.9277338271067885,0.8996884017114127,2,Transformation Specialists
196,2021,HOMB,Home Bancshares Inc,18052.138,170.755,2765.721,14260.57,954.388,78.558,9836.089,3119.807,319.021,572.971,137.569,51.823,2021,Optimal,0.11927783,0.10551851,0.1123981699999999,0.88072217,0.8091058466311885,0.88760183,0.9277338271067885,0.8996884017114127,3,Network Laggards
197,2021,HONE,HarborOne Bancorp Inc,4553.405,101.924,679.261,3682.649,118.24,34.696,3607.733,399.967,58.517,131.37,100.686,36.186,2021,Optimal,0.10924785,0.0,0.054623925,0.89075215,1.0,0.945376075,0.9277338271067885,0.8996884017114127,2,Transformation Specialists
198,2021,HONT,Honat Bancorp Inc,945.107,12.675,119.312,815.183,0.571,5.249,559.717,153.31,10.925,27.681,7.408,1.667,2021,Optimal,0.061181732,0.0,0.030590866,0.938818268,1.0,0.969409134,0.9277338271067885,0.8996884017114127,1,Network Leaders
199,2021,HOPE,Hope Bancorp Inc,17889.061,175.151,2092.983,15040.45,678.866,143.327,13952.743,2741.385,204.572,512.77,43.594,111.762,2021,Optimal,0.06231893,0.0,0.031159465,0.93768107,1.0,0.968840535,0.9277338271067885,0.8996884017114127,1,Network Leaders
200,2021,HTB,HomeTrust Bancshares Inc,3524.723,62.956,396.519,2955.541,122.73,16.26,2733.267,180.169,15.675,103.322,39.821,12.794,2021,Optimal,0.078612674,0.073248193,0.0759304335,0.921387326,0.8635018563688373,0.9240695665,0.9277338271067885,0.8996884017114127,3,Network Laggards
201,2021,HTBK,Heritage Commerce Corp,5499.409,51.862,598.028,4759.412,39.925,7.869,3087.326,793.153,47.7,146.125,9.688,3.738,2021,Optimal,0.044809323,0.1328237,0.0888165115,0.955190677,0.7654997860655636,0.9111834885,0.9277338271067885,0.8996884017114127,4,Funding-Rich Underperformers
202,2021,HWBK,Hawthorn Bancshares Inc,1831.55,27.657,148.956,1516.82,152.57,46.867,1302.133,316.278,22.517,58.545,16.531,35.998,2021,Optimal,0.097430191,0.0,0.0487150955,0.902569809,1.0,0.9512849045,0.9277338271067885,0.8996884017114127,2,Transformation Specialists
203,2021,HWC,Hancock Whitney Corp,36531.205,457.935,3670.352,30465.897,2031.36,155.789,21134.282,8605.192,463.215,933.235,364.334,66.844,2021,Optimal,0.066898375,0.0021257475,0.0345120612499999,0.933101625,0.995757523433954,0.96548793875,0.9277338271067885,0.8996884017114127,1,Network Leaders
204,2021,IBCP,Independent Bank Corp,4704.74,79.969,398.484,4117.09,115.56,8.639,2905.045,1431.257,62.895,129.765,76.643,5.355,2021,Optimal,0.035245322,0.025181999,0.0302136605,0.964754678,0.9508731151647932,0.9697863395,0.9277338271067885,0.8996884017114127,1,Network Leaders
205,2021,IBOC,International Bancshares Corp,16046.236,123.48,2308.481,12617.877,1010.452,80.309,7209.151,4520.281,253.922,371.272,222.326,37.253,2021,Optimal,0.12408086,0.023494906,0.073787883,0.87591914,0.9540888657827868,0.926212117,0.9277338271067885,0.8996884017114127,2,Transformation Specialists
206,2021,INBC,InBankshares Corp,745.233,14.029,77.239,627.75,36.351,0.691,431.283,233.532,2.749,24.139,3.494,0.948,2021,Optimal,0.082524797,0.069670989,0.076097893,0.917475203,0.8697337971835001,0.923902107,0.9277338271067885,0.8996884017114127,3,Network Laggards
207,2021,INBK,First Internet Bancorp,4210.994,38.223,380.338,3178.959,619.153,10.218,2887.662,688.259,48.114,86.556,32.844,8.618,2021,Optimal,0.16979052,0.14287379,0.156332155,0.8302094799999999,0.7499745094338021,0.843667845,0.9277338271067885,0.8996884017114127,3,Network Laggards
208,2021,INDB,Independent Bank Corp,20423.405,172.586,3018.449,16917.044,216.282,66.861,13587.286,2672.546,120.992,401.559,105.85,27.82,2021,Optimal,0.075547354,0.0,0.037773677,0.924452646,1.0,0.962226323,0.9277338271067885,0.8996884017114127,2,Transformation Specialists
209,2021,IROQ,IF Bancorp Inc,797.341,11.897,85.304,667.632,34.245,1.095,519.97,194.089,5.347,20.179,6.228,0.411,2021,Optimal,0.088951171,0.075254604,0.0821028875,0.911048829,0.860024586325789,0.9178971125,0.9277338271067885,0.8996884017114127,3,Network Laggards
210,2021,ISBA,Isabella Bank Corp,2032.158,23.749,211.048,1710.339,99.32,6.07,1301.037,507.984,19.499,52.701,13.822,1.684,2021,Optimal,0.081497023,0.075917005,0.0787070139999999,0.918502977,0.8588794402408391,0.921292986,0.9277338271067885,0.8996884017114127,3,Network Laggards
211,2021,ISTR,Investar Holding Corp,2513.203,35.527,242.598,2120.266,139.156,14.49,1872.012,382.567,8.0,83.814,12.042,32.148,2021,Optimal,0.077246645,0.026047995,0.05164732,0.922753355,0.949226556404898,0.94835268,0.9277338271067885,0.8996884017114127,2,Transformation Specialists
212,2021,JDVB,JD Bancshares Inc,1356.576,18.011,101.229,1201.44,47.712,9.108,622.565,492.884,11.015,35.804,12.908,5.154,2021,Optimal,0.03741158,0.18167352,0.10954255,0.96258842,0.6925148665428332,0.89045745,0.9277338271067885,0.8996884017114127,4,Funding-Rich Underperformers
213,2021,JFBC,Jeffersonville Bancorp,704.868,9.654,79.074,619.161,0.501,18.302,292.491,216.878,5.944,18.576,4.33,12.464,2021,Optimal,0.040224053,0.0,0.0201120265,0.959775947,1.0,0.9798879735,0.9277338271067885,0.8996884017114127,1,Network Leaders
214,2021,JPM,JPMorgan Chase & Co,3743567.0,38567.0,294127.0,2462303.0,557267.0,10906.0,1069026.0,878303.0,48334.0,52311.0,69338.0,8346.0,2021,Optimal,0.0,0.0,0.0,1.0,1.0,1.0,0.9277338271067885,0.8996884017114127,1,Network Leaders
215,2021,JUVF,Juniata Valley Financial Corp,810.518,10.7,71.29,708.447,24.526,0.444,418.303,338.664,6.604,21.335,5.154,0.313,2021,Optimal,0.045949736,0.022108647,0.0340291915,0.954050264,0.9567391449727164,0.9659708085,0.9277338271067885,0.8996884017114127,1,Network Leaders
216,2021,KEY,KeyCorp,186346.0,2561.0,17423.0,152572.0,13479.0,937.0,97783.0,53542.0,2625.0,4071.0,3194.0,489.0,2021,Optimal,0.059592554,0.0,0.029796277,0.940407446,1.0,0.970203723,0.9277338271067885,0.8996884017114127,1,Network Leaders
217,2021,KFFB,Kentucky First Federal Bancorp,338.063,5.44,52.296,226.843,56.873,8.035,299.524,6.993,1.82,10.011,0.595,6.737,2021,Optimal,0.24670455,0.0,0.123352275,0.75329545,1.0,0.876647725,0.9277338271067885,0.8996884017114127,2,Transformation Specialists
218,2021,KISB,Kish Bancorp Inc,1232.778,19.932,77.099,1002.645,139.158,0.598,878.713,197.188,9.881,33.389,11.346,0.642,2021,Optimal,0.11829187,0.09214777,0.1052198199999999,0.88170813,0.8312540252680277,0.89478018,0.9277338271067885,0.8996884017114127,3,Network Laggards
219,2021,KRNY,Kearny Financial Corp,7283.735,68.8,1042.944,5485.306,703.703,36.874,4851.394,1751.617,63.233,184.509,24.751,79.945,2021,Optimal,0.16801547,0.0,0.084007735,0.8319845299999999,1.0,0.915992265,0.9277338271067885,0.8996884017114127,2,Transformation Specialists
220,2021,KSBI,KS Bancorp Inc,571.225,7.675,36.645,487.437,43.248,0.92,350.667,89.763,6.094,17.661,2.876,1.523,2021,Optimal,0.061657296,0.28526398,0.173460638,0.938342704,0.5561005607579542,0.826539362,0.9277338271067885,0.8996884017114127,4,Funding-Rich Underperformers
221,2021,LARK,Landmark Bancorp Inc,1328.968,20.157,135.643,1148.481,29.054,12.289,662.008,383.622,18.011,38.32,22.261,7.781,2021,Optimal,0.061289429,0.16178053,0.1115349795,0.938710571,0.7214955392650624,0.8884650205,0.9277338271067885,0.8996884017114127,4,Funding-Rich Underperformers
222,2021,LCNB,LCNB Corp,1903.629,27.616,238.604,1628.819,16.473,3.718,1369.445,345.649,20.974,57.124,16.232,1.537,2021,Optimal,0.066820115,0.0,0.0334100575,0.933179885,1.0,0.9665899425,0.9277338271067885,0.8996884017114127,1,Network Leaders
223,2021,LFGP,Ledyard Financial Group Inc,771.143,15.662,72.705,675.083,12.246,1.398,362.677,350.563,7.765,18.277,15.032,1.361,2021,Optimal,0.047659084,0.0090610849,0.02836008445,0.952340916,0.982040562190746,0.97163991555,0.9277338271067885,0.8996884017114127,1,Network Leaders
224,2021,LKFN,Lakeland Financial Corp,6557.323,57.882,704.906,5735.407,79.218,12.418,4287.841,1412.33,95.733,178.088,44.72,15.286,2021,Optimal,0.033448541,0.0096326869,0.02154061395,0.966551459,0.9809184329608496,0.97845938605,0.9277338271067885,0.8996884017114127,1,Network Leaders
225,2021,LOB,Live Oak Bancshares Inc,8213.393,124.932,715.133,7112.044,320.729,50.265,5521.262,909.952,166.995,296.785,160.2,43.153,2021,Optimal,0.041125712,0.055497699,0.0483117054999999,0.958874288,0.8948407011164882,0.9516882945,0.9277338271067885,0.8996884017114127,4,Funding-Rich Underperformers
226,2021,LSBK,Lake Shore Bancorp Inc,713.739,8.999,87.976,593.184,22.484,3.161,523.324,90.422,6.187,21.994,3.188,9.8,2021,Optimal,0.088343256,0.0,0.044171628,0.911656744,1.0,0.955828372,0.9277338271067885,0.8996884017114127,2,Transformation Specialists
227,2021,MBCN,Middlefield Banc Corp,1331.006,17.151,145.335,1166.61,13.779,15.245,981.691,175.416,18.633,48.27,7.206,11.851,2021,Optimal,0.047730513,0.0,0.0238652565,0.952269487,1.0,0.9761347435,0.9277338271067885,0.8996884017114127,1,Network Leaders
228,2021,MBIN,Merchants Bancorp,11278.638,85.727,1155.409,8982.613,1033.954,6.321,5782.663,340.217,227.104,277.994,157.333,0.8,2021,Optimal,0.11557707,0.0,0.057788535,0.8844229299999999,1.0,0.942211465,0.9277338271067885,0.8996884017114127,2,Transformation Specialists
229,2021,MBKL,MBT Bancshares Inc,612.539,8.526,44.45,545.669,21.181,0.482,291.967,116.361,4.673,18.006,3.673,0.737,2021,Optimal,0.024732441,0.36499517,0.1948638055,0.975267559,0.4652066497788413,0.8051361945,0.9277338271067885,0.8996884017114127,4,Funding-Rich Underperformers
230,2021,MBWM,Mercantile Bank Corp,5257.749,66.447,456.559,4083.193,693.353,4.085,3453.459,610.745,59.021,124.062,56.22,2.468,2021,Optimal,0.14388517,0.079647721,0.1117664455,0.85611483,0.8524560938706415,0.8882335545,0.9277338271067885,0.8996884017114127,3,Network Laggards
231,2021,MCB,Metropolitan Bank Holding Corp,7116.358,45.908,556.989,6435.572,77.793,6.389,3731.929,962.994,60.555,157.001,23.697,10.286,2021,Optimal,0.0,0.26111607,0.130558035,1.0,0.5858968477025276,0.869441965,0.9277338271067885,0.8996884017114127,4,Funding-Rich Underperformers
232,2021,MCBK,Madison County Financial Inc,532.716,6.757,87.23,413.309,20.7,0.12,374.479,110.496,7.412,15.427,3.425,0.072,2021,Optimal,0.14166777,0.0,0.070833885,0.85833223,1.0,0.929166115,0.9277338271067885,0.8996884017114127,2,Transformation Specialists
233,2021,MCBS,Metrocity Bankshares Inc,3106.158,30.112,290.223,2263.02,510.32,16.938,2505.07,56.82,61.701,104.169,33.803,15.416,2021,Optimal,0.20112945,0.066416105,0.1337727775,0.79887055,0.8754405439141412,0.8662272225000001,0.9277338271067885,0.8996884017114127,3,Network Laggards
234,2021,MCHB,Mechanics Bancorp,19422.86,221.859,2387.777,16766.625,62.932,51.911,11005.775,6077.898,206.011,621.158,70.919,42.428,2021,Optimal,0.036617434,0.0,0.018308717,0.963382566,1.0,0.981691283,0.9277338271067885,0.8996884017114127,1,Network Leaders
235,2021,MFBP,M&F Bancorp Inc,365.063,6.863,42.902,317.021,1.115,0.879,231.908,72.503,2.783,11.285,4.177,0.824,2021,Optimal,0.038044131,0.0,0.0190220655,0.961955869,1.0,0.9809779345,0.9277338271067885,0.8996884017114127,1,Network Leaders
236,2021,MFGI,Merchants Financial Group Inc,2822.549,46.698,230.639,2518.563,57.494,22.679,1607.926,210.964,28.777,77.341,40.363,16.948,2021,Optimal,0.021504987,0.38185673,0.2016808584999999,0.978495013,0.4473280453611135,0.7983191415,0.9277338271067885,0.8996884017114127,4,Funding-Rich Underperformers
237,2021,MGYR,Magyar Bancorp Inc,773.99,10.619,97.641,639.814,27.61,12.326,593.376,72.325,6.12,25.587,3.409,8.796,2021,Optimal,0.097405617,0.0,0.0487028085,0.902594383,1.0,0.9512971915,0.9277338271067885,0.8996884017114127,2,Transformation Specialists
238,2021,MNSB,MainStreet Bancshares Inc,1647.402,19.305,188.788,1411.963,37.047,1.329,1353.457,135.871,22.171,53.536,6.11,1.051,2021,Optimal,0.066206738,0.0,0.033103369,0.933793262,1.0,0.966896631,0.9277338271067885,0.8996884017114127,1,Network Leaders
239,2021,MOFG,MidWestOne Financial Group Inc,6025.128,69.937,527.475,5114.519,340.025,45.005,3245.012,2298.267,69.486,156.281,42.453,31.897,2021,Optimal,0.062633384,0.043308389,0.0529708865,0.937366616,0.9169787390638916,0.9470291135,0.9277338271067885,0.8996884017114127,1,Network Leaders
240,2021,MPB,Mid Penn Bancorp Inc,4689.425,41.711,490.076,4002.016,166.907,15.644,3104.396,401.753,29.319,108.568,21.533,10.497,2021,Optimal,0.059374429,0.22959205,0.1444832395,0.940625571,0.6265557344812046,0.8555167605,0.9277338271067885,0.8996884017114127,4,Funding-Rich Underperformers
241,2021,MRBK,Meridian Corp,1713.443,78.866,165.36,1446.413,81.852,7.93,1386.457,173.145,35.585,63.111,87.988,22.988,2021,Optimal,0.080463264,0.0,0.040231632,0.919536736,1.0,0.959768368,0.9277338271067885,0.8996884017114127,2,Transformation Specialists
242,2021,MSBC,Mission Bancorp/CA,1520.178,14.227,120.279,1332.616,23.256,0.128,861.293,240.887,18.723,43.921,6.632,0.075,2021,Optimal,0.039010316,0.0,0.019505158,0.960989684,1.0,0.980494842,0.9277338271067885,0.8996884017114127,1,Network Leaders
243,2021,MSBI,Midland States Bancorp Inc,7443.805,86.883,663.837,6110.648,586.153,75.432,5224.801,952.473,81.317,207.675,69.899,57.068,2021,Optimal,0.092514841,0.13977482,0.1161448304999999,0.907485159,0.7547325707721811,0.8838551695,0.9277338271067885,0.8996884017114127,3,Network Laggards
244,2021,MTB,M&T Bank Corp,155107.16,2045.501,17903.405,131543.409,3963.527,1927.967,91815.806,7155.86,1858.746,3824.778,2166.994,2083.984,2021,Optimal,0.029582727,0.0,0.0147913635,0.970417273,1.0,0.9852086365,0.9277338271067885,0.8996884017114127,1,Network Leaders
245,2021,MVBF,MVB Financial Corp,2792.449,60.21,275.303,2377.605,103.015,19.443,1869.838,453.868,39.121,77.159,62.596,20.287,2021,Optimal,0.067074017,0.12302417,0.0950490935,0.932925983,0.7809055703582942,0.9049509065,0.9277338271067885,0.8996884017114127,4,Funding-Rich Underperformers
246,2021,MYFW,First Western Financial Inc,2527.489,40.199,219.041,2205.703,91.523,4.252,1949.137,58.795,20.61,56.509,40.15,4.327,2021,Optimal,0.044883623,0.073140186,0.0590119045,0.955116377,0.863689409912751,0.9409880955,0.9277338271067885,0.8996884017114127,4,Funding-Rich Underperformers
247,2021,NASB,NASB Financial Inc,2359.371,56.772,393.346,1351.337,575.793,32.037,1416.397,167.097,73.706,97.849,146.181,30.348,2021,Optimal,0.37657884,0.0,0.18828942,0.6234211599999999,1.0,0.81171058,0.9277338271067885,0.8996884017114127,2,Transformation Specialists
248,2021,NBHC,National Bank Holdings Corp,7214.011,127.504,840.106,6228.173,82.499,25.134,4513.383,1351.599,93.606,187.144,110.364,17.837,2021,Optimal,0.045497134,0.047059654,0.046278394,0.954502866,0.9101108445536572,0.953721606,0.9277338271067885,0.8996884017114127,1,Network Leaders
249,2021,NBN,Northeast Bank,2174.402,22.43,232.391,1862.43,36.111,24.379,1040.624,68.176,71.503,67.086,72.033,20.397,2021,Optimal,0.062824195,0.0,0.0314120975,0.937175805,1.0,0.9685879025,0.9277338271067885,0.8996884017114127,1,Network Leaders
250,2021,NBTB,NBT Bancorp Inc,12012.111,172.58,1250.453,10234.469,339.077,49.254,7498.459,2479.219,154.885,321.088,157.794,32.91,2021,Optimal,0.052611619,0.083459772,0.0680356954999999,0.947388381,0.8459384018551267,0.9319643045,0.9277338271067885,0.8996884017114127,4,Funding-Rich Underperformers
251,2021,NECB,Northeast Community Bancorp Inc,1225.07,14.996,251.382,927.164,31.1,5.568,973.335,39.393,11.905,43.303,2.354,1.996,2021,Optimal,0.17494844,0.0,0.08747422,0.82505156,1.0,0.91252578,0.9277338271067885,0.8996884017114127,2,Transformation Specialists
252,2021,NEFB,Neffs Bancorp Inc,462.754,3.819,74.697,378.011,7.5,0.548,208.532,219.102,4.036,11.134,0.244,0.543,2021,Optimal,0.052443611,0.0,0.0262218055,0.947556389,1.0,0.9737781945,0.9277338271067885,0.8996884017114127,1,Network Leaders
253,2021,NFBK,Northfield Bancorp Inc,5430.542,43.677,739.883,4169.334,461.606,29.524,3806.617,1241.198,70.654,155.649,14.453,8.106,2021,Optimal,0.15349165,0.0,0.076745825,0.84650835,1.0,0.923254175,0.9277338271067885,0.8996884017114127,2,Transformation Specialists
254,2021,NIC,Nicolet Bankshares Inc,7695.037,70.618,891.891,6465.916,216.915,13.063,4621.836,1617.472,60.652,157.955,67.364,56.109,2021,Optimal,0.070775714,0.0,0.035387857,0.929224286,1.0,0.964612143,0.9277338271067885,0.8996884017114127,1,Network Leaders
255,2021,NIDB,Northeast Indiana Bancorp Inc,417.657,5.413,48.694,341.948,23.001,5.413,278.265,100.988,7.297,14.246,4.646,3.224,2021,Optimal,0.089530733,0.057225063,0.073377898,0.910469267,0.8917447854714735,0.926622102,0.9277338271067885,0.8996884017114127,3,Network Laggards
256,2021,NKSH,National Bankshares Inc,1702.175,15.747,191.751,1494.587,1.558,5.238,803.248,686.925,20.382,41.889,8.426,3.83,2021,Optimal,0.038043367,0.0,0.0190216835,0.961956633,1.0,0.9809783165,0.9277338271067885,0.8996884017114127,1,Network Leaders
257,2021,NRIM,Northrim BanCorp Inc,2724.719,60.412,237.817,2421.631,35.783,16.289,1413.886,458.211,37.517,80.827,52.263,15.031,2021,Optimal,0.025920991,0.29947273,0.1626968605,0.974079009,0.53908577981471,0.8373031395,0.9277338271067885,0.8996884017114127,4,Funding-Rich Underperformers
258,2021,NTRS,Northern Trust Corp,183889.8,2414.5,12016.8,159928.4,8430.2,132.4,40469.6,61563.8,1545.3,1382.7,5081.8,125.3,2021,Optimal,0.0,0.0,0.0,1.0,1.0,1.0,0.9277338271067885,0.8996884017114127,1,Network Leaders
259,2021,NWBI,Northwest Bancshares Inc,14501.508,193.887,1583.571,12301.165,449.448,105.649,9991.336,2330.93,154.323,391.262,142.889,159.675,2021,Optimal,0.055288834,0.0,0.027644417,0.944711166,1.0,0.972355583,0.9277338271067885,0.8996884017114127,1,Network Leaders
260,2021,NWFL,Norwood Financial Corp.,2068.504,20.608,205.262,1756.793,95.397,4.356,1354.931,410.709,24.915,65.313,8.325,2.476,2021,Optimal,0.070647596,0.11566701,0.093157303,0.929352404,0.7926495827818733,0.906842697,0.9277338271067885,0.8996884017114127,4,Funding-Rich Underperformers
261,2021,NWPP,New Peoples Bankshares Inc,794.647,12.662,63.631,707.513,20.558,8.882,593.744,107.358,7.01,27.211,9.98,4.302,2021,Optimal,0.032149746,0.066951473,0.0495506094999999,0.967850254,0.8744994975043255,0.9504493905,0.9277338271067885,0.8996884017114127,4,Funding-Rich Underperformers
262,2021,OBK,Origin Bancorp Inc,7861.285,93.026,730.211,6570.693,495.761,28.757,5231.331,1580.184,108.546,216.252,62.193,28.517,2021,Optimal,0.075467426,0.10401814,0.0897427829999999,0.924532574,0.8115644367944896,0.910257217,0.9277338271067885,0.8996884017114127,3,Network Laggards
263,2021,OBT,Orange County Bancorp Inc,2142.583,22.967,182.836,1914.384,25.414,2.002,1291.428,467.014,21.287,60.461,12.102,5.953,2021,Optimal,0.022751722,0.09241386,0.057582791,0.977248278,0.830807968694209,0.942417209,0.9277338271067885,0.8996884017114127,4,Funding-Rich Underperformers
264,2021,OCFC,OceanFirst Financial Corp.,11739.616,120.014,1516.553,9732.816,365.352,36.516,8632.202,1861.798,110.076,305.338,51.931,19.054,2021,Optimal,0.078582042,0.0,0.039291021,0.921417958,1.0,0.960708979,0.9277338271067885,0.8996884017114127,2,Transformation Specialists
265,2021,OFED,Oconee Federal Financial Corp,543.716,6.667,88.1,439.93,15.0,2.9,339.089,140.469,4.065,14.847,2.003,2.781,2021,Optimal,0.10525224,0.057211665,0.0812319525,0.89474776,0.8917687594754263,0.9187680475,0.9277338271067885,0.8996884017114127,3,Network Laggards
266,2021,OFG,OFG Bancorp,9899.72,133.442,1069.16,8603.118,95.069,165.606,6402.586,895.798,146.151,407.37,133.21,128.992,2021,Optimal,0.035411974,0.0,0.017705987,0.964588026,1.0,0.982294013,0.9277338271067885,0.8996884017114127,1,Network Leaders
267,2021,ONB,Old National Bancorp,24453.564,284.098,3012.018,18569.195,2651.476,166.412,13576.746,7564.652,277.538,596.4,214.219,127.099,2021,Optimal,0.15207455,0.014747292,0.083410921,0.84792545,0.9709340599058232,0.916589079,0.9277338271067885,0.8996884017114127,2,Transformation Specialists
268,2021,OPBK,OP Bancorp,1726.691,21.253,165.222,1534.066,10.307,0.985,1314.019,161.443,28.84,61.026,16.017,3.202,2021,Optimal,0.031620602,0.0,0.015810301,0.968379398,1.0,0.984189699,0.9277338271067885,0.8996884017114127,1,Network Leaders
269,2021,ORBN,Oregon Bancorp Inc,411.661,48.693,75.554,322.924,2.172,0.849,246.609,14.232,22.389,12.893,77.458,1.407,2021,Optimal,0.13158596,0.0,0.06579298,0.86841404,1.0,0.93420702,0.9277338271067885,0.8996884017114127,2,Transformation Specialists
270,2021,ORPB,Oregon Pacific Bancorp,691.721,9.362,49.26,618.68,18.652,2.521,398.155,124.433,7.801,20.319,6.616,0.928,2021,Optimal,0.022278977,0.26669397,0.1444864735,0.977721023,0.5789133345286234,0.8555135265,0.9277338271067885,0.8996884017114127,4,Funding-Rich Underperformers
271,2021,ORRF,Orrstown Financial Services Inc,2834.565,44.002,271.656,2464.929,68.279,10.31,1979.986,479.69,32.881,86.974,29.152,6.449,2021,Optimal,0.046687719,0.091077761,0.06888274,0.953312281,0.8330499176950964,0.93111726,0.9277338271067885,0.8996884017114127,4,Funding-Rich Underperformers
272,2021,OSBC,Old Second Bancorp Inc,6212.184,57.691,502.021,5466.232,198.876,25.519,3421.948,1705.745,20.044,96.764,39.23,47.022,2021,Optimal,0.027918297,0.12789747,0.0779078835,0.972081703,0.7732108220794219,0.9220921165,0.9277338271067885,0.8996884017114127,4,Funding-Rich Underperformers
273,2021,OTTW,Ottawa Bancorp Inc,342.525,5.907,45.974,273.051,16.525,2.007,287.517,32.7,2.904,10.891,2.955,1.6,2021,Optimal,0.11213628,0.0,0.05606814,0.88786372,1.0,0.94393186,0.9277338271067885,0.8996884017114127,2,Transformation Specialists
274,2021,OVBC,Ohio Valley Banc Corp.,1249.769,21.649,141.356,1059.908,29.309,6.976,831.191,194.559,11.732,41.013,9.864,4.651,2021,Optimal,0.079832242,0.12424756,0.102039901,0.920167758,0.7789676145705845,0.897960099,0.9277338271067885,0.8996884017114127,3,Network Laggards
275,2021,OZK,Bank OZK,26530.43,214.567,4839.36,20209.134,1287.544,56.247,18307.825,3957.521,579.001,989.72,115.538,51.339,2021,Optimal,0.14907444,0.0,0.07453722,0.85092556,1.0,0.92546278,0.9277338271067885,0.8996884017114127,2,Transformation Specialists
276,2021,PB,Prosperity Bancshares Inc,37833.97,310.556,6427.236,30771.762,497.499,59.57,18608.87,12827.802,519.297,993.308,139.966,28.088,2021,Optimal,0.089954844,0.0,0.044977422,0.910045156,1.0,0.955022578,0.9277338271067885,0.8996884017114127,2,Transformation Specialists
277,2021,PBBK,PB Bankshares Inc,314.929,3.994,45.834,251.13,16.681,2.815,252.341,27.382,0.785,7.862,0.79,1.653,2021,Optimal,0.10103128,0.0,0.05051564,0.89896872,1.0,0.94948436,0.9277338271067885,0.8996884017114127,2,Transformation Specialists
278,2021,PBCO,PBCO Financial Corp,859.597,13.565,79.065,764.229,7.437,1.028,457.225,242.648,11.473,31.124,8.311,0.542,2021,Optimal,0.034664259,0.086057304,0.0603607815,0.965335741,0.8415234561140614,0.9396392185,0.9277338271067885,0.8996884017114127,4,Funding-Rich Underperformers
279,2021,PBHC,Pathfinder Bancorp Inc,1285.177,14.384,110.633,1055.346,109.697,21.333,831.946,356.387,12.407,38.295,6.231,8.292,2021,Optimal,0.10311925,0.0,0.051559625,0.89688075,1.0,0.948440375,0.9277338271067885,0.8996884017114127,2,Transformation Specialists
280,2021,PCB,PCB Bancorp,2149.735,27.974,256.286,1867.134,17.444,4.564,1732.205,131.775,40.103,77.137,18.434,0.994,2021,Optimal,0.051582439,0.0,0.0257912195,0.948417561,1.0,0.9742087805,0.9277338271067885,0.8996884017114127,1,Network Leaders
281,2021,PDLB,Ponce Financial Group Inc,1653.51,23.262,189.256,1204.716,121.345,11.683,1321.43,120.281,25.415,58.846,34.637,11.443,2021,Optimal,0.2080897,0.0,0.10404485,0.7919103000000001,1.0,0.89595515,0.9277338271067885,0.8996884017114127,2,Transformation Specialists
282,2021,PEBK,Peoples Bancorp of North Carolina Inc.,1624.193,24.506,142.369,1412.748,57.235,3.886,884.869,410.217,15.133,43.974,24.919,3.23,2021,Optimal,0.052757948,0.19424656,0.123502254,0.947242052,0.6746960527146085,0.876497746,0.9277338271067885,0.8996884017114127,4,Funding-Rich Underperformers
283,2021,PEBO,Peoples Bancorp Inc,7063.521,94.612,845.025,5862.552,274.631,28.679,4481.6,1683.609,47.555,172.553,68.885,47.984,2021,Optimal,0.082704475,0.042506564,0.0626055195,0.917295525,0.9184531484638212,0.9373944805,0.9277338271067885,0.8996884017114127,2,Transformation Specialists
284,2021,PFBC,Preferred Bank of Los Angeles,6046.303,42.606,586.718,5225.511,170.619,20.529,4418.676,480.873,95.24,185.877,7.743,14.824,2021,Optimal,0.045508839,0.10122902,0.0733689295,0.954491161,0.8161526473394245,0.9266310705,0.9277338271067885,0.8996884017114127,4,Funding-Rich Underperformers
285,2021,PFIS,Peoples Financial Services Corp,3369.483,29.736,340.126,2963.397,44.501,10.502,2329.173,592.719,43.519,84.635,25.636,4.961,2021,Optimal,0.033111181,0.063148704,0.0481299425,0.966888819,0.8812043813581133,0.9518700575,0.9277338271067885,0.8996884017114127,4,Funding-Rich Underperformers
286,2021,PFLC,Pacific Financial Corp,1319.966,27.114,117.642,1178.94,15.288,2.392,628.333,236.151,12.697,35.905,16.729,1.421,2021,Optimal,0.029481235,0.36574138,0.1976113075,0.970518765,0.4644060942196831,0.8023886925,0.9277338271067885,0.8996884017114127,4,Funding-Rich Underperformers
287,2021,PFS,Provident Financial Services Inc,13781.202,143.366,1697.096,11268.452,687.293,91.565,9581.624,2529.616,167.921,366.023,86.809,56.758,2021,Optimal,0.090017825,0.038662417,0.064340121,0.909982175,0.925553449576678,0.935659879,0.9277338271067885,0.8996884017114127,2,Transformation Specialists
288,2021,PGC,Peapack-Gladstone Financial Corp,6077.993,81.864,546.388,5266.149,148.632,11.46,4806.721,933.068,56.622,138.061,72.243,15.573,2021,Optimal,0.043052581,0.0,0.0215262905,0.956947419,1.0,0.9784737095,0.9277338271067885,0.8996884017114127,1,Network Leaders
289,2021,PKBK,Parke Bancorp Inc,2136.445,9.731,232.361,1768.41,122.944,8.868,1484.847,28.413,40.76,69.116,8.799,5.962,2021,Optimal,0.0,0.18727907,0.093639535,1.0,0.6845239257860412,0.906360465,0.9277338271067885,0.8996884017114127,4,Funding-Rich Underperformers
290,2021,PLBC,Plumas Bancorp,1614.074,12.792,134.082,1438.999,31.03,2.97,839.737,305.914,21.009,46.934,8.716,5.397,2021,Optimal,0.01684764,0.29358134,0.15521449,0.98315236,0.5460952768536379,0.84478551,0.9277338271067885,0.8996884017114127,4,Funding-Rich Underperformers
291,2021,PNBK,Patriot National Bancorp Inc,948.481,11.089,67.344,748.562,123.586,21.297,739.488,105.818,5.094,25.261,4.423,23.097,2021,Optimal,0.13541875,0.0,0.067709375,0.86458125,1.0,0.932290625,0.9277338271067885,0.8996884017114127,2,Transformation Specialists
292,2021,PNC,The PNC Financial Services Group Inc,557191.0,7141.0,55726.0,457278.0,33004.0,2337.0,282242.0,132962.0,5674.0,10647.0,8564.0,2506.0,2021,Optimal,0.0,0.0,0.0,1.0,1.0,1.0,0.9277338271067885,0.8996884017114127,1,Network Leaders
293,2021,PNFP,Pinnacle Financial Partners Inc,38469.399,436.006,5310.607,31304.533,1565.076,86.196,23414.262,6070.152,527.323,932.401,395.734,40.106,2021,Optimal,0.089442793,0.0,0.0447213965,0.910557207,1.0,0.9552786035,0.9277338271067885,0.8996884017114127,2,Transformation Specialists
294,2021,PPBN,Pinnacle Bankshares Corp,1015.863,14.756,62.367,938.079,10.0,1.469,551.739,121.999,4.375,25.089,7.187,0.95,2021,Optimal,0.0,0.3539848,0.1769924,1.0,0.4771214566071938,0.8230076,0.9277338271067885,0.8996884017114127,4,Funding-Rich Underperformers
295,2021,PRK,Park National Corp,9560.254,166.438,1110.759,7904.528,441.335,144.209,6871.122,1815.408,153.945,329.893,129.944,106.177,2021,Optimal,0.083175679,0.0,0.0415878395,0.916824321,1.0,0.9584121605,0.9277338271067885,0.8996884017114127,2,Transformation Specialists
296,2021,PROV,Provident Financial Holdings Inc,1183.596,15.157,127.28,937.973,103.175,4.9,858.547,235.048,7.561,30.639,4.573,8.646,2021,Optimal,0.1376027,0.035804129,0.0867034144999999,0.8623973,0.9308669892355682,0.9132965855,0.9277338271067885,0.8996884017114127,2,Transformation Specialists
297,2021,PSBQ,PSB Holdings Inc/WI,1298.711,16.143,111.262,1105.24,69.021,1.619,888.559,313.091,12.817,38.601,9.418,13.741,2021,Optimal,0.074686263,0.0,0.0373431315,0.925313737,1.0,0.9626568685,0.9277338271067885,0.8996884017114127,2,Transformation Specialists
298,2021,PVBC,Provident Bancorp Inc,1729.283,28.782,233.782,1459.895,17.887,5.419,1453.299,37.622,16.139,61.433,5.166,2.892,2021,Optimal,0.080301287,0.0,0.0401506435,0.919698713,1.0,0.9598493565,0.9277338271067885,0.8996884017114127,2,Transformation Specialists
299,2021,PVBK,Pacific Valley Bancorp,499.62,7.108,42.991,454.149,1.099,0.873,384.754,12.802,3.77,15.946,1.175,0.794,2021,Optimal,0.0013402482,0.0,0.0006701241,0.9986597518,1.0,0.9993298759,0.9277338271067885,0.8996884017114127,1,Network Leaders
300,2021,QCRH,QCR Holdings Inc,6096.132,100.907,677.01,4922.772,172.105,14.839,4676.304,829.568,98.905,178.233,100.422,2.76,2021,Optimal,0.10851828,0.0,0.05425914,0.89148172,1.0,0.94574086,0.9277338271067885,0.8996884017114127,2,Transformation Specialists
301,2021,QNBC,QNB Corp,1673.34,17.453,136.494,1449.745,82.228,14.109,926.47,706.099,16.492,42.127,9.781,11.672,2021,Optimal,0.053913442,0.0,0.026956721,0.946086558,1.0,0.973043279,0.9277338271067885,0.8996884017114127,1,Network Leaders
302,2021,QNTO,Quaint Oak Bancorp Inc,554.115,15.538,36.909,447.166,63.405,0.929,409.228,6.211,6.404,20.62,11.982,0.009,2021,Optimal,0.11487249,0.0,0.057436245,0.88512751,1.0,0.942563755,0.9277338271067885,0.8996884017114127,2,Transformation Specialists
303,2021,RBB,RBB Bancorp,4228.194,33.568,466.683,3385.532,360.791,19.847,2931.35,389.512,56.906,124.343,18.745,21.018,2021,Optimal,0.11810952,0.18187006,0.14998979,0.88189048,0.6922334084679325,0.85001021,0.9277338271067885,0.8996884017114127,3,Network Laggards
304,2021,RBCAA,Republic Bancorp Inc,6093.632,110.088,834.232,4840.418,355.639,26.094,4496.562,552.356,86.789,220.594,86.859,22.344,2021,Optimal,0.1231768,0.051160798,0.087168799,0.8768232,0.9026584741414606,0.912831201,0.9277338271067885,0.8996884017114127,2,Transformation Specialists
305,2021,RBKB,Rhinebeck Bancorp Inc,1281.166,20.11,125.969,1101.999,31.035,6.474,862.526,281.605,11.558,39.413,7.423,6.689,2021,Optimal,0.066210411,0.058035102,0.0621227565,0.933789589,0.8902964525651437,0.9378772435,0.9277338271067885,0.8996884017114127,4,Funding-Rich Underperformers
306,2021,RF,Regions Financial Corp,162938.0,2205.0,18326.0,139072.0,2936.0,776.0,87784.0,30352.0,2521.0,3914.0,2524.0,474.0,2021,Optimal,0.021899498,0.0,0.010949749,0.978100502,1.0,0.989050251,0.9277338271067885,0.8996884017114127,1,Network Leaders
307,2021,RMBI,Richmond Mutual Bancorporation Inc,1267.64,18.143,180.482,900.175,180.0,4.832,844.954,376.571,11.145,38.244,5.416,8.058,2021,Optimal,0.23011967,0.0,0.115059835,0.76988033,1.0,0.884940165,0.9277338271067885,0.8996884017114127,2,Transformation Specialists
308,2021,RNST,Renasant Corp,16810.311,280.627,2209.853,13905.724,552.223,61.442,10020.914,2802.409,175.892,424.001,226.984,53.345,2021,Optimal,0.077908259,0.11615701,0.0970326344999999,0.922091741,0.7918625982557776,0.9029673655,0.9277338271067885,0.8996884017114127,3,Network Laggards
309,2021,RRBI,Red River Bancshares Inc,3224.71,32.449,298.15,2910.348,3.842,4.206,1683.832,670.474,32.952,71.722,24.493,0.979,2021,Optimal,0.0084707149,0.0,0.00423535745,0.9915292851,1.0,0.99576464255,0.9277338271067885,0.8996884017114127,1,Network Leaders
310,2021,RVSB,Riverview Bancorp Inc,1740.096,23.635,157.249,1533.878,37.422,0.571,990.408,420.901,21.82,47.625,12.744,22.099,2021,Optimal,0.039199575,0.0,0.0195997875,0.960800425,1.0,0.9804002125,0.9277338271067885,0.8996884017114127,1,Network Leaders
311,2021,SBCF,Seacoast Banking Corp of Florida,9681.433,115.156,1310.736,8067.589,231.541,48.86,5925.029,2317.359,124.403,276.025,70.727,44.216,2021,Optimal,0.075747515,0.050657041,0.063202278,0.924252485,0.9035707390267228,0.936797722,0.9277338271067885,0.8996884017114127,2,Transformation Specialists
312,2021,SBFG,SB Financial Group Inc,1330.854,26.838,144.929,1113.045,50.676,7.259,822.714,268.562,18.277,37.884,30.697,6.481,2021,Optimal,0.091935588,0.13892365,0.115429619,0.908064412,0.7560439630874292,0.884570381,0.9277338271067885,0.8996884017114127,3,Network Laggards
313,2021,SBKO,Summit Bank Group Inc,902.51,13.591,74.208,794.669,21.386,1.773,628.183,69.479,10.871,33.806,1.949,0.389,2021,Optimal,0.044466903,0.12024447,0.0823556865,0.955533097,0.7853245908011489,0.9176443135,0.9277338271067885,0.8996884017114127,4,Funding-Rich Underperformers
314,2021,SBNC,Southern Bancshares NC Inc,4590.98,54.329,466.939,3919.183,156.775,4.899,2439.549,1803.567,93.546,117.919,84.849,3.516,2021,Optimal,0.059262232,0.0,0.029631116,0.940737768,1.0,0.970368884,0.9277338271067885,0.8996884017114127,1,Network Leaders
315,2021,SBSI,Southside Bancshares Inc,7259.602,79.892,912.172,5722.327,542.727,17.48,3645.162,2881.321,113.401,189.557,49.336,11.609,2021,Optimal,0.12895374,0.0078725516,0.0684131458,0.87104626,0.9843778827243538,0.9315868542,0.9277338271067885,0.8996884017114127,2,Transformation Specialists
316,2021,SFBC,Sound Financial Bancorp Inc,919.691,14.257,93.358,798.32,17.876,3.478,686.398,9.465,9.156,29.92,7.329,6.211,2021,Optimal,0.058068781,0.087928555,0.072998668,0.941931219,0.8383560122658974,0.927001332,0.9277338271067885,0.8996884017114127,4,Funding-Rich Underperformers
317,2021,SFBS,ServisFirst Bancshares Inc,15448.806,67.728,1152.015,12452.836,1795.032,25.451,9532.934,1312.838,207.734,384.503,33.452,13.305,2021,Optimal,0.0,0.12626367,0.063131835,1.0,0.7757831076980403,0.936868165,0.9277338271067885,0.8996884017114127,4,Funding-Rich Underperformers
318,2021,SFDL,Security Federal Corp,1301.214,19.16,115.523,1115.963,64.233,3.624,506.545,706.942,12.774,33.293,12.633,2.813,2021,Optimal,0.068782012,0.013291684,0.041036848,0.931217988,0.973765334878639,0.958963152,0.9277338271067885,0.8996884017114127,1,Network Leaders
319,2021,SFIGA,Star Financial Group Inc,3107.138,40.75,248.215,2754.738,76.523,8.378,1500.906,1050.525,33.245,75.112,42.307,2.679,2021,Optimal,0.026627077,0.13733496,0.0819810185,0.973372923,0.7584968987500393,0.9180189815,0.9277338271067885,0.8996884017114127,4,Funding-Rich Underperformers
320,2021,SFNC,Simmons First National Corp,24724.759,246.335,3248.841,19366.548,1956.828,143.866,12012.503,8642.766,271.156,591.532,191.815,76.252,2021,Optimal,0.1251795,0.0,0.06258975,0.8748205,1.0,0.93741025,0.9277338271067885,0.8996884017114127,2,Transformation Specialists
321,2021,SFST,Southern First Bankshares Inc,2925.548,28.854,277.901,2563.826,64.119,9.238,2489.877,124.302,46.711,87.732,17.101,4.864,2021,Optimal,0.038642959,0.0,0.0193214795,0.961357041,1.0,0.9806785205,0.9277338271067885,0.8996884017114127,1,Network Leaders
322,2021,SHBI,Shore Bancshares Inc,3460.136,28.484,350.693,3026.236,68.607,6.259,2119.175,527.107,15.368,64.13,13.498,3.826,2021,Optimal,0.037569878,0.19608171,0.116825794,0.962430122,0.6721265639953645,0.883174206,0.9277338271067885,0.8996884017114127,4,Funding-Rich Underperformers
323,2021,SLBK,Skyline Bankshares Inc,995.848,14.68,85.194,898.226,8.753,8.763,683.532,131.686,9.482,32.327,6.568,4.59,2021,Optimal,0.022732133,0.11337712,0.0680546264999999,0.977267867,0.7963365368959621,0.9319453735,0.9277338271067885,0.8996884017114127,4,Funding-Rich Underperformers
324,2021,SMBC,Southern Missouri Bancorp Inc,2700.53,31.01,283.423,2330.803,75.542,11.227,2233.466,217.924,47.18,92.686,20.042,8.118,2021,Optimal,0.05458602,0.017969079,0.0362775495,0.94541398,0.964696218439853,0.9637224505,0.9277338271067885,0.8996884017114127,1,Network Leaders
325,2021,SMBK,SmartFinancial Inc,4611.579,51.656,429.43,4021.938,139.396,10.401,2693.397,575.916,34.79,113.394,23.949,5.058,2021,Optimal,0.038693645,0.29441284,0.1665532425,0.961306355,0.5451021020465154,0.8334467575,0.9277338271067885,0.8996884017114127,4,Funding-Rich Underperformers
326,2021,SNV,Synovus Financial Corp.,57317.226,649.426,5296.8,49427.276,1468.362,192.063,39311.958,11078.27,760.467,1532.947,450.066,158.179,2021,Optimal,0.033989338,0.0,0.016994669,0.966010662,1.0,0.983005331,0.9277338271067885,0.8996884017114127,1,Network Leaders
327,2021,SOMC,Southern Michigan Bancorp Inc,1161.154,16.492,97.749,974.352,77.921,4.959,739.877,245.846,11.757,33.319,9.009,1.521,2021,Optimal,0.090732413,0.15191311,0.1213227614999999,0.909267587,0.7362420677719347,0.8786772385,0.9277338271067885,0.8996884017114127,3,Network Laggards
328,2021,SOME,Somerset Trust Holding Co,1867.426,33.587,139.993,1586.85,124.719,10.954,1132.304,518.832,13.946,62.117,17.388,15.465,2021,Optimal,0.073476242,0.094860631,0.0841684365,0.926523758,0.8267165184058939,0.9158315635,0.9277338271067885,0.8996884017114127,3,Network Laggards
329,2021,SPFI,South Plains Financial Inc,3901.855,93.36,407.427,3341.222,122.168,16.317,2437.577,724.504,58.614,121.764,97.469,11.63,2021,Optimal,0.057783128,0.13664319,0.097213159,0.942216872,0.7595671338161978,0.902786841,0.9277338271067885,0.8996884017114127,4,Funding-Rich Underperformers
330,2021,SRCE,1st Source Corp,8096.289,105.808,969.464,6679.065,351.406,64.533,5346.214,1890.23,118.534,236.638,100.092,41.334,2021,Optimal,0.087279644,0.027869968,0.057574806,0.912720356,0.9457714129847988,0.942425194,0.9277338271067885,0.8996884017114127,2,Transformation Specialists
331,2021,SSB,SouthState Bank Corp,41960.032,552.03,4802.94,35054.829,1224.219,119.095,23928.166,7170.384,475.543,1033.218,354.209,83.746,2021,Optimal,0.064876393,0.10471394,0.0847951665,0.935123607,0.8104234296165396,0.9152048335,0.9277338271067885,0.8996884017114127,4,Funding-Rich Underperformers
332,2021,SSBI,Summit State Bank,958.08,12.72,84.282,811.6,55.623,0.264,833.316,73.687,14.698,37.606,4.901,0.487,2021,Optimal,0.07755122,0.0,0.03877561,0.92244878,1.0,0.96122439,0.9277338271067885,0.8996884017114127,2,Transformation Specialists
333,2021,STBA,S&T Bancorp Inc,9488.529,100.214,1206.454,7996.524,211.38,148.929,6999.99,920.312,110.343,276.112,64.61,79.604,2021,Optimal,0.065363332,0.0,0.032681666,0.934636668,1.0,0.967318334,0.9277338271067885,0.8996884017114127,1,Network Leaders
334,2021,STD2,Santander Holdings USA Inc,159821.231,1975.292,24467.35,81598.172,46985.199,1976.334,92075.812,19076.755,2982.362,6189.521,4452.187,2149.341,2021,Optimal,0.42539377,0.0,0.212696885,0.57460623,1.0,0.787303115,0.9277338271067885,0.8996884017114127,2,Transformation Specialists
335,2021,STEL,Stellar Bancorp Inc,7104.954,90.177,816.468,6047.639,209.173,38.089,4220.486,1783.123,81.553,228.564,8.562,24.127,2021,Optimal,0.059093703,0.081130564,0.0701121335,0.940906297,0.8499153262306625,0.9298878665,0.9277338271067885,0.8996884017114127,4,Funding-Rich Underperformers
336,2021,SYBT,Stock Yards Bancorp Inc,6646.025,76.513,675.869,5787.514,102.248,13.46,4169.303,1189.674,74.645,171.074,65.85,14.62,2021,Optimal,0.037632712,0.10439477,0.0710137409999999,0.962367288,0.8109466418425723,0.928986259,0.9277338271067885,0.8996884017114127,4,Funding-Rich Underperformers
337,2021,TBBK,Bancorp Inc (The),6843.239,105.998,652.454,5976.911,151.646,12.724,3747.224,955.372,110.653,210.876,104.749,5.152,2021,Optimal,0.03459923,0.0,0.017299615,0.96540077,1.0,0.982700385,0.9277338271067885,0.8996884017114127,1,Network Leaders
338,2021,TCBI,Texas Capital Bancshares Inc,34731.738,350.93,3209.616,28109.365,3201.013,121.989,22806.954,3583.808,253.939,768.837,138.23,72.502,2021,Optimal,0.094706382,0.12975077,0.112228576,0.905293618,0.7703019578380106,0.887771424,0.9277338271067885,0.8996884017114127,3,Network Laggards
339,2021,TCBK,TriCo Bancshares,8614.787,106.351,1000.184,7367.159,134.446,29.708,4916.624,2427.885,117.655,271.539,63.664,32.944,2021,Optimal,0.052565623,0.043724351,0.048144987,0.947434377,0.9162147535254735,0.951855013,0.9277338271067885,0.8996884017114127,1,Network Leaders
340,2021,TCBS,Texas Community Bancshares Inc,364.826,5.146,60.132,274.933,28.043,1.082,221.754,92.519,0.518,8.418,1.717,1.799,2021,Optimal,0.15765953,0.065237036,0.111448283,0.84234047,0.877516395327434,0.888551717,0.9277338271067885,0.8996884017114127,3,Network Laggards
341,2021,TCBX,Third Coast Bancshares Inc,2499.412,48.642,299.007,2141.199,51.0,15.771,2068.724,33.959,11.424,90.553,4.878,17.279,2021,Optimal,0.062844561,0.0,0.0314222805,0.937155439,1.0,0.9685777195,0.9277338271067885,0.8996884017114127,1,Network Leaders
342,2021,TECTP,Tectonic Financial Inc,585.011,24.947,84.787,444.169,47.954,1.793,428.747,39.361,17.034,25.757,36.624,3.667,2021,Optimal,0.16710133,0.0098251368,0.0884632334,0.8328986700000001,0.9805409145762908,0.9115367666,0.9277338271067885,0.8996884017114127,2,Transformation Specialists
343,2021,TFC,Truist Financial Corp,541241.0,8632.0,69271.0,416488.0,42805.0,1387.0,289513.0,155683.0,6440.0,13006.0,9290.0,1163.0,2021,Optimal,0.06514461,0.0,0.032572305,0.93485539,1.0,0.967427695,0.9277338271067885,0.8996884017114127,1,Network Leaders
344,2021,TFIN,Triumph Financial Inc,5956.25,173.951,858.864,4646.679,392.634,68.478,4867.572,203.023,112.974,369.13,54.501,54.788,2021,Optimal,0.13911273,0.0,0.069556365,0.86088727,1.0,0.930443635,0.9277338271067885,0.8996884017114127,2,Transformation Specialists
345,2021,TFSL,TFS Financial Corp,14057.45,108.867,1732.28,8993.605,3110.276,53.554,12573.324,584.566,81.007,231.63,55.299,44.334,2021,Optimal,0.28952811,0.0,0.144764055,0.71047189,1.0,0.855235945,0.9277338271067885,0.8996884017114127,2,Transformation Specialists
346,2021,THFF,First Financial Corp,5175.099,64.474,582.576,4409.569,115.529,26.045,2815.895,1380.934,52.987,143.401,42.084,18.371,2021,Optimal,0.060101746,0.12791019,0.094005968,0.939898254,0.7731908247056444,0.905994032,0.9277338271067885,0.8996884017114127,4,Funding-Rich Underperformers
347,2021,TMP,Tompkins Financial Corp,7819.982,120.21,728.941,6791.435,190.787,45.867,5075.467,2340.42,89.264,223.792,78.849,31.292,2021,Optimal,0.038902041,0.0,0.0194510205,0.961097959,1.0,0.9805489795,0.9277338271067885,0.8996884017114127,1,Network Leaders
348,2021,TOWN,TowneBank,16361.387,245.844,1916.174,13573.626,538.37,16.214,9506.252,1980.215,215.383,402.369,277.961,10.556,2021,Optimal,0.075389429,0.0,0.0376947145,0.924610571,1.0,0.9623052855,0.9277338271067885,0.8996884017114127,2,Transformation Specialists
349,2021,TRCY,Tri City Bankshares Corp,2054.499,28.999,191.632,1844.379,14.568,4.945,1014.653,822.702,15.359,51.934,18.108,3.132,2021,Optimal,0.019814568,0.037991679,0.0289031235,0.980185432,0.9267977195412564,0.9710968765,0.9277338271067885,0.8996884017114127,1,Network Leaders
350,2021,TRMK,Trustmark Corp,17595.636,278.547,1741.311,15087.16,550.968,74.779,10281.165,3581.414,147.365,418.351,221.91,67.255,2021,Optimal,0.043702662,0.13303232,0.088367491,0.956297338,0.7651747127566493,0.911632509,0.9277338271067885,0.8996884017114127,4,Funding-Rich Underperformers
351,2021,TRST,TrustCo Bank Corp NY,6196.546,48.721,601.128,5268.129,297.406,21.625,4438.779,423.24,61.519,160.408,17.937,19.118,2021,Optimal,0.061005782,0.15642672,0.108716251,0.938994218,0.7294654001076696,0.891283749,0.9277338271067885,0.8996884017114127,4,Funding-Rich Underperformers
352,2021,TSBK,Timberland Bancorp Inc,1792.18,18.75,206.899,1570.555,7.359,4.164,981.923,138.336,27.583,51.858,17.161,3.17,2021,Optimal,0.042592824,0.23007121,0.136332017,0.957407176,0.6259221285245754,0.863667983,0.9277338271067885,0.8996884017114127,4,Funding-Rich Underperformers
353,2021,UBAB,United Bancorporation of Alabama Inc,1120.943,15.35,109.71,982.731,23.508,3.476,657.155,292.959,18.533,32.927,22.683,11.632,2021,Optimal,0.04891228,0.015499687,0.0322059835,0.95108772,0.9694737729643436,0.9677940165,0.9277338271067885,0.8996884017114127,1,Network Leaders
354,2021,UBCP,United Bancorp Inc,724.456,9.698,71.701,605.136,39.366,1.347,454.372,150.017,9.451,22.112,5.706,4.624,2021,Optimal,0.086118443,0.13072963,0.1084240365,0.913881557,0.7687694272237298,0.8915759635,0.9277338271067885,0.8996884017114127,3,Network Laggards
355,2021,UBFO,United Security Bancshares,1330.944,11.713,120.207,1188.106,13.894,17.548,871.533,182.646,10.098,35.651,3.385,16.649,2021,Optimal,0.018478273,0.04937984,0.0339290565,0.981521727,0.9058875764184684,0.9660709435,0.9277338271067885,0.8996884017114127,1,Network Leaders
356,2021,UBOH,United Bancshares Inc/OH,1076.556,20.702,119.095,930.413,21.646,2.44,609.559,312.771,13.581,35.735,17.346,1.24,2021,Optimal,0.063998112,0.091552413,0.0777752625,0.936001888,0.8322528320039543,0.9222247375,0.9277338271067885,0.8996884017114127,4,Funding-Rich Underperformers
357,2021,UBSI,United Bankshares Inc,29328.902,333.841,4718.628,23350.263,1032.941,154.802,18023.648,4295.749,367.738,742.734,278.092,105.586,2021,Optimal,0.11006089,0.072202258,0.0911315739999999,0.88993911,0.8653197053796916,0.908868426,0.9277338271067885,0.8996884017114127,3,Network Laggards
358,2021,UCB,United Community Banks Inc,20946.771,241.443,2222.245,18241.179,278.432,62.246,11760.346,5652.922,269.801,549.034,157.818,32.855,2021,Optimal,0.027695337,0.040781413,0.034238375,0.972304663,0.9216330874271677,0.965761625,0.9277338271067885,0.8996884017114127,1,Network Leaders
359,2021,UMBF,UMB Financial Corp,42693.484,504.442,3145.424,35599.927,3574.596,92.563,17168.704,13782.088,353.018,815.521,467.175,92.3,2021,Optimal,0.066523858,0.18503925,0.125781554,0.933476142,0.6877078122095956,0.874218446,0.9277338271067885,0.8996884017114127,4,Funding-Rich Underperformers
360,2021,UNB,Union Bankshares Inc,1205.373,19.041,84.341,1095.082,17.861,2.971,787.755,268.951,13.17,35.708,12.963,4.748,2021,Optimal,0.013812462,0.083443131,0.0486277965,0.986187538,0.8459667542993541,0.9513722035,0.9277338271067885,0.8996884017114127,4,Funding-Rich Underperformers
361,2021,UNTY,Unity Bancorp Inc,2033.713,24.771,205.729,1758.881,55.641,12.06,1622.075,82.872,36.119,77.039,12.054,9.686,2021,Optimal,0.056088672,0.063445411,0.0597670414999999,0.943911328,0.8806795151989235,0.9402329585,0.9277338271067885,0.8996884017114127,4,Funding-Rich Underperformers
362,2021,USB,U.S. Bancorp,573284.0,8728.0,55387.0,456083.0,45091.0,1298.0,299661.0,174821.0,7963.0,12494.0,10227.0,878.0,2021,Optimal,0.028875772,0.0,0.014437886,0.971124228,1.0,0.985562114,0.9277338271067885,0.8996884017114127,1,Network Leaders
363,2021,UVSP,Univest Financial Corp,7122.421,104.191,773.794,6055.124,247.433,40.492,5310.017,525.175,91.801,188.383,83.224,34.038,2021,Optimal,0.060232894,0.10316835,0.081700622,0.939767106,0.8129599167706361,0.918299378,0.9277338271067885,0.8996884017114127,4,Funding-Rich Underperformers
364,2021,UWHR,Uwharrie Capital Corp,939.68,21.637,60.787,836.752,32.838,3.758,420.779,362.451,9.518,26.115,18.932,0.972,2021,Optimal,0.034333405,0.10868982,0.0715116125,0.965666595,0.8039310580122401,0.9284883875,0.9277338271067885,0.8996884017114127,4,Funding-Rich Underperformers
365,2021,VABK,Virginia National Bankshares Corp,1972.184,16.129,161.987,1796.17,10.475,0.145,1061.211,308.767,10.071,44.988,10.465,1.906,2021,Optimal,0.0,0.020480971,0.0102404855,1.0,0.959860160880942,0.9897595145,0.9277338271067885,0.8996884017114127,1,Network Leaders
366,2021,VBTX,Veritex Holdings Inc,9757.249,94.748,1315.079,7363.615,1027.418,87.637,7385.023,1139.779,139.584,280.783,58.405,50.128,2021,Optimal,0.16390699,0.011314383,0.0876106865,0.83609301,0.9776244001070435,0.9123893135,0.9277338271067885,0.8996884017114127,2,Transformation Specialists
367,2021,VLY,Valley National Bancorp,43446.443,375.865,5084.066,35632.412,2418.921,194.557,34153.657,3832.814,473.84,1209.901,155.013,245.406,2021,Optimal,0.081948329,0.0,0.0409741645,0.918051671,1.0,0.9590258355,0.9277338271067885,0.8996884017114127,2,Transformation Specialists
368,2021,WABC,Westamerica Bancorporation,7461.026,48.011,827.102,6413.956,164.226,4.779,1068.126,4959.478,86.509,171.488,43.345,1.031,2021,Optimal,0.048626067,0.0,0.0243130335,0.951373933,1.0,0.9756869665,0.9277338271067885,0.8996884017114127,1,Network Leaders
369,2021,WAFD,WaFd Inc,19650.574,176.106,2126.064,15542.112,1749.569,37.695,14004.87,2607.147,183.615,505.109,60.988,43.625,2021,Optimal,0.11772117,0.059371183,0.0885461765,0.88227883,0.8879124069962548,0.9114538235,0.9277338271067885,0.8996884017114127,3,Network Laggards
370,2021,WAL,Western Alliance Bancorporation,55982.6,466.7,4962.6,47612.0,2540.5,149.8,39075.4,7540.9,899.2,1548.8,404.2,87.3,2021,Optimal,0.047353354,0.0,0.023676677,0.952646646,1.0,0.976323323,0.9277338271067885,0.8996884017114127,1,Network Leaders
371,2021,WASH,Washington Trust Bancorp Inc,5851.127,87.295,564.808,4980.051,196.691,13.197,4272.925,1055.89,76.87,141.435,87.394,14.203,2021,Optimal,0.060306359,0.031324093,0.045815226,0.939693641,0.9392546082989646,0.954184774,0.9277338271067885,0.8996884017114127,1,Network Leaders
372,2021,WBS,Webster Financial Corp,34915.599,419.989,3438.325,29847.029,1393.628,170.314,22271.729,10504.815,408.864,901.089,323.372,112.59,2021,Optimal,0.04361582,0.0,0.02180791,0.95638418,1.0,0.97819209,0.9277338271067885,0.8996884017114127,1,Network Leaders
373,2021,WCCB,West Coast Community Bancorp,1701.249,17.562,186.09,1496.336,5.052,0.031,1132.298,284.831,21.274,61.535,4.776,0.375,2021,Optimal,0.039160977,0.0,0.0195804885,0.960839023,1.0,0.9804195115,0.9277338271067885,0.8996884017114127,1,Network Leaders
374,2021,WCFB,WCF Bancorp Inc,137.668,2.024,26.746,98.145,12.0,0.397,89.365,30.474,0.718,4.136,0.671,0.358,2021,Optimal,0.060448418,0.0,0.030224209,0.939551582,1.0,0.969775791,0.9277338271067885,0.8996884017114127,1,Network Leaders
375,2021,WFC,Wells Fargo & Co,1948068.0,35541.0,190110.0,1482479.0,199574.0,8887.0,880535.0,486480.0,21548.0,35779.0,42713.0,7324.0,2021,Optimal,0.0,0.0,0.0,1.0,1.0,1.0,0.9277338271067885,0.8996884017114127,1,Network Leaders
376,2021,WNEB,Western New England Bancorp Inc,2538.425,32.186,223.688,2256.898,31.25,7.841,1864.716,431.114,23.699,73.177,12.564,4.964,2021,Optimal,0.026577814,0.034304156,0.030440985,0.973422186,0.9336671794249274,0.969559015,0.9277338271067885,0.8996884017114127,1,Network Leaders
377,2021,WSBC,WesBanco Inc,16927.125,195.275,2693.166,13565.863,458.673,41.356,9733.478,4031.483,242.26,457.933,132.785,39.488,2021,Optimal,0.10680648,0.052979087,0.0798927835,0.89319352,0.8993729549730365,0.9201072165,0.9277338271067885,0.8996884017114127,3,Network Laggards
378,2021,WSBF,Waterstone Financial Inc,2215.858,135.115,432.773,1233.386,483.392,5.882,1205.785,203.454,70.791,55.515,203.195,5.722,2021,Optimal,0.39481624,0.0,0.19740812,0.6051837600000001,1.0,0.80259188,0.9277338271067885,0.8996884017114127,2,Transformation Specialists
379,2021,WSFS,WSFS Financial Corp,15777.327,214.167,1937.016,13240.062,399.003,60.508,7885.989,5312.544,271.442,433.649,185.48,33.133,2021,Optimal,0.064890496,0.0,0.032445248,0.935109504,1.0,0.967554752,0.9277338271067885,0.8996884017114127,1,Network Leaders
380,2021,WTBA,West Bancorporation Inc,3500.201,23.226,260.328,3016.005,205.804,16.194,2456.196,768.787,49.607,95.059,9.729,8.948,2021,Optimal,0.04378919,0.078201219,0.0609952045,0.95621081,0.8549413270511244,0.9390047955,0.9277338271067885,0.8996884017114127,4,Funding-Rich Underperformers
381,2021,WTBFA,W T B Financial Corp,11089.567,141.916,832.945,9890.27,276.762,13.515,5531.792,3335.815,100.03,299.056,67.849,52.292,2021,Optimal,0.0080104367,0.0,0.00400521835,0.9919895633,1.0,0.99599478165,0.9277338271067885,0.8996884017114127,1,Network Leaders
382,2021,WTFC,Wintrust Financial Corp.,50142.143,691.669,4498.688,42095.585,2603.75,144.071,34789.104,5495.967,466.151,1124.957,586.12,78.709,2021,Optimal,0.059869354,0.0,0.029934677,0.940130646,1.0,0.970065323,0.9277338271067885,0.8996884017114127,1,Network Leaders
383,2021,ZION,Zions Bancorporation National Association,93200.0,1127.0,7463.0,82789.0,2137.0,371.0,50524.0,24600.0,1129.0,2208.0,703.0,272.0,2021,Optimal,0.0,0.0,0.0,1.0,1.0,1.0,0.9277338271067885,0.8996884017114127,1,Network Leaders
1,2022,ABBB,Auburn Bancorp Inc,98.171,2.034,6.824,81.14,10.0,0.875,77.077,15.877,0.152,3.138,0.483,0.408,2022,Optimal,0.0,0.0,0.0,1.0,1.0,1.0,0.9030261202360313,0.9337132013214338,1,Network Leaders
2,2022,ABCB,Ameris Bancorp,25053.286,319.719,3197.4,19462.738,2069.146,101.871,19855.253,1745.916,346.54,801.026,284.424,153.544,2022,Optimal,0.14332438,0.0,0.07166219,0.85667562,1.0,0.92833781,0.9030261202360313,0.9337132013214338,2,Transformation Specialists
3,2022,ACNB,ACNB Corp,2525.507,35.979,245.042,2198.975,66.116,6.219,1538.61,621.879,35.752,83.425,21.807,4.331,2022,Optimal,0.058485618,0.11330393,0.085894774,0.941514382,0.7964546303182455,0.914105226,0.9030261202360313,0.9337132013214338,4,Funding-Rich Underperformers
4,2022,AFBI,Affinity Bancshares Inc,791.283,12.221,117.103,657.172,12.722,10.538,646.234,73.809,7.134,29.755,2.402,9.621,2022,Optimal,0.11475157,0.0,0.057375785,0.88524843,1.0,0.942624215,0.9030261202360313,0.9337132013214338,2,Transformation Specialists
5,2022,ALPIB,Alpine Banks of Colorado,6317.255,81.845,425.028,5518.666,323.976,3.836,3894.684,1975.548,73.354,201.764,41.081,2.625,2022,Optimal,0.042972515,0.027831277,0.035401896,0.957027485,0.9458446583154524,0.964598104,0.9030261202360313,0.9337132013214338,1,Network Leaders
6,2022,ALRS,Alerus Financial Corp,3779.637,102.571,356.872,2915.484,442.825,3.082,2443.994,1063.183,40.005,99.729,111.223,3.824,2022,Optimal,0.16180434,0.0,0.08090217,0.83819566,1.0,0.91909783,0.9030261202360313,0.9337132013214338,2,Transformation Specialists
7,2022,AMAL,Amalgamated Financial Corp,7843.124,74.712,508.955,6595.037,698.487,54.586,4106.002,3391.689,81.455,239.84,23.897,34.751,2022,Optimal,0.073206957,0.0,0.0366034785,0.926793043,1.0,0.9633965215,0.9030261202360313,0.9337132013214338,1,Network Leaders
8,2022,AMBK,American Bank Inc,927.284,6.791,81.908,667.477,159.632,0.341,662.597,207.823,10.115,23.587,1.743,0.309,2022,Optimal,0.16828404,0.0,0.08414202,0.83171596,1.0,0.91585798,0.9030261202360313,0.9337132013214338,2,Transformation Specialists
9,2022,AMFC,AMB Financial Corp.,324.819,4.745,27.177,291.736,3.093,0.46,266.371,17.108,3.178,10.51,2.204,0.404,2022,Optimal,0.027790092,0.0,0.013895046,0.972209908,1.0,0.986104954,0.9030261202360313,0.9337132013214338,1,Network Leaders
10,2022,AMTB,Amerant Bancorp Inc,9127.804,123.51,705.726,7044.199,1199.305,59.501,6857.194,1366.68,63.31,266.665,67.277,37.599,2022,Optimal,0.15287003,0.066267185,0.1095686075,0.84712997,0.8757024769546855,0.8904313925,0.9030261202360313,0.9337132013214338,3,Network Laggards
11,2022,ARBV,American Riviera Bancorp,1282.568,18.3,87.096,1163.528,25.069,2.869,907.685,269.874,13.494,46.846,3.347,3.066,2022,Optimal,0.025612141,0.093399416,0.0595057785,0.974387859,0.8291577357125641,0.9404942215,0.9030261202360313,0.9337132013214338,4,Funding-Rich Underperformers
12,2022,AROW,Arrow Financial Corp,3969.509,47.003,353.538,3498.364,85.741,11.79,2983.207,757.097,48.799,118.343,30.898,12.576,2022,Optimal,0.039576428,0.040400902,0.039988665,0.960423572,0.9223358958602672,0.960011335,0.9030261202360313,0.9337132013214338,4,Funding-Rich Underperformers
13,2022,ASB,Associated Banc-Corp,39405.727,454.101,4015.49,29636.154,5202.226,160.062,28799.569,7023.135,366.122,957.321,282.37,126.466,2022,Optimal,0.16990736,0.0,0.08495368,0.8300926399999999,1.0,0.91504632,0.9030261202360313,0.9337132013214338,2,Transformation Specialists
14,2022,ASRV,AmeriServ Financial Inc,1363.874,28.492,106.178,1108.537,138.373,3.323,990.766,249.265,7.448,40.563,16.692,5.2,2022,Optimal,0.12763746,0.095181911,0.1114096855,0.87236254,0.8261806371270498,0.8885903145,0.9030261202360313,0.9337132013214338,3,Network Laggards
15,2022,ATLO,Ames National Corp,2134.926,22.909,149.098,1897.957,79.796,13.057,1241.711,791.051,19.293,53.244,9.687,14.722,2022,Optimal,0.038887963,0.02177084,0.0303294015,0.961112037,0.9573860612424602,0.9696705985,0.9030261202360313,0.9337132013214338,1,Network Leaders
16,2022,AUB,Atlantic Union Bankshares Corp,20461.138,228.926,2372.737,15931.677,1764.684,32.796,14449.142,3709.761,234.51,584.261,118.523,27.114,2022,Optimal,0.14185854,0.02507543,0.083466985,0.85814146,0.9510759320414108,0.916533015,0.9030261202360313,0.9337132013214338,2,Transformation Specialists
17,2022,AUBN,Auburn National Bancorporation Inc,1023.888,12.307,68.041,950.337,3.162,0.818,504.458,405.304,10.346,27.166,6.506,2.731,2022,Optimal,0.0045635621,0.0,0.00228178105,0.9954364379,1.0,0.99771821895,0.9030261202360313,0.9337132013214338,1,Network Leaders
18,2022,AVBH,Avidbank Holdings Inc,2133.268,29.102,137.538,1823.235,164.953,3.244,1554.222,451.362,25.023,74.079,4.67,14.245,2022,Optimal,0.078642625,0.024879454,0.0517610394999999,0.921357375,0.9514490140222872,0.9482389605,0.9030261202360313,0.9337132013214338,1,Network Leaders
19,2022,AX,Axos Financial Inc.,17401.165,167.39,1642.973,13946.422,637.622,151.977,14239.678,282.886,240.716,607.158,113.363,118.992,2022,Optimal,0.1131454,0.0,0.0565727,0.8868546,1.0,0.9434273,0.9030261202360313,0.9337132013214338,2,Transformation Specialists
20,2022,BAC,Bank of America Corp,3051375.0,36447.0,273197.0,1930341.0,508908.0,4697.0,1032103.0,862819.0,27528.0,52462.0,42488.0,3978.0,2022,Optimal,0.027854525,0.0,0.0139272625,0.972145475,1.0,0.9860727375,0.9030261202360313,0.9337132013214338,1,Network Leaders
21,2022,BANC,Banc of California Inc,41228.936,406.839,3950.531,33936.334,2779.518,74.017,28609.129,7146.912,423.613,1290.762,74.827,108.8,2022,Optimal,0.086526219,0.066734016,0.0766301175,0.913473781,0.8748816199745149,0.9233698825,0.9030261202360313,0.9337132013214338,4,Funding-Rich Underperformers
22,2022,BANF,BancFirst Corp,12387.863,184.976,1250.836,10974.228,91.769,69.074,6943.563,1556.116,193.1,373.673,183.747,61.554,2022,Optimal,0.025051456,0.080160533,0.0526059945,0.974948544,0.8515766304155459,0.9473940055,0.9030261202360313,0.9337132013214338,4,Funding-Rich Underperformers
23,2022,BANR,Banner Corp,15833.431,242.266,1456.432,13620.059,511.808,23.705,10146.724,3918.619,195.378,553.179,75.255,23.35,2022,Optimal,0.052460888,0.051183754,0.051822321,0.947539112,0.9026169234346824,0.948177679,0.9030261202360313,0.9337132013214338,4,Funding-Rich Underperformers
24,2022,BCAL,California BanCorp,2283.927,37.069,260.355,1931.905,78.825,0.809,1897.773,181.069,16.113,87.786,3.675,0.041,2022,Optimal,0.08787098,0.0,0.04393549,0.91212902,1.0,0.95606451,0.9030261202360313,0.9337132013214338,1,Network Leaders
25,2022,BCBP,BCB Bancorp Inc,3546.193,28.021,291.254,2811.607,433.628,14.964,3077.704,129.514,45.579,113.945,1.595,5.184,2022,Optimal,0.12941508,0.013650412,0.071532746,0.87058492,0.9730668249360904,0.928467254,0.9030261202360313,0.9337132013214338,2,Transformation Specialists
26,2022,BCML,BayCom Corp,2513.334,40.48,317.149,2085.479,89.333,6.909,2021.124,188.042,23.73,96.714,6.1,15.244,2022,Optimal,0.10373207,0.038864681,0.0712983755,0.89626793,0.9251785497942056,0.9287016245,0.9030261202360313,0.9337132013214338,3,Network Laggards
27,2022,BCTF,Bancorp 34 Inc,575.556,7.274,50.687,487.587,29.531,4.338,466.265,65.691,4.015,18.494,0.664,6.796,2022,Optimal,0.09343842,0.04911583,0.071277125,0.90656158,0.9063671930295818,0.928722875,0.9030261202360313,0.9337132013214338,4,Funding-Rich Underperformers
28,2022,BFC,Bank First Corp,3660.432,33.155,453.103,3060.229,124.207,8.39,2893.978,366.229,45.214,104.085,19.847,6.421,2022,Optimal,0.085427596,0.041801748,0.063614672,0.914572404,0.9197510503697102,0.936385328,0.9030261202360313,0.9337132013214338,4,Funding-Rich Underperformers
29,2022,BFIN,BankFinancial Corp,1575.137,21.576,151.671,1374.934,23.341,1.475,1234.872,217.828,10.494,50.815,5.976,2.112,2022,Optimal,0.060927371,0.02748348,0.0442054255,0.939072629,0.9465033150703308,0.9557945745,0.9030261202360313,0.9337132013214338,1,Network Leaders
30,2022,BFST,Business First Bancshares Inc,5990.46,85.222,580.481,4820.345,577.783,14.517,4606.176,928.218,54.255,199.577,29.31,12.823,2022,Optimal,0.11964797,0.05770699,0.08867748,0.88035203,0.8908828427048591,0.91132252,0.9030261202360313,0.9337132013214338,3,Network Laggards
31,2022,BHB,Bar Harbor Bankshares,3909.803,48.657,393.45,3043.431,402.747,10.191,2902.69,574.409,43.557,113.681,35.311,6.549,2022,Optimal,0.15361603,0.067789,0.110702515,0.84638397,0.873029222065408,0.8892974849999999,0.9030261202360313,0.9337132013214338,3,Network Laggards
32,2022,BHLB,Berkshire Hills Bancorp Inc,11662.864,152.741,954.062,10327.269,188.551,37.062,8335.309,2026.637,92.533,344.597,68.937,33.323,2022,Optimal,0.025775961,0.068469524,0.0471227425,0.974224039,0.8718362621262749,0.9528772575,0.9030261202360313,0.9337132013214338,4,Funding-Rich Underperformers
33,2022,BHRB,Burke & Herbert Financial Services Corp,3562.898,47.138,273.453,2920.4,353.437,26.261,1887.221,1388.2,44.013,103.692,17.087,5.497,2022,Optimal,0.10929321,0.03040546,0.069849335,0.89070679,0.9409835037170706,0.930150665,0.9030261202360313,0.9337132013214338,2,Transformation Specialists
34,2022,BK,Bank of New York Mellon Corp (The),405783.0,6800.0,40741.0,278970.0,44526.0,120.0,65406.0,143300.0,2573.0,3504.0,12873.0,109.0,2022,Optimal,0.13849386,0.0,0.06924693,0.86150614,1.0,0.93075307,0.9030261202360313,0.9337132013214338,2,Transformation Specialists
35,2022,BKOR,Oak Ridge Financial Services Inc,589.281,9.988,52.643,480.985,49.752,3.0,426.295,94.726,6.662,21.654,4.07,0.739,2022,Optimal,0.13553825,0.10528555,0.1204119,0.86446175,0.8094871501758074,0.8795881,0.9030261202360313,0.9337132013214338,3,Network Laggards
36,2022,BKSC,Bank of South Carolina Corp,653.346,7.547,38.812,598.67,13.434,0.815,330.982,271.172,6.655,18.897,2.065,0.631,2022,Optimal,0.0184607,0.065564941,0.0420128205,0.9815393,0.8769386294964446,0.9579871795,0.9030261202360313,0.9337132013214338,4,Funding-Rich Underperformers
37,2022,BKU,BankUnited Inc,37026.712,265.548,2435.981,27509.334,6411.832,208.184,24885.988,10049.499,284.971,912.96,77.636,106.951,2022,Optimal,0.15459769,0.0,0.077298845,0.84540231,1.0,0.922701155,0.9030261202360313,0.9337132013214338,2,Transformation Specialists
38,2022,BLFY,Blue Foundry Bancorp,2043.338,29.247,393.718,1288.862,337.824,11.983,1545.127,364.022,2.396,51.843,2.664,7.767,2022,Optimal,0.32189796,0.0,0.16094898,0.67810204,1.0,0.83905102,0.9030261202360313,0.9337132013214338,2,Transformation Specialists
39,2022,BMBN,Benchmark Bankshares Inc,1124.672,16.545,85.654,1029.193,3.168,0.61,815.911,161.393,13.24,39.314,8.613,0.54,2022,Optimal,0.018441275,0.00358598,0.0110136275,0.981558725,0.9928536666086148,0.9889863725,0.9030261202360313,0.9337132013214338,1,Network Leaders
40,2022,BMRC,Bank of Marin Bancorp,4147.464,41.653,412.092,3573.348,139.078,9.176,2092.546,1774.303,46.586,127.492,10.905,2.887,2022,Optimal,0.058163277,0.011032094,0.0345976855,0.941836723,0.9781765701297312,0.9654023145,0.9030261202360313,0.9337132013214338,1,Network Leaders
41,2022,BNCC,BNCCORP Inc,943.321,21.194,100.346,819.584,16.66,1.69,616.645,177.939,6.5,30.958,19.128,1.419,2022,Optimal,0.070820608,0.10963465,0.090227629,0.929179392,0.8023950495778046,0.909772371,0.9030261202360313,0.9337132013214338,4,Funding-Rich Underperformers
42,2022,BOH,Bank of Hawaii Corp,23606.877,235.27,1316.995,20615.696,1236.31,18.966,13576.929,8312.027,225.804,540.558,157.541,12.647,2022,Optimal,0.0,0.016951113,0.0084755565,1.0,0.9666628753667532,0.9915244435,0.9030261202360313,0.9337132013214338,1,Network Leaders
43,2022,BOKF,BOK Financial Corp,47790.642,670.918,4687.358,34480.705,7350.542,369.266,22557.15,14603.788,520.273,1211.38,643.257,299.636,2022,Optimal,0.20347158,0.0,0.10173579,0.79652842,1.0,0.89826421,0.9030261202360313,0.9337132013214338,2,Transformation Specialists
44,2022,BOTJ,Bank of the James Financial Group Inc,928.571,17.682,50.226,848.138,25.143,1.715,611.625,190.813,8.959,29.703,13.244,1.199,2022,Optimal,0.022435525,0.16258704,0.0925112825,0.977564475,0.7203013032039304,0.9074887175,0.9030261202360313,0.9337132013214338,4,Funding-Rich Underperformers
45,2022,BPOP,Popular Inc,67637.917,719.764,4093.425,61227.227,1562.346,632.954,30492.03,26518.683,1102.641,2167.359,897.062,528.567,2022,Optimal,0.0,0.0,0.0,1.0,1.0,1.0,0.9030261202360313,0.9337132013214338,1,Network Leaders
46,2022,BPRN,Princeton Bancorp Inc,1601.779,20.455,219.601,1347.73,26.772,1.414,1370.368,85.345,26.494,68.083,4.862,0.266,2022,Optimal,0.094727656,0.0,0.047363828,0.905272344,1.0,0.952636172,0.9030261202360313,0.9337132013214338,1,Network Leaders
47,2022,BRBS,Blue Ridge Bankshares Inc,3130.465,56.006,248.793,2502.507,359.531,16.251,2411.059,424.046,17.333,104.567,48.092,18.779,2022,Optimal,0.13348911,0.082936658,0.108212884,0.86651089,0.8468300848672538,0.891787116,0.9030261202360313,0.9337132013214338,3,Network Laggards
48,2022,BRKL,Brookline Bancorp Inc,9185.836,113.487,992.125,6522.146,1452.136,33.177,7644.388,728.073,109.744,299.771,28.347,15.302,2022,Optimal,0.22105646,0.0,0.11052823,0.77894354,1.0,0.88947177,0.9030261202360313,0.9337132013214338,2,Transformation Specialists
49,2022,BSBK,Bogota Financial Corp,951.099,8.435,139.659,701.411,102.319,0.865,721.604,168.019,6.877,23.078,1.124,0.857,2022,Optimal,0.19269451,0.0,0.096347255,0.80730549,1.0,0.903652745,0.9030261202360313,0.9337132013214338,2,Transformation Specialists
50,2022,BSRR,Sierra Bancorp,3608.59,47.053,303.582,2846.164,420.127,4.615,2052.817,1284.533,33.659,109.615,30.77,19.579,2022,Optimal,0.14326128,0.0,0.07163064,0.8567387200000001,1.0,0.92836936,0.9030261202360313,0.9337132013214338,2,Transformation Specialists
51,2022,BUSE,First Busey Corp,12336.677,159.016,1145.977,10071.28,917.703,21.268,7725.702,3391.24,128.311,323.438,126.803,16.59,2022,Optimal,0.10192853,0.049047547,0.0754880385,0.89807147,0.9064912793700092,0.9245119615,0.9030261202360313,0.9337132013214338,3,Network Laggards
52,2022,BWB,Bridgewater Bancshares Inc,4345.662,36.941,394.064,3416.543,479.151,0.722,3560.153,568.219,53.392,129.698,6.332,0.639,2022,Optimal,0.13610285,0.0,0.068051425,0.86389715,1.0,0.931948575,0.9030261202360313,0.9337132013214338,2,Transformation Specialists
53,2022,BWFG,Bankwell Financial Group Inc,3252.449,22.237,238.469,2800.818,158.959,16.587,2668.815,126.85,37.429,94.743,3.04,16.441,2022,Optimal,0.042655937,0.10282093,0.0727384335,0.957344063,0.8135310507753964,0.9272615665,0.9030261202360313,0.9337132013214338,4,Funding-Rich Underperformers
54,2022,BY,Byline Bancorp Inc,7362.941,118.051,765.816,5695.121,765.819,25.242,5421.258,1213.327,87.954,265.33,57.314,40.744,2022,Optimal,0.15239336,0.020074657,0.0862340085,0.84760664,0.9606408082737026,0.9137659915,0.9030261202360313,0.9337132013214338,2,Transformation Specialists
55,2022,CAC,Camden National Corp,5671.85,62.019,451.278,4826.929,324.841,6.884,4010.353,1255.171,61.439,147.694,40.702,5.105,2022,Optimal,0.068046795,0.032650593,0.050348694,0.931953205,0.9367635224899348,0.949651306,0.9030261202360313,0.9337132013214338,1,Network Leaders
56,2022,CADE,Cadence Bank,48653.414,745.023,4311.374,38956.614,4694.592,186.812,30349.277,12096.554,463.237,1351.303,493.032,116.136,2022,Optimal,0.11588467,0.016108189,0.0659964295,0.88411533,0.968294342719838,0.9340035705,0.9030261202360313,0.9337132013214338,2,Transformation Specialists
57,2022,CARE,Carter Bankshares Inc,4204.519,52.399,328.627,3630.333,205.02,18.313,3148.913,846.013,50.118,139.928,21.718,15.038,2022,Optimal,0.058627054,0.057630206,0.05812863,0.941372946,0.8910201208833477,0.94187137,0.9030261202360313,0.9337132013214338,4,Funding-Rich Underperformers
58,2022,CARV,Carver Bancorp Inc,723.224,13.186,45.224,600.429,64.263,11.541,597.896,58.427,-4.401,22.789,3.595,12.321,2022,Optimal,0.11658057,0.056349238,0.086464904,0.88341943,0.8933132415437025,0.913535096,0.9030261202360313,0.9337132013214338,3,Network Laggards
59,2022,CASH,Pathward Financial Inc,6747.41,171.126,645.14,5866.037,68.083,61.833,3536.305,1956.237,156.386,307.324,293.807,30.92,2022,Optimal,0.047064772,0.0,0.023532386,0.952935228,1.0,0.976467614,0.9030261202360313,0.9337132013214338,1,Network Leaders
60,2022,CATY,Cathay General Bancorp,21947.976,142.546,2474.04,18505.279,659.254,71.653,18247.383,1512.756,360.642,733.697,56.814,84.501,2022,Optimal,0.039448872,0.0,0.019724436,0.960551128,1.0,0.980275564,0.9030261202360313,0.9337132013214338,1,Network Leaders
61,2022,CBAN,Colony Bankcorp Inc,2936.57,52.809,230.268,2490.997,205.247,5.779,1737.106,912.204,19.542,80.625,35.072,6.357,2022,Optimal,0.080598433,0.097353126,0.0889757794999999,0.919401567,0.8225673692572139,0.9110242205,0.9030261202360313,0.9337132013214338,4,Funding-Rich Underperformers
62,2022,CBCY,Central Bancompany Inc,19445.397,254.401,2387.592,15561.196,1350.582,28.746,11223.613,6529.44,258.22,555.775,231.249,25.982,2022,Optimal,0.1180976,0.0,0.0590488,0.8819024,1.0,0.9409512,0.9030261202360313,0.9337132013214338,2,Transformation Specialists
63,2022,CBFV,CB Financial Services Inc,1408.938,18.469,110.155,1268.503,24.786,7.302,1049.873,190.058,11.247,42.935,9.82,5.799,2022,Optimal,0.031909007,0.11934432,0.0756266635,0.968090993,0.7867603062478578,0.9243733365,0.9030261202360313,0.9337132013214338,4,Funding-Rich Underperformers
64,2022,CBKM,Consumers Bancorp Inc,977.313,13.26,53.97,886.562,30.728,1.771,611.843,307.146,11.192,32.746,4.735,0.44,2022,Optimal,0.028344474,0.068549015,0.0484467445,0.971655526,0.871697013356004,0.9515532555,0.9030261202360313,0.9337132013214338,4,Funding-Rich Underperformers
65,2022,CBNK,Capital Bancorp Inc,2123.655,42.898,224.015,1758.072,121.421,11.512,1730.755,259.843,41.804,140.607,29.372,9.756,2022,Optimal,0.10813766,0.0,0.05406883,0.89186234,1.0,0.94593117,0.9030261202360313,0.9337132013214338,2,Transformation Specialists
66,2022,CBSH,Commerce Bancshares Inc,31875.931,554.047,2481.577,26187.44,2876.637,9.272,16303.131,12475.654,488.399,942.185,567.041,8.402,2022,Optimal,0.093439507,0.0,0.0467197535,0.906560493,1.0,0.9532802465,0.9030261202360313,0.9337132013214338,1,Network Leaders
67,2022,CBU,Community Financial System Inc,15835.651,257.339,1551.705,13012.308,1168.866,46.191,8809.394,5314.888,188.081,420.63,258.725,33.867,2022,Optimal,0.095025679,0.027325476,0.0611755775,0.904974321,0.9468026898225194,0.9388244225,0.9030261202360313,0.9337132013214338,1,Network Leaders
68,2022,CCB,Coastal Financial Corp,3144.467,52.228,243.494,2817.521,52.821,1.727,2627.256,108.908,40.625,171.775,124.684,33.175,2022,Optimal,0.02685353,0.0,0.013426765,0.97314647,1.0,0.986573235,0.9030261202360313,0.9337132013214338,1,Network Leaders
69,2022,CCBG,Capital City Bank Group,4519.223,91.519,387.281,3939.317,132.859,4.339,2547.685,1074.048,33.412,125.022,75.181,2.728,2022,Optimal,0.048589264,0.10209806,0.075343662,0.951410736,0.814720552180266,0.924656338,0.9030261202360313,0.9337132013214338,4,Funding-Rich Underperformers
70,2022,CCFN,Muncy Columbia Financial Corp,944.014,10.406,85.942,682.325,172.063,2.87,527.729,345.351,9.514,22.327,6.071,2.654,2022,Optimal,0.22568673,0.020918581,0.1233026555,0.7743132699999999,0.9590200797804852,0.8766973445,0.9030261202360313,0.9337132013214338,2,Transformation Specialists
71,2022,CCNE,CNB Financial Corp/PA,5475.179,71.46,530.762,4622.437,271.089,20.295,4275.178,816.504,63.188,189.659,34.766,23.546,2022,Optimal,0.076760067,0.040125524,0.0584427955,0.923239933,0.922844843099918,0.9415572045,0.9030261202360313,0.9337132013214338,4,Funding-Rich Underperformers
72,2022,CEFC,Commercial National Financial Corp,613.754,7.917,39.313,538.732,32.403,4.416,411.294,101.705,8.081,20.417,2.208,0.688,2022,Optimal,0.066171934,0.15907006,0.112620997,0.933828066,0.7255212338070401,0.8873790029999999,0.9030261202360313,0.9337132013214338,4,Funding-Rich Underperformers
73,2022,CFBK,CF Bankshares Inc,1820.174,15.125,139.248,1527.922,125.821,0.997,1588.317,23.384,18.164,48.79,3.21,0.761,2022,Optimal,0.094825585,0.01029239,0.0525589875,0.905174415,0.9796249281853938,0.9474410125,0.9030261202360313,0.9337132013214338,1,Network Leaders
74,2022,CFFI,C&F Financial Corp,2332.317,47.867,196.233,2003.86,101.19,3.949,1635.718,513.711,29.159,93.464,28.482,1.541,2022,Optimal,0.072768016,0.034930945,0.0538494805,0.927231984,0.9324960855238512,0.9461505195,0.9030261202360313,0.9337132013214338,4,Funding-Rich Underperformers
75,2022,CFFN,Capitol Federal Financial Inc,9624.897,56.6,1096.499,6194.866,2143.967,13.606,7480.579,1663.931,84.453,192.594,22.83,9.771,2022,Optimal,0.2681575,0.0,0.13407875,0.7318425,1.0,0.86592125,0.9030261202360313,0.9337132013214338,2,Transformation Specialists
76,2022,CFG,Citizens Financial Group Inc,226733.0,2439.0,23690.0,180724.0,16956.0,724.0,156662.0,35052.0,2073.0,6012.0,2009.0,960.0,2022,Optimal,0.0,0.0,0.0,1.0,1.0,1.0,0.9030261202360313,0.9337132013214338,1,Network Leaders
77,2022,CFR,Cullen/Frost Bankers Inc,52892.376,580.704,3137.228,43954.196,5256.64,57.177,17154.969,20882.688,579.15,1291.283,404.818,38.797,2022,Optimal,0.082275622,0.0,0.041137811,0.917724378,1.0,0.958862189,0.9030261202360313,0.9337132013214338,1,Network Leaders
78,2022,CHBH,Croghan Bancshares Inc,1125.763,16.513,109.07,908.898,100.746,0.499,699.459,336.291,14.014,37.668,7.006,0.583,2022,Optimal,0.13522438,0.026674236,0.080949308,0.86477562,0.9480375857021116,0.919050692,0.9030261202360313,0.9337132013214338,2,Transformation Specialists
79,2022,CHCO,City Holding Co,5878.106,66.536,577.852,4869.866,290.964,7.58,3646.258,1529.327,102.071,180.033,72.077,6.301,2022,Optimal,0.093228196,0.03754652,0.065387358,0.906771804,0.92762441148181,0.934612642,0.9030261202360313,0.9337132013214338,4,Funding-Rich Underperformers
80,2022,CHMG,Chemung Financial Corp,2645.553,32.722,166.388,2327.227,105.757,8.227,1829.448,646.04,28.783,74.179,21.436,8.373,2022,Optimal,0.04696001,0.077271112,0.062115561,0.95303999,0.8565428681057957,0.937884439,0.9030261202360313,0.9337132013214338,4,Funding-Rich Underperformers
81,2022,CIVB,Civista Bancshares Inc,3537.83,50.851,334.835,2619.984,541.736,5.37,2546.666,651.177,39.427,110.204,29.076,10.905,2022,Optimal,0.19663936,0.049411742,0.123025551,0.80336064,0.905829637648556,0.876974449,0.9030261202360313,0.9337132013214338,3,Network Laggards
82,2022,CIZN,Citizens Holding Co,1324.003,17.649,39.025,1126.402,145.89,6.668,585.591,609.698,9.62,34.909,10.885,6.46,2022,Optimal,0.0,0.11457586,0.05728793,1.0,0.7944045549308775,0.94271207,0.9030261202360313,0.9337132013214338,4,Funding-Rich Underperformers
83,2022,CLBK,Columbia Financial Inc,10408.169,116.926,1053.595,8001.159,1145.662,3.939,7677.564,1811.655,86.173,266.777,30.4,6.721,2022,Optimal,0.15542646,0.0,0.07771323,0.8445735400000001,1.0,0.92228677,0.9030261202360313,0.9337132013214338,2,Transformation Specialists
84,2022,CLST,Catalyst Bancorp Inc,263.324,4.822,88.474,165.094,9.198,1.231,133.607,94.885,0.18,7.331,1.173,2.005,2022,Optimal,0.30671205,0.0,0.153356025,0.69328795,1.0,0.846643975,0.9030261202360313,0.9337132013214338,2,Transformation Specialists
85,2022,CMA,Comerica Incorporated,85406.0,1208.0,5181.0,71397.0,6641.0,269.0,52642.0,19240.0,1151.0,2466.0,1068.0,244.0,2022,Optimal,0.052779203,0.054700863,0.053740033,0.947220797,0.8962722703299807,0.946259967,0.9030261202360313,0.9337132013214338,4,Funding-Rich Underperformers
86,2022,CMTV,Community Bancorp/VT,1056.032,11.09,75.176,922.972,51.568,5.941,749.042,194.33,13.74,33.085,6.643,7.89,2022,Optimal,0.062576135,0.13835135,0.1004637425,0.937423865,0.7569268047163119,0.8995362575,0.9030261202360313,0.9337132013214338,4,Funding-Rich Underperformers
87,2022,CNND,Canandaigua National Corp,4747.541,74.68,312.559,3762.068,606.781,23.019,3477.511,1100.384,47.854,144.109,50.734,10.566,2022,Optimal,0.13562233,0.036747142,0.086184736,0.86437767,0.9291106953444584,0.913815264,0.9030261202360313,0.9337132013214338,3,Network Laggards
88,2022,CNOB,ConnectOne Bancorp Inc,9644.948,81.289,1178.751,7356.622,1022.274,61.7,8099.689,697.299,125.211,302.119,13.243,44.718,2022,Optimal,0.15432564,0.0024830787,0.07840435935,0.8456743600000001,0.9950461434157672,0.92159564065,0.9030261202360313,0.9337132013214338,2,Transformation Specialists
89,2022,COFS,ChoiceOne Financial Services Inc,2385.915,30.391,168.874,2118.003,85.262,5.737,1189.782,972.802,23.64,67.314,14.072,2.667,2022,Optimal,0.039898329,0.0781689,0.0590336145,0.960101671,0.8549969304438293,0.9409663855,0.9030261202360313,0.9337132013214338,4,Funding-Rich Underperformers
90,2022,COLB,Columbia Banking System Inc,31848.639,441.226,2479.826,27065.612,1718.09,53.069,26155.981,3318.745,336.752,1070.016,199.528,58.843,2022,Optimal,0.062177243,0.0,0.0310886215,0.937822757,1.0,0.9689113785,0.9030261202360313,0.9337132013214338,1,Network Leaders
91,2022,CPF,Central Pacific Financial Corp.,7432.763,88.781,452.871,6736.223,146.748,5.881,5555.466,1345.823,73.928,215.563,47.919,5.251,2022,Optimal,0.0054931156,0.0,0.0027465578,0.9945068844,1.0,0.9972534422,0.9030261202360313,0.9337132013214338,1,Network Leaders
92,2022,CPKF,Chesapeake Financial Shares Inc,1328.997,25.627,79.067,1166.24,71.987,6.737,740.82,449.671,17.629,44.085,22.192,5.519,2022,Optimal,0.057670371,0.11045108,0.0840607254999999,0.942329629,0.8010698859422064,0.9159392745,0.9030261202360313,0.9337132013214338,4,Funding-Rich Underperformers
93,2022,CSBB,CSB Bancorp Inc/OH,1159.108,13.446,95.92,1023.417,35.318,1.088,627.171,401.144,13.313,32.323,6.711,0.256,2022,Optimal,0.05217586,0.082862861,0.0675193605,0.94782414,0.8469559461602036,0.9324806395,0.9030261202360313,0.9337132013214338,4,Funding-Rich Underperformers
94,2022,CSHX,Cashmere Valley Bank,2087.762,24.558,158.39,1900.019,17.166,0.404,1005.741,819.155,26.0,61.862,11.666,1.58,2022,Optimal,0.016827931,0.049502557,0.033165244,0.983172069,0.905664723406672,0.966834756,0.9030261202360313,0.9337132013214338,4,Funding-Rich Underperformers
95,2022,CTBI,Community Trust Bancorp Inc,5380.316,72.49,628.047,4426.143,291.755,20.111,3709.29,1269.955,81.814,169.102,57.916,18.98,2022,Optimal,0.10081887,0.02471023,0.06276455,0.89918113,0.9517712826971584,0.93723545,0.9030261202360313,0.9337132013214338,2,Transformation Specialists
96,2022,CUBI,Customers Bancorp Inc,20896.112,112.365,1402.961,18156.953,1124.578,49.76,15466.359,3901.955,228.034,623.72,32.272,30.783,2022,Optimal,0.0,0.043442157,0.0217210785,1.0,0.9167329847494364,0.9782789215,0.9030261202360313,0.9337132013214338,4,Funding-Rich Underperformers
97,2022,CVBF,CVB Financial Corp,16476.54,131.596,1948.517,12836.245,1584.889,6.893,8998.266,5837.139,235.425,505.513,49.989,4.93,2022,Optimal,0.12812848,0.0,0.06406424,0.87187152,1.0,0.93593576,0.9030261202360313,0.9337132013214338,2,Transformation Specialists
98,2022,CYFL,Century Financial Corp,454.393,6.958,43.09,403.644,5.628,1.204,201.592,167.497,5.86,13.63,5.631,0.695,2022,Optimal,0.060971517,0.072108452,0.0665399845,0.939028483,0.8654829147825802,0.9334600155,0.9030261202360313,0.9337132013214338,4,Funding-Rich Underperformers
99,2022,CZBC,Citizens Bancorp/OR,1055.153,16.032,58.658,955.728,29.531,2.226,378.687,464.92,9.102,29.479,3.037,0.193,2022,Optimal,0.029242745,0.18245783,0.1058502875,0.970757255,0.6913922418696319,0.8941497125,0.9030261202360313,0.9337132013214338,4,Funding-Rich Underperformers
100,2022,CZBS,Citizens Bancshares Corp,807.136,9.084,172.167,620.208,4.878,1.904,340.855,178.621,9.437,23.722,6.548,1.369,2022,Optimal,0.17592353,0.19984742,0.187885475,0.8240764700000001,0.666878610281964,0.812114525,0.9030261202360313,0.9337132013214338,3,Network Laggards
101,2022,CZFS,Citizens Financial Services Inc,2333.393,27.837,200.147,1844.208,262.294,8.842,1724.999,441.714,29.06,72.134,9.738,7.488,2022,Optimal,0.14673095,0.075249339,0.1109901445,0.85326905,0.8600336940081579,0.8890098555,0.9030261202360313,0.9337132013214338,3,Network Laggards
102,2022,CZNC,Citizens & Northern Corp,2454.307,41.833,249.325,1997.593,185.914,21.902,1740.04,498.033,26.618,83.128,24.432,25.597,2022,Optimal,0.12167193,0.017274039,0.0694729845,0.87832807,0.9660385730142476,0.9305270155,0.9030261202360313,0.9337132013214338,2,Transformation Specialists
103,2022,CZWI,Citizens Community Bancorp Inc,1816.386,22.128,167.088,1424.72,216.884,13.233,1411.784,279.998,17.761,56.369,10.43,12.721,2022,Optimal,0.15557067,0.072584275,0.1140774725,0.84442933,0.864655343749096,0.8859225275,0.9030261202360313,0.9337132013214338,3,Network Laggards
104,2022,DCOM,Dime Community Bancshares Inc,13189.921,120.108,1169.583,10254.407,1392.983,40.307,10566.831,1625.13,152.556,379.863,38.156,34.237,2022,Optimal,0.13890938,0.030513635,0.0847115075,0.86109062,0.9407797549423011,0.9152884925,0.9030261202360313,0.9337132013214338,2,Transformation Specialists
105,2022,DIMC,Dimeco Inc,969.567,14.861,88.013,787.574,82.093,13.823,679.072,218.823,12.341,34.809,4.956,4.794,2022,Optimal,0.13172746,0.0195824,0.07565493,0.86827254,0.9615874106889252,0.92434507,0.9030261202360313,0.9337132013214338,2,Transformation Specialists
106,2022,EBC,Eastern Bankshares Inc,22646.858,298.186,2471.79,18974.359,787.607,34.983,13562.528,7208.788,199.759,568.054,176.161,38.604,2022,Optimal,0.076137588,0.0,0.038068794,0.923862412,1.0,0.961931206,0.9030261202360313,0.9337132013214338,1,Network Leaders
107,2022,EBMT,Eagle Bancorp Montana Inc,1948.384,44.521,158.416,1635.272,130.222,7.063,1353.678,358.715,10.701,63.312,30.499,7.778,2022,Optimal,0.09624071,0.12213476,0.109187735,0.90375929,0.7823171256186735,0.890812265,0.9030261202360313,0.9337132013214338,4,Funding-Rich Underperformers
108,2022,ECBK,ECB Bancorp Inc,1064.462,9.928,162.73,718.149,174.0,0.982,892.874,89.885,2.72,23.634,1.401,0.656,2022,Optimal,0.26852454,0.0,0.13426227,0.73147546,1.0,0.86573773,0.9030261202360313,0.9337132013214338,2,Transformation Specialists
109,2022,EFSC,Enterprise Financial Services Corp,13054.172,147.029,1522.263,10829.15,597.59,31.517,9737.138,2309.512,203.043,473.903,59.162,10.25,2022,Optimal,0.0871019,0.0,0.04355095,0.9128981,1.0,0.95644905,0.9030261202360313,0.9337132013214338,1,Network Leaders
110,2022,EFSI,Eagle Financial Services Inc,1616.717,25.73,101.729,1264.075,242.335,2.766,1323.307,158.389,14.521,49.213,13.345,2.27,2022,Optimal,0.15976366,0.097001901,0.1283827805,0.84023634,0.823150897165127,0.8716172195,0.9030261202360313,0.9337132013214338,3,Network Laggards
111,2022,EGBN,Eagle Bancorp Inc,11150.854,84.053,1228.321,8713.182,1109.162,30.843,7635.632,2757.107,140.93,332.867,23.654,8.43,2022,Optimal,0.12765719,0.0,0.063828595,0.87234281,1.0,0.936171405,0.9030261202360313,0.9337132013214338,2,Transformation Specialists
112,2022,EMYB,Embassy Bancorp Inc,1640.227,13.403,88.276,1521.107,20.724,2.579,1208.613,317.987,17.702,46.282,2.343,2.374,2022,Optimal,0.0,0.060253891,0.0301269455,1.0,0.8863406368767573,0.9698730545,0.9030261202360313,0.9337132013214338,4,Funding-Rich Underperformers
113,2022,ENBP,ENB Financial Corp,1858.716,27.324,97.335,1638.958,116.58,2.881,1191.117,544.93,14.631,50.583,13.564,4.347,2022,Optimal,0.04932128,0.098047042,0.073684161,0.95067872,0.8214155892239087,0.926315839,0.9030261202360313,0.9337132013214338,4,Funding-Rich Underperformers
114,2022,EQBK,Equity Bancshares Inc,4981.651,62.006,410.058,4241.807,287.028,65.998,3311.548,1208.033,57.688,162.83,35.957,18.248,2022,Optimal,0.069771393,0.0,0.0348856965,0.930228607,1.0,0.9651143035,0.9030261202360313,0.9337132013214338,1,Network Leaders
115,2022,EQFN,Equitable Financial Corp,454.828,7.804,42.41,396.158,11.353,1.284,395.539,33.97,4.591,15.059,6.057,0.554,2022,Optimal,0.082196285,0.018092649,0.050144467,0.917803715,0.964457755356998,0.949855533,0.9030261202360313,0.9337132013214338,1,Network Leaders
116,2022,ESQ,Esquire Financial Holdings Inc,1395.639,25.774,158.158,1228.236,2.81,0.006,947.295,190.456,28.518,59.346,24.925,0.004,2022,Optimal,0.054505995,0.0,0.0272529975,0.945494005,1.0,0.9727470025,0.9030261202360313,0.9337132013214338,1,Network Leaders
117,2022,EWBC,East West Bancorp Inc,64112.15,477.635,5984.612,55967.849,564.331,103.482,48202.43,9036.861,1128.083,2045.881,298.666,99.796,2022,Optimal,0.0,0.0,0.0,1.0,1.0,1.0,0.9030261202360313,0.9337132013214338,1,Network Leaders
118,2022,EXSR,Exchange Bank of Santa Rosa California,3334.397,40.279,202.024,3066.281,28.21,5.899,1509.908,1590.648,37.48,99.135,24.368,5.966,2022,Optimal,0.0,0.0078148268,0.0039074134,1.0,0.9844915423107764,0.9960925866,0.9030261202360313,0.9337132013214338,1,Network Leaders
119,2022,FBAK,First National Bank Alaska,5337.737,60.741,407.55,4224.857,674.697,17.629,2227.047,2815.357,58.235,145.37,24.608,5.697,2022,Optimal,0.13495579,0.0,0.067477895,0.86504421,1.0,0.932522105,0.9030261202360313,0.9337132013214338,2,Transformation Specialists
120,2022,FBIZ,First Business Financial Services Inc,2976.611,57.742,260.64,2168.206,466.983,6.522,2443.066,242.471,40.858,98.422,29.428,3.754,2022,Optimal,0.2125728,0.034012511,0.1232926555,0.7874272,0.9342125735652728,0.8767073445,0.9030261202360313,0.9337132013214338,2,Transformation Specialists
121,2022,FBK,FB Financial Corp,12847.756,211.491,1325.518,10855.834,485.431,62.983,9298.212,1532.817,124.555,412.235,114.667,87.491,2022,Optimal,0.070138707,0.07936186,0.0747502835,0.929861293,0.8529467031566225,0.9252497165,0.9030261202360313,0.9337132013214338,4,Funding-Rich Underperformers
122,2022,FBNC,First Bancorp/NC,10625.049,117.718,1031.596,9227.529,306.898,52.637,6665.145,2895.793,146.936,324.854,67.985,38.293,2022,Optimal,0.045053325,0.05347907,0.0492661975,0.954946675,0.8984715092631124,0.9507338025,0.9030261202360313,0.9337132013214338,4,Funding-Rich Underperformers
123,2022,FBP,First BanCorp (Puerto Rico),18634.484,206.038,1325.54,16143.467,1015.849,158.102,11552.825,6084.06,305.072,795.293,123.092,129.158,2022,Optimal,0.045172982,0.0,0.022586491,0.954827018,1.0,0.977413509,0.9030261202360313,0.9337132013214338,1,Network Leaders
124,2022,FBPI,First Bancorp of Indiana Inc,518.48,7.872,32.588,389.675,90.769,1.273,350.569,116.889,2.436,13.691,3.954,0.468,2022,Optimal,0.20335884,0.10123681,0.152297825,0.79664116,0.8161398001216469,0.847702175,0.9030261202360313,0.9337132013214338,3,Network Laggards
125,2022,FBSI,First Bancshares Inc,471.715,6.676,47.586,420.692,2.514,0.618,411.767,13.105,5.283,17.738,1.717,0.614,2022,Optimal,0.050701028,0.0,0.025350514,0.949298972,1.0,0.974649486,0.9030261202360313,0.9337132013214338,1,Network Leaders
126,2022,FBTT,First Bankers Trustshares Inc,1118.117,14.578,56.592,913.551,140.788,8.634,551.269,483.311,8.823,27.649,7.04,7.634,2022,Optimal,0.12439807,0.048241603,0.0863198365,0.87560193,0.9079570914530856,0.9136801635,0.9030261202360313,0.9337132013214338,3,Network Laggards
127,2022,FCBC,First Community Bancshares Inc,3135.572,47.183,421.985,2678.815,2.544,23.237,2400.197,300.349,46.662,112.663,37.182,17.399,2022,Optimal,0.072883331,0.0,0.0364416655,0.927116669,1.0,0.9635583345,0.9030261202360313,0.9337132013214338,1,Network Leaders
128,2022,FCCO,First Community Corp,1672.946,25.357,118.361,1385.382,158.539,1.415,980.857,564.754,14.613,47.943,11.569,5.831,2022,Optimal,0.10938939,0.035632202,0.072510796,0.89061061,0.9311875356305308,0.927489204,0.9030261202360313,0.9337132013214338,3,Network Laggards
129,2022,FCF,First Commonwealth Financial Corp.,9805.666,126.031,1052.074,8005.469,599.067,55.822,7642.143,1250.237,128.181,312.221,98.708,36.021,2022,Optimal,0.1030462,0.026920002,0.064983101,0.8969538,0.9475713746979876,0.935016899,0.9030261202360313,0.9337132013214338,2,Transformation Specialists
130,2022,FCNCA,First Citizens BancShares Inc,109298.0,1396.0,9662.0,89408.0,6997.0,159.634,70781.0,19624.0,1098.0,2946.0,2136.0,674.0,2022,Optimal,0.056799361,0.0,0.0283996805,0.943200639,1.0,0.9716003195,0.9030261202360313,0.9337132013214338,1,Network Leaders
131,2022,FDBC,Fidelity D & D Bancorp Inc,2378.372,26.977,162.95,2166.913,31.026,6.434,1564.174,648.874,30.021,72.274,16.642,4.069,2022,Optimal,0.013253627,0.033633486,0.0234435564999999,0.986746373,0.9349218335985682,0.9765564435,0.9030261202360313,0.9337132013214338,1,Network Leaders
132,2022,FDVA,Freedom Financial Holdings Inc,990.632,15.16,74.946,848.995,52.364,8.891,700.003,202.543,10.564,31.588,5.687,8.639,2022,Optimal,0.082980302,0.10873216,0.095856231,0.917019698,0.8038621699220847,0.904143769,0.9030261202360313,0.9337132013214338,4,Funding-Rich Underperformers
133,2022,FFBB,FFB Bancorp,1294.464,15.341,92.358,1081.227,105.853,2.93,842.553,349.397,26.521,48.086,13.339,6.373,2022,Optimal,0.1028914,0.050265705,0.0765785525,0.8971086,0.9042800221682952,0.9234214475,0.9030261202360313,0.9337132013214338,3,Network Laggards
134,2022,FFBC,First Financial Bancorp.,17003.316,269.368,2041.373,12701.177,1698.305,60.106,10298.971,3636.829,217.612,519.143,189.641,39.774,2022,Optimal,0.17740358,0.067488862,0.122446221,0.82259642,0.8735558479297744,0.877553779,0.9030261202360313,0.9337132013214338,3,Network Laggards
135,2022,FFDF,FFD Financial Corp,652.853,6.756,52.553,578.932,15.069,0.429,509.447,40.889,9.127,19.934,2.923,0.339,2022,Optimal,0.039976063,0.051993486,0.0459847745,0.960023937,0.9011524563755712,0.9540152255,0.9030261202360313,0.9337132013214338,4,Funding-Rich Underperformers
136,2022,FFIC,Flushing Financial Corp,8422.946,84.374,677.157,6485.342,1099.098,14.933,6934.769,854.91,76.945,243.616,10.009,53.363,2022,Optimal,0.15339107,0.0,0.076695535,0.84660893,1.0,0.923304465,0.9030261202360313,0.9337132013214338,2,Transformation Specialists
137,2022,FFIN,First Financial Bankshares Inc,12974.066,134.133,1265.737,11005.507,642.507,34.158,6441.868,5474.359,234.475,401.414,131.665,24.325,2022,Optimal,0.065423143,0.0034298455,0.03442649425,0.934576857,0.9931637562598292,0.96557350575,0.9030261202360313,0.9337132013214338,1,Network Leaders
138,2022,FFMH,First Farmers and Merchants Corp,1942.289,23.115,96.665,1798.628,28.371,1.214,966.167,828.183,18.05,47.984,14.147,0.705,2022,Optimal,0.0,0.041580613,0.0207903065,1.0,0.920158627222836,0.9792096935,0.9030261202360313,0.9337132013214338,4,Funding-Rich Underperformers
139,2022,FFWM,First Foundation Inc,13014.179,110.222,1134.378,10362.612,1402.352,14.54,10726.193,1114.06,110.512,318.69,48.234,16.541,2022,Optimal,0.11543026,0.0,0.05771513,0.88456974,1.0,0.94228487,0.9030261202360313,0.9337132013214338,2,Transformation Specialists
140,2022,FGBI,First Guaranty Bancshares Inc,3151.347,36.699,234.991,2723.792,183.369,20.032,2519.077,458.054,28.884,100.042,11.009,14.821,2022,Optimal,0.061104941,0.069775041,0.065439991,0.938895059,0.8695519369478354,0.934560009,0.9030261202360313,0.9337132013214338,4,Funding-Rich Underperformers
141,2022,FGFH,Foresight Financial Group Inc,1477.46,22.627,127.231,1294.707,43.664,7.585,968.967,399.353,13.626,45.673,8.409,6.822,2022,Optimal,0.058089499,0.078889634,0.0684895665,0.941910501,0.8537577310711282,0.9315104335,0.9030261202360313,0.9337132013214338,4,Funding-Rich Underperformers
142,2022,FHB,First Hawaiian Inc,24577.223,199.129,2269.005,21689.029,75.0,7.257,14092.012,7481.872,265.685,613.549,179.525,11.996,2022,Optimal,0.0078818385,0.0,0.00394091925,0.9921181615,1.0,0.99605908075,0.9030261202360313,0.9337132013214338,1,Network Leaders
143,2022,FHN,First Horizon Corp,78953.0,1101.0,8547.0,63489.0,4474.0,285.0,58102.0,10207.0,900.0,2392.0,815.0,327.0,2022,Optimal,0.10773388,0.0,0.05386694,0.8922661199999999,1.0,0.94613306,0.9030261202360313,0.9337132013214338,2,Transformation Specialists
144,2022,FIBK,First Interstate BancSystem Inc,32287.8,359.6,3073.8,25073.6,3663.8,29.7,18099.2,10596.5,202.2,942.6,163.2,78.3,2022,Optimal,0.14314437,0.0,0.071572185,0.85685563,1.0,0.928427815,0.9030261202360313,0.9337132013214338,2,Transformation Specialists
145,2022,FINW,Finwise Bancorp,400.78,24.489,140.459,242.998,7.334,0.763,236.202,14.741,25.115,50.895,37.411,0.1,2022,Optimal,0.34910322,0.0,0.17455161,0.6508967800000001,1.0,0.82544839,0.9030261202360313,0.9337132013214338,2,Transformation Specialists
146,2022,FISI,Financial Institutions Inc,5797.272,69.633,405.605,4929.424,312.451,12.166,4050.449,1143.346,56.573,167.372,46.271,10.217,2022,Optimal,0.069508412,0.080334429,0.0749214205,0.930491588,0.8512785914369854,0.9250785795,0.9030261202360313,0.9337132013214338,4,Funding-Rich Underperformers
147,2022,FITB,Fifth Third Bancorp,207452.0,2554.0,17327.0,163690.0,19331.0,542.0,118776.0,51825.0,2446.0,5609.0,2766.0,539.0,2022,Optimal,0.029081782,0.00036709035,0.014724436175,0.970918218,0.9992660887117516,0.985275563825,0.9030261202360313,0.9337132013214338,1,Network Leaders
148,2022,FIZN,First Citizens Bancshares Inc,2404.31,29.62,155.41,2075.5,157.436,2.773,1335.313,752.329,27.064,68.051,18.294,4.212,2022,Optimal,0.066386554,0.14663396,0.106510257,0.933613446,0.7442357977954883,0.893489743,0.9030261202360313,0.9337132013214338,4,Funding-Rich Underperformers
149,2022,FKYS,First Keystone Corp,1329.194,14.554,120.386,993.499,205.453,7.066,858.398,382.279,14.024,37.5,5.331,5.359,2022,Optimal,0.19773672,0.061197673,0.1294671965,0.80226328,0.8846630094334933,0.8705328035,0.9030261202360313,0.9337132013214338,3,Network Laggards
150,2022,FLG,Flagstar Financial Inc,90144.0,354.0,8824.0,58721.0,21454.0,41.0,69001.0,10341.0,650.0,1396.0,247.0,153.0,2022,Optimal,0.15367651,0.0,0.076838255,0.8463234900000001,1.0,0.923161745,0.9030261202360313,0.9337132013214338,2,Transformation Specialists
151,2022,FMAO,Farmers & Merchants Bancorp Inc,3015.351,29.603,298.14,2468.864,226.277,8.235,2356.387,400.588,32.515,86.787,15.537,4.689,2022,Optimal,0.10954055,0.057370629,0.0834555895,0.89045945,0.8914843529288158,0.9165444105,0.9030261202360313,0.9337132013214338,3,Network Laggards
152,2022,FMBH,First Mid Bancshares Inc,6744.215,98.594,633.155,5257.001,816.437,27.055,4825.874,1222.25,72.952,184.277,74.682,23.539,2022,Optimal,0.14645569,0.076275217,0.1113654535,0.85354431,0.858260757480584,0.8886345465,0.9030261202360313,0.9337132013214338,3,Network Laggards
153,2022,FMBM,F & M Bank Corp,1245.902,20.032,70.792,1083.377,77.776,5.508,743.604,403.537,8.318,34.939,9.634,2.262,2022,Optimal,0.066929399,0.10058732,0.0837583594999999,0.933070601,0.8172115593699553,0.9162416405,0.9030261202360313,0.9337132013214338,4,Funding-Rich Underperformers
154,2022,FMCB,Farmers & Merchants Bancorp,5327.399,64.25,485.308,4759.269,13.81,1.389,3512.361,1013.366,75.09,193.573,6.178,1.444,2022,Optimal,0.022752532,0.0,0.011376266,0.977247468,1.0,0.988623734,0.9030261202360313,0.9337132013214338,1,Network Leaders
155,2022,FMNB,Farmers National Banc Corp/OH,4082.2,45.013,292.295,3561.768,191.973,16.195,2404.75,1301.469,60.597,124.166,44.202,14.876,2022,Optimal,0.047727506,0.081079941,0.0644037235,0.952272494,0.8500019509658073,0.9355962765,0.9030261202360313,0.9337132013214338,4,Funding-Rich Underperformers
156,2022,FNB,F.N.B. Corp,43725.0,426.237,5653.0,34770.0,2633.3,96.0,30255.0,7630.0,439.109,1119.78,323.553,119.0,2022,Optimal,0.11646188,0.021366443,0.0689141615,0.88353812,0.9581610632570978,0.9310858385,0.9030261202360313,0.9337132013214338,2,Transformation Specialists
157,2022,FNFI,First Niles Financial Inc,133.89,4.913,13.144,83.492,35.092,0.418,91.644,19.486,0.252,3.011,4.082,0.15,2022,Optimal,0.24912115,0.0,0.124560575,0.75087885,1.0,0.8754394249999999,0.9030261202360313,0.9337132013214338,2,Transformation Specialists
158,2022,FNLC,First Bancorp Inc/ME (The),2739.178,23.316,228.923,2378.877,104.22,6.721,1914.674,682.288,38.99,76.166,16.874,1.755,2022,Optimal,0.052491023,0.020552721,0.036521872,0.947508977,0.9597223728336912,0.963478128,0.9030261202360313,0.9337132013214338,1,Network Leaders
159,2022,FNRN,First Northern Community Bancorp,1871.361,24.204,125.04,1726.874,5.422,10.197,984.93,627.532,15.884,54.696,6.933,8.579,2022,Optimal,0.0054233204,0.065850359,0.0356368397,0.9945766796,0.8764360147858242,0.9643631603,0.9030261202360313,0.9337132013214338,4,Funding-Rich Underperformers
160,2022,FNWB,First Northwest Bancorp,2042.07,35.94,158.282,1564.255,292.271,1.4,1547.551,338.25,15.645,69.863,10.327,1.79,2022,Optimal,0.17540796,0.037021602,0.106214781,0.82459204,0.9286001334425432,0.893785219,0.9030261202360313,0.9337132013214338,3,Network Laggards
161,2022,FNWD,Finward Bancorp,2070.339,28.99,136.393,1775.017,135.503,8.253,1513.631,377.443,15.08,67.149,11.509,11.182,2022,Optimal,0.076066934,0.10115456,0.088610747,0.923933066,0.8162754554637635,0.911389253,0.9030261202360313,0.9337132013214338,4,Funding-Rich Underperformers
162,2022,FOTB,First Ottawa Bancshares Inc,1354.688,21.45,71.501,1082.765,194.131,7.965,1104.798,113.045,12.243,44.13,6.824,6.003,2022,Optimal,0.1423479,0.14515098,0.14374944,0.8576521,0.7464945975944587,0.85625056,0.9030261202360313,0.9337132013214338,3,Network Laggards
163,2022,FRAF,Franklin Financial Services Corp,1699.579,28.094,114.197,1551.448,25.767,7.384,1051.041,487.891,14.938,51.586,15.25,0.12,2022,Optimal,0.017409889,0.0,0.0087049445,0.982590111,1.0,0.9912950555,0.9030261202360313,0.9337132013214338,1,Network Leaders
164,2022,FRBA,First Bank,2732.94,27.383,289.562,2293.952,127.963,13.773,2337.814,160.735,36.287,92.373,5.12,6.25,2022,Optimal,0.088660653,0.027391293,0.058025973,0.911339347,0.9466779732578482,0.941974027,0.9030261202360313,0.9337132013214338,1,Network Leaders
165,2022,FRFC,First Robinson Financial Corp,471.987,5.965,22.828,369.925,74.696,1.43,236.218,186.272,2.591,10.519,3.065,0.936,2022,Optimal,0.1505393,0.10103388,0.12578659,0.8494607000000001,0.8164745302842089,0.87421341,0.9030261202360313,0.9337132013214338,3,Network Laggards
166,2022,FRME,First Merchants Corp,17938.306,206.893,2034.77,14382.745,1339.261,43.949,12003.894,4302.313,222.089,520.203,107.941,48.979,2022,Optimal,0.11663727,0.031367177,0.0740022235,0.88336273,0.9391735985020592,0.9259977765,0.9030261202360313,0.9337132013214338,2,Transformation Specialists
167,2022,FRST,Primis Financial Corp,3566.664,49.005,388.968,2722.467,432.524,16.475,2946.637,275.65,14.148,101.7,18.352,38.845,2022,Optimal,0.17144226,0.0,0.08572113,0.8285577399999999,1.0,0.91427887,0.9030261202360313,0.9337132013214338,2,Transformation Specialists
168,2022,FSBC,Five Star Bancorp,3227.159,22.571,252.825,2782.004,177.849,0.588,2791.326,136.314,44.801,103.07,7.157,0.404,2022,Optimal,0.045204327,0.0,0.0226021635,0.954795673,1.0,0.9773978365,0.9030261202360313,0.9337132013214338,1,Network Leaders
169,2022,FSBW,FS Bancorp Inc,2632.898,47.632,231.697,2127.741,242.463,5.8,2218.852,248.332,29.649,104.28,18.108,9.222,2022,Optimal,0.12672896,0.031849879,0.0792894195,0.87327104,0.9382664481564572,0.9207105805,0.9030261202360313,0.9337132013214338,2,Transformation Specialists
170,2022,FSFG,First Savings Financial Group Inc,2093.725,61.207,151.565,1515.834,400.063,17.215,1489.904,338.079,15.386,60.652,51.227,13.57,2022,Optimal,0.22082537,0.11262897,0.1667271699999999,0.77917463,0.7975444230973061,0.8332728300000001,0.9030261202360313,0.9337132013214338,3,Network Laggards
171,2022,FULT,Fulton Financial Corp,26931.702,356.884,2579.757,20649.538,2965.09,153.936,20019.404,4098.209,286.981,781.634,227.13,177.696,2022,Optimal,0.15435418,0.00068879464,0.07752148732,0.84564582,0.9986233589429812,0.92247851268,0.9030261202360313,0.9337132013214338,2,Transformation Specialists
172,2022,FUNC,First United Corp,1848.169,24.13,151.793,1570.733,97.867,7.239,1279.32,362.575,25.048,57.633,18.05,8.535,2022,Optimal,0.084608622,0.11406939,0.099339006,0.915391378,0.7952203138800895,0.900660994,0.9030261202360313,0.9337132013214338,4,Funding-Rich Underperformers
173,2022,FUSB,First US Bancshares Inc,994.667,16.418,85.135,870.025,32.725,4.157,773.873,134.016,6.864,36.941,3.451,2.337,2022,Optimal,0.063805527,0.09885187,0.0813286984999999,0.936194473,0.8200815365586992,0.9186713015,0.9030261202360313,0.9337132013214338,4,Funding-Rich Underperformers
174,2022,FVCB,FVCBankcorp Inc,2344.322,20.316,202.382,1830.162,294.959,3.508,1840.434,293.945,24.984,65.244,2.834,4.493,2022,Optimal,0.15469562,0.077047436,0.115871528,0.84530438,0.8569284259453918,0.884128472,0.9030261202360313,0.9337132013214338,3,Network Laggards
175,2022,FXNC,First National Corp/VA,1369.383,20.709,108.36,1241.332,14.811,4.152,920.522,317.973,16.797,45.575,12.621,2.858,2022,Optimal,0.026008955,0.049942988,0.0379759715,0.973991045,0.904865333507042,0.9620240285,0.9030261202360313,0.9337132013214338,4,Funding-Rich Underperformers
176,2022,GABC,German American Bancorp Inc,6155.991,82.665,558.393,5350.051,210.253,14.758,3784.934,1777.059,81.825,200.584,59.133,14.315,2022,Optimal,0.048185148,0.061298293,0.0547417204999999,0.951814852,0.8844843275367448,0.9452582795,0.9030261202360313,0.9337132013214338,4,Funding-Rich Underperformers
177,2022,GBCI,Glacier Bancorp Inc,26635.375,319.303,2843.305,20606.555,3002.57,67.691,15246.812,9104.374,303.202,788.379,120.732,32.742,2022,Optimal,0.14673029,0.0,0.073365145,0.85326971,1.0,0.926634855,0.9030261202360313,0.9337132013214338,2,Transformation Specialists
178,2022,GCBC,Greene County Bancorp Inc,2571.74,20.667,157.714,2212.604,175.05,2.365,1252.116,1176.99,27.986,58.005,12.137,6.385,2022,Optimal,0.060928286,0.028477154,0.04470272,0.939071714,0.9446226804567408,0.95529728,0.9030261202360313,0.9337132013214338,1,Network Leaders
179,2022,GLBZ,Glen Burnie Bancorp,381.436,6.406,16.054,362.947,0.377,0.353,186.44,144.354,1.745,11.859,1.354,0.498,2022,Optimal,0.0,0.0,0.0,1.0,1.0,1.0,0.9030261202360313,0.9337132013214338,1,Network Leaders
180,2022,GNTY,Guaranty Bancshares Inc,3351.495,47.477,295.558,2681.154,359.894,2.845,2376.219,697.935,40.447,107.829,23.485,10.886,2022,Optimal,0.13184389,0.037438608,0.084641249,0.86815611,0.927824918580628,0.915358751,0.9030261202360313,0.9337132013214338,3,Network Laggards
181,2022,GSBC,Great Southern Bancorp Inc,5680.702,75.3,533.087,4684.91,374.08,6.011,4570.316,723.901,75.948,199.614,34.14,3.72,2022,Optimal,0.098003226,0.0,0.049001613,0.901996774,1.0,0.950998387,0.9030261202360313,0.9337132013214338,2,Transformation Specialists
182,2022,HAFC,Hanmi Financial Corp,7378.262,76.14,637.515,6168.072,523.634,14.035,5967.133,870.223,101.394,237.647,34.2,9.963,2022,Optimal,0.081842153,0.033301655,0.057571904,0.918157847,0.935543207854438,0.942428096,0.9030261202360313,0.9337132013214338,1,Network Leaders
183,2022,HARL,Harleysville Financial Corp,912.127,8.81,84.839,755.886,64.726,7.293,567.131,181.537,8.79,24.158,2.993,2.902,2022,Optimal,0.10511765,0.19861743,0.15186754,0.89488235,0.6685891177137312,0.84813246,0.9030261202360313,0.9337132013214338,3,Network Laggards
184,2022,HBAN,Huntington Bancshares Inc,182906.0,2393.0,17769.0,147914.0,12114.0,750.0,114271.0,41329.0,2238.0,5273.0,1981.0,594.0,2022,Optimal,0.020916839,0.0,0.0104584195,0.979083161,1.0,0.9895415805,0.9030261202360313,0.9337132013214338,1,Network Leaders
185,2022,HBC2,HSBC USA Inc,164655.0,591.0,12113.0,123223.0,23753.0,622.0,59380.0,34662.0,548.0,2069.0,1595.0,441.0,2022,Optimal,0.0,0.29792265,0.148961325,1.0,0.5409238755483617,0.851038675,0.9030261202360313,0.9337132013214338,4,Funding-Rich Underperformers
186,2022,HBCP,Home Bancorp Inc,3228.28,47.75,329.954,2633.181,245.087,14.464,2430.75,487.593,34.072,118.015,13.885,10.976,2022,Optimal,0.11509875,0.084144298,0.099621524,0.88490125,0.8447728809620138,0.900378476,0.9030261202360313,0.9337132013214338,3,Network Laggards
187,2022,HBIA,Hills Bancorporation,3980.481,43.468,479.271,3357.367,124.253,16.633,3108.421,782.565,47.753,115.002,27.78,13.58,2022,Optimal,0.079970928,0.0,0.039985464,0.920029072,1.0,0.960014536,0.9030261202360313,0.9337132013214338,1,Network Leaders
188,2022,HBNC,Horizon Bancorp Inc,7872.518,80.283,677.375,5857.774,1258.872,22.58,4157.998,3046.983,93.408,199.518,47.451,23.98,2022,Optimal,0.18292429,0.011927461,0.0974258755,0.81707571,0.9764262529485798,0.9025741245,0.9030261202360313,0.9337132013214338,2,Transformation Specialists
189,2022,HBT,HBT Financial Inc,4286.734,60.092,373.632,3587.024,280.256,6.057,2620.253,1398.095,56.456,145.874,34.717,5.186,2022,Optimal,0.087851631,0.042371094,0.0651113624999999,0.912148369,0.9187024769894474,0.9348886375,0.9030261202360313,0.9337132013214338,4,Funding-Rich Underperformers
190,2022,HFBK,Harford Bank (Alberdeen MD),595.469,8.903,54.046,538.521,0.363,7.79,428.616,120.421,5.126,19.348,1.817,6.997,2022,Optimal,0.03948115,0.0,0.019740575,0.96051885,1.0,0.980259425,0.9030261202360313,0.9337132013214338,1,Network Leaders
191,2022,HFBL,Home Federal Bancorp/LA,590.48,9.019,52.347,531.991,4.053,1.396,392.324,108.049,4.873,17.357,3.476,2.183,2022,Optimal,0.043440406,0.10823482,0.075837613,0.956559594,0.8046716850134703,0.924162387,0.9030261202360313,0.9337132013214338,4,Funding-Rich Underperformers
192,2022,HFWA,Heritage Financial Corp,6980.1,92.092,797.893,5924.84,92.439,23.754,4050.858,2106.755,81.875,219.385,29.591,5.906,2022,Optimal,0.069517905,0.0,0.0347589525,0.930482095,1.0,0.9652410475,0.9030261202360313,0.9337132013214338,1,Network Leaders
193,2022,HIFS,Hingham Institution for Savings,4193.799,15.831,385.966,2505.289,1276.647,0.427,3682.771,119.302,37.519,106.134,-20.719,1.168,2022,Optimal,0.13913959,0.0,0.069569795,0.86086041,1.0,0.930430205,0.9030261202360313,0.9337132013214338,2,Transformation Specialists
194,2022,HLFN,Home Loan Financial Corp,254.569,3.662,33.1,215.279,4.254,0.435,220.85,17.055,4.156,9.78,1.792,0.43,2022,Optimal,0.061702736,0.0,0.030851368,0.938297264,1.0,0.969148632,0.9030261202360313,0.9337132013214338,1,Network Leaders
195,2022,HNVR,Hanover Bancorp Inc,1840.058,19.665,172.584,1528.106,126.32,1.028,1623.531,22.979,23.556,61.254,8.872,13.512,2022,Optimal,0.10510325,0.0,0.052551625,0.89489675,1.0,0.947448375,0.9030261202360313,0.9337132013214338,2,Transformation Specialists
196,2022,HOMB,Home Bancshares Inc,22883.588,238.885,3526.362,17938.783,1267.52,51.823,14409.48,5329.295,305.262,758.676,175.111,61.476,2022,Optimal,0.13506563,0.025448742,0.080257186,0.8649343700000001,0.9503656478228923,0.919742814,0.9030261202360313,0.9337132013214338,2,Transformation Specialists
197,2022,HONE,HarborOne Bancorp Inc,5359.545,83.273,616.976,4189.499,463.55,36.186,4549.67,341.169,45.589,148.986,57.309,14.84,2022,Optimal,0.14615105,0.0,0.073075525,0.8538489499999999,1.0,0.926924475,0.9030261202360313,0.9337132013214338,2,Transformation Specialists
198,2022,HONT,Honat Bancorp Inc,921.671,13.739,113.572,780.035,16.609,1.667,636.514,226.21,13.147,31.503,8.394,1.705,2022,Optimal,0.095365415,0.001946274,0.0486558444999999,0.904634585,0.9961150132487044,0.9513441555,0.9030261202360313,0.9337132013214338,1,Network Leaders
199,2022,HOPE,Hope Bancorp Inc,19164.491,204.719,2019.328,15738.801,1247.801,111.762,15403.54,2304.221,218.277,578.421,51.397,69.437,2022,Optimal,0.094673651,0.011861224,0.0532674375,0.905326349,0.9765556309132764,0.9467325625,0.9030261202360313,0.9337132013214338,1,Network Leaders
200,2022,HTB,HomeTrust Bancshares Inc,3549.204,59.591,388.845,3099.761,8.404,12.794,2769.295,149.062,35.653,110.774,39.196,6.32,2022,Optimal,0.050093222,0.0,0.025046611,0.949906778,1.0,0.974953389,0.9030261202360313,0.9337132013214338,1,Network Leaders
201,2022,HTBK,Heritage Commerce Corp,5157.58,55.331,632.456,4389.604,72.381,3.738,3298.55,1237.108,66.555,179.88,10.111,2.425,2022,Optimal,0.068509782,0.0,0.034254891,0.931490218,1.0,0.965745109,0.9030261202360313,0.9337132013214338,1,Network Leaders
202,2022,HWBK,Hawthorn Bancshares Inc,1923.54,27.058,127.411,1632.079,154.206,35.998,1521.252,257.1,20.751,58.763,13.964,30.16,2022,Optimal,0.08614635,0.0,0.043073175,0.91385365,1.0,0.956926825,0.9030261202360313,0.9337132013214338,1,Network Leaders
203,2022,HWC,Hancock Whitney Corp,35183.825,460.635,3342.628,29070.349,2229.77,66.844,23114.046,8474.002,524.089,1050.003,331.486,42.915,2022,Optimal,0.08807975,0.0060943213,0.04708703565,0.91192025,0.9878851889510212,0.95291296435,0.9030261202360313,0.9337132013214338,1,Network Leaders
204,2022,IBCP,Independent Bank Corp,4999.787,81.007,347.596,4379.069,170.868,5.355,3465.352,1171.818,63.351,149.561,61.909,4.176,2022,Optimal,0.042792628,0.0058235387,0.02430808335,0.957207372,0.9884203570985688,0.97569191665,0.9030261202360313,0.9337132013214338,1,Network Leaders
205,2022,IBOC,International Bancshares Corp,15501.476,127.722,2044.759,12660.007,576.777,37.253,7430.603,4785.464,300.232,487.625,187.134,81.792,2022,Optimal,0.088271503,0.0,0.0441357515,0.911728497,1.0,0.9558642485,0.9030261202360313,0.9337132013214338,1,Network Leaders
206,2022,INBC,InBankshares Corp,1245.212,16.857,110.554,1060.327,66.342,0.948,846.74,323.635,8.814,42.036,4.225,1.314,2022,Optimal,0.086051885,0.04365582,0.0648538525,0.913948115,0.9163405805565288,0.9351461475,0.9030261202360313,0.9337132013214338,4,Funding-Rich Underperformers
207,2022,INBK,First Internet Bancorp,4543.104,41.553,364.974,3441.245,719.46,8.618,3499.401,607.902,35.541,97.093,21.257,7.571,2022,Optimal,0.17005064,0.088513723,0.1292821815,0.82994936,0.8373677407464343,0.8707178185,0.9030261202360313,0.9337132013214338,3,Network Laggards
208,2022,INDB,Independent Bank Corp,19294.174,204.711,2886.701,15879.007,174.084,27.82,13928.675,3130.611,263.813,613.249,114.667,54.881,2022,Optimal,0.092622289,0.0,0.0463111445,0.907377711,1.0,0.9536888555,0.9030261202360313,0.9337132013214338,1,Network Leaders
209,2022,IROQ,IF Bancorp Inc,857.558,13.051,71.658,752.02,24.244,0.411,525.983,224.048,5.784,22.263,5.504,1.294,2022,Optimal,0.063228616,0.11087238,0.087050498,0.936771384,0.8003868275129858,0.912949502,0.9030261202360313,0.9337132013214338,4,Funding-Rich Underperformers
210,2022,ISBA,Isabella Bank Corp,2030.267,24.887,186.21,1744.275,87.016,1.684,1264.173,596.227,22.238,60.481,13.666,0.973,2022,Optimal,0.07367843,0.04374204,0.058710235,0.92632157,0.9161822781422122,0.941289765,0.9030261202360313,0.9337132013214338,4,Funding-Rich Underperformers
211,2022,ISTR,Investar Holding Corp,2753.807,34.974,215.782,2082.365,442.64,32.148,2104.767,440.726,35.709,89.785,18.35,11.382,2022,Optimal,0.18236137,0.0,0.091180685,0.81763863,1.0,0.908819315,0.9030261202360313,0.9337132013214338,2,Transformation Specialists
212,2022,JDVB,JD Bancshares Inc,1236.136,18.936,57.096,1143.995,30.728,5.154,672.633,455.09,12.096,40.511,11.711,14.74,2022,Optimal,0.0022605672,0.0,0.0011302836,0.9977394328,1.0,0.9988697164,0.9030261202360313,0.9337132013214338,1,Network Leaders
213,2022,JFBC,Jeffersonville Bancorp,693.027,9.403,68.781,616.932,0.427,12.464,324.747,254.097,9.304,23.353,3.733,6.127,2022,Optimal,0.051676558,0.0,0.025838279,0.948323442,1.0,0.974161721,0.9030261202360313,0.9337132013214338,1,Network Leaders
214,2022,JPM,JPMorgan Chase & Co,3665743.0,41636.0,292332.0,2340179.0,550688.0,8346.0,1131677.0,816531.0,37676.0,66710.0,61985.0,7247.0,2022,Optimal,0.0,1.6362278e-16,8.181139e-17,1.0,0.9999999999999996,1.0,0.9030261202360313,0.9337132013214338,1,Network Leaders
215,2022,JUVF,Juniata Valley Financial Corp,830.875,10.815,36.949,711.512,76.113,0.313,484.512,287.823,8.32,24.133,5.225,0.178,2022,Optimal,0.084989921,0.0,0.0424949605,0.915010079,1.0,0.9575050395,0.9030261202360313,0.9337132013214338,1,Network Leaders
216,2022,KEY,KeyCorp,189813.0,2566.0,13454.0,142595.0,29371.0,489.0,115458.0,49135.0,1917.0,4527.0,2718.0,420.0,2022,Optimal,0.088220388,0.0,0.044110194,0.911779612,1.0,0.955889806,0.9030261202360313,0.9337132013214338,1,Network Leaders
217,2022,KFFB,Kentucky First Federal Bancorp,328.08,4.853,52.025,239.857,34.066,6.737,276.112,17.314,1.59,9.16,0.515,5.829,2022,Optimal,0.19853647,0.0,0.099268235,0.80146353,1.0,0.900731765,0.9030261202360313,0.9337132013214338,2,Transformation Specialists
218,2022,KISB,Kish Bancorp Inc,1295.448,21.14,71.972,1037.12,157.159,0.642,1023.505,176.187,12.86,38.245,12.107,0.555,2022,Optimal,0.14132915,0.053700495,0.0975148224999999,0.85867085,0.8980725637791411,0.9024851775,0.9030261202360313,0.9337132013214338,3,Network Laggards
219,2022,KRNY,Kearny Financial Corp,7719.883,76.264,894.0,5862.256,920.522,79.945,5417.845,1509.528,67.547,196.603,13.934,92.244,2022,Optimal,0.16525718,0.0,0.08262859,0.83474282,1.0,0.91737141,0.9030261202360313,0.9337132013214338,2,Transformation Specialists
220,2022,KSBI,KS Bancorp Inc,546.35,8.603,32.236,481.565,28.276,1.523,418.809,99.597,7.558,20.403,3.276,0.859,2022,Optimal,0.066342446,0.091677902,0.079010174,0.933657554,0.8320422134916494,0.920989826,0.9030261202360313,0.9337132013214338,4,Funding-Rich Underperformers
221,2022,LARK,Landmark Bancorp Inc,1502.867,20.405,111.433,1300.649,68.253,7.781,849.94,498.3,9.878,38.88,13.7,4.26,2022,Optimal,0.069338352,0.095547428,0.08244289,0.930661648,0.8255713526260955,0.91755711,0.9030261202360313,0.9337132013214338,4,Funding-Rich Underperformers
222,2022,LCNB,LCNB Corp,1919.121,28.483,200.675,1604.97,96.897,1.537,1401.278,323.167,22.128,61.042,14.288,0.43,2022,Optimal,0.099554652,0.037420776,0.068487714,0.900445348,0.9278580555437034,0.931512286,0.9030261202360313,0.9337132013214338,3,Network Laggards
223,2022,LFGP,Ledyard Financial Group Inc,743.465,16.071,52.999,570.332,111.124,1.361,362.057,306.049,6.981,18.686,11.214,1.446,2022,Optimal,0.18452186,0.039565208,0.112043534,0.81547814,0.9238812386264472,0.887956466,0.9030261202360313,0.9337132013214338,3,Network Laggards
224,2022,LKFN,Lakeland Financial Corp,6432.371,58.53,568.887,5460.62,302.296,15.286,4710.396,1329.565,103.817,202.887,41.862,17.187,2022,Optimal,0.064106794,0.033462021,0.0487844075,0.935893206,0.9352428626886136,0.9512155925,0.9030261202360313,0.9337132013214338,1,Network Leaders
225,2022,LOB,Live Oak Bancshares Inc,9855.498,170.822,811.033,8884.928,85.761,43.153,7344.178,1018.819,176.208,327.501,237.992,73.392,2022,Optimal,0.0089216225,0.0,0.00446081125,0.9910783775,1.0,0.99553918875,0.9030261202360313,0.9337132013214338,1,Network Leaders
226,2022,LSBK,Lake Shore Bancorp Inc,699.914,9.854,81.184,570.119,38.49,9.8,580.602,75.377,5.708,24.339,2.704,3.0,2022,Optimal,0.13366396,0.0,0.06683198,0.86633604,1.0,0.93316802,0.9030261202360313,0.9337132013214338,2,Transformation Specialists
227,2022,MBCN,Middlefield Banc Corp,1687.682,17.548,197.691,1402.019,77.782,11.851,1352.872,171.659,15.673,50.177,6.746,7.932,2022,Optimal,0.10531713,0.065445319,0.0853812244999999,0.89468287,0.8771493612428176,0.9146187755,0.9030261202360313,0.9337132013214338,3,Network Laggards
228,2022,MBIN,Merchants Bancorp,12615.227,89.085,1459.739,10071.345,942.384,0.8,7470.872,1481.545,219.721,318.551,125.936,26.683,2022,Optimal,0.10238767,0.0,0.051193835,0.89761233,1.0,0.948806165,0.9030261202360313,0.9337132013214338,2,Transformation Specialists
229,2022,MBKL,MBT Bancshares Inc,590.579,8.612,33.464,535.275,20.548,0.737,351.405,176.209,3.498,18.055,3.565,0.555,2022,Optimal,0.037386316,0.138135,0.087760658,0.962613684,0.7572607818931848,0.912239342,0.9030261202360313,0.9337132013214338,4,Funding-Rich Underperformers
230,2022,MBWM,Mercantile Bank Corp,4872.619,65.124,441.408,3712.811,643.704,2.468,3916.619,620.657,61.063,158.244,32.077,7.728,2022,Optimal,0.16898711,0.0,0.084493555,0.83101289,1.0,0.915506445,0.9030261202360313,0.9337132013214338,2,Transformation Specialists
231,2022,MCB,Metropolitan Bank Holding Corp,6267.337,57.29,575.897,5277.912,326.709,10.286,4840.523,980.33,59.425,229.158,26.593,0.024,2022,Optimal,0.07210316,0.0,0.03605158,0.92789684,1.0,0.96394842,0.9030261202360313,0.9337132013214338,1,Network Leaders
232,2022,MCBK,Madison County Financial Inc,596.27,6.717,90.79,485.249,13.2,0.072,430.733,117.827,7.699,14.001,2.781,0.652,2022,Optimal,0.11955464,0.0,0.05977732,0.88044536,1.0,0.94022268,0.9030261202360313,0.9337132013214338,2,Transformation Specialists
233,2022,MCBS,Metrocity Bankshares Inc,3427.239,30.502,349.421,2666.838,384.277,15.416,3055.689,47.038,62.602,119.611,19.204,24.492,2022,Optimal,0.15042204,0.0,0.07521102,0.84957796,1.0,0.92478898,0.9030261202360313,0.9337132013214338,2,Transformation Specialists
234,2022,MCHB,Mechanics Bancorp,18135.692,205.922,2131.28,15495.75,331.018,42.428,12042.91,4331.34,216.582,631.234,63.733,40.106,2022,Optimal,0.058399083,0.004588748,0.0314939155,0.941600917,0.9908644248521884,0.9685060845,0.9030261202360313,0.9337132013214338,1,Network Leaders
235,2022,MFBP,M&F Bancorp Inc,450.997,7.098,118.058,327.395,1.555,0.824,246.909,92.438,4.512,14.907,5.218,0.885,2022,Optimal,0.22650963,0.0,0.113254815,0.77349037,1.0,0.886745185,0.9030261202360313,0.9337132013214338,2,Transformation Specialists
236,2022,MFGI,Merchants Financial Group Inc,2580.372,42.326,241.159,2257.301,65.393,16.948,1878.067,319.364,30.424,85.947,27.972,9.328,2022,Optimal,0.053573721,0.11024791,0.0819108155,0.946426279,0.8013994730240024,0.9180891845,0.9030261202360313,0.9337132013214338,4,Funding-Rich Underperformers
237,2022,MGYR,Magyar Bancorp Inc,798.543,11.03,98.502,667.733,19.23,8.796,628.276,102.322,7.919,27.019,2.715,3.59,2022,Optimal,0.10805626,0.0,0.05402813,0.89194374,1.0,0.94597187,0.9030261202360313,0.9337132013214338,2,Transformation Specialists
238,2022,MNSB,MainStreet Bancshares Inc,1925.751,23.801,198.282,1512.889,179.587,1.051,1594.064,104.598,26.674,70.009,4.834,0.021,2022,Optimal,0.153899,0.0,0.0769495,0.846101,1.0,0.9230505,0.9030261202360313,0.9337132013214338,2,Transformation Specialists
239,2022,MOFG,MidWestOne Financial Group Inc,6577.876,77.632,492.793,5468.942,534.442,31.897,3840.524,2302.216,60.835,166.358,47.519,15.924,2022,Optimal,0.089248392,0.040616844,0.064932618,0.910751608,0.9219369852906204,0.935067382,0.9030261202360313,0.9337132013214338,4,Funding-Rich Underperformers
240,2022,MPB,Mid Penn Bancorp Inc,4497.954,52.601,512.099,3778.331,173.722,10.497,3514.119,646.117,54.806,147.833,23.657,8.628,2022,Optimal,0.083521851,0.027639937,0.055580894,0.916478149,0.9462069621764808,0.944419106,0.9030261202360313,0.9337132013214338,1,Network Leaders
241,2022,MRBK,Meridian Corp,2062.228,54.378,153.28,1712.479,171.292,22.988,1743.682,181.842,21.829,70.128,41.724,22.939,2022,Optimal,0.10554181,0.0,0.052770905,0.89445819,1.0,0.947229095,0.9030261202360313,0.9337132013214338,2,Transformation Specialists
242,2022,MSBC,Mission Bancorp/CA,1496.526,16.22,123.785,1339.043,23.396,0.075,1069.268,250.328,24.253,55.268,8.013,0.058,2022,Optimal,0.036831498,0.0,0.018415749,0.963168502,1.0,0.981584251,0.9030261202360313,0.9337132013214338,1,Network Leaders
243,2022,MSBI,Midland States Bancorp Inc,7855.501,90.305,758.574,6364.652,661.003,57.068,6306.467,823.061,99.025,245.735,79.891,57.824,2022,Optimal,0.1113081,0.028300095,0.0698040975,0.8886919,0.944957517484232,0.9301959025,0.9030261202360313,0.9337132013214338,2,Transformation Specialists
244,2022,MTB,M&T Bank Corp,200729.841,2685.201,25317.99,163514.868,8228.689,2083.984,128982.311,25210.871,1991.663,5821.956,2356.603,2479.81,2022,Optimal,0.009067142,0.0,0.004533571,0.990932858,1.0,0.995466429,0.9030261202360313,0.9337132013214338,1,Network Leaders
245,2022,MVBF,MVB Financial Corp,3068.85,72.162,261.391,2570.482,210.431,20.287,2372.645,418.558,15.047,111.803,38.294,12.359,2022,Optimal,0.091661338,0.080138436,0.085899887,0.908338662,0.8516145091609351,0.914100113,0.9030261202360313,0.9337132013214338,4,Funding-Rich Underperformers
246,2022,MYFW,First Western Financial Inc,2866.748,48.248,240.864,2405.229,210.181,4.327,2469.413,88.166,21.698,83.204,28.412,12.349,2022,Optimal,0.091203979,0.044178469,0.067691224,0.908796021,0.9153813829501593,0.932308776,0.9030261202360313,0.9337132013214338,4,Funding-Rich Underperformers
247,2022,NASB,NASB Financial Inc,2644.364,49.628,378.878,1496.041,729.588,30.348,1998.969,234.031,32.09,89.168,63.224,26.525,2022,Optimal,0.3911889,0.0,0.19559445,0.6088111,1.0,0.80440555,0.9030261202360313,0.9337132013214338,2,Transformation Specialists
248,2022,NBHC,National Bank Holdings Corp,9573.243,124.971,1092.202,7872.626,495.618,17.837,7220.469,1446.865,71.274,266.835,67.312,20.243,2022,Optimal,0.096611636,0.035470889,0.0660412625,0.903388364,0.9314883897233348,0.9339587375,0.9030261202360313,0.9337132013214338,4,Funding-Rich Underperformers
249,2022,NBN,Northeast Bank,1582.759,31.138,248.321,1287.693,19.451,20.397,1304.866,63.319,42.163,83.424,24.445,12.946,2022,Optimal,0.1255582,0.0,0.0627791,0.8744418,1.0,0.9372209,0.9030261202360313,0.9337132013214338,2,Transformation Specialists
250,2022,NBTB,NBT Bancorp Inc,11739.296,187.83,1173.554,9495.933,813.502,32.91,8150.147,2522.239,151.995,362.19,155.578,21.161,2022,Optimal,0.1104146,0.012245956,0.061330278,0.8895854,0.9758043864193024,0.938669722,0.9030261202360313,0.9337132013214338,2,Transformation Specialists
251,2022,NECB,Northeast Community Bancorp Inc,1424.963,15.549,261.989,1121.955,23.896,1.996,1217.693,45.675,24.843,63.875,1.683,1.456,2022,Optimal,0.15381531,0.0,0.076907655,0.84618469,1.0,0.923092345,0.9030261202360313,0.9337132013214338,2,Transformation Specialists
252,2022,NEFB,Neffs Bancorp Inc,468.211,4.232,67.634,371.569,26.375,0.543,237.334,214.044,4.528,12.344,0.387,0.057,2022,Optimal,0.08346528,0.0,0.04173264,0.91653472,1.0,0.95826736,0.9030261202360313,0.9337132013214338,1,Network Leaders
253,2022,NFBK,Northfield Bancorp Inc,5601.293,41.961,701.39,4150.219,684.645,8.106,4243.693,1003.758,61.119,158.306,7.983,10.238,2022,Optimal,0.17968023,0.0012752382,0.0904777341,0.82031977,0.9974527719225484,0.9095222659,0.9030261202360313,0.9337132013214338,2,Transformation Specialists
254,2022,NIC,Nicolet Bankshares Inc,8763.969,88.713,972.529,7178.921,553.479,56.109,6180.499,1662.032,94.26,239.961,57.92,40.055,2022,Optimal,0.099015039,0.056729679,0.077872359,0.900984961,0.8926316159612661,0.922127641,0.9030261202360313,0.9337132013214338,3,Network Laggards
255,2022,NIDB,Northeast Indiana Bancorp Inc,445.528,5.768,43.127,366.817,32.0,3.224,324.753,92.437,6.553,15.307,3.345,2.989,2022,Optimal,0.10939243,0.10597551,0.1076839699999999,0.89060757,0.8083583062341047,0.89231603,0.9030261202360313,0.9337132013214338,3,Network Laggards
256,2022,NKSH,National Bankshares Inc,1677.551,16.519,122.687,1542.725,1.444,3.83,852.744,657.793,25.932,47.026,12.401,3.509,2022,Optimal,0.0087208406,0.0,0.0043604203,0.9912791594,1.0,0.9956395797,0.9030261202360313,0.9337132013214338,1,Network Leaders
257,2022,NRIM,Northrim BanCorp Inc,2674.318,58.172,218.629,2387.211,34.27,15.031,1501.785,728.335,30.741,95.115,34.077,6.43,2022,Optimal,0.03324279,0.098909827,0.0660763085,0.96675721,0.8199855446374128,0.9339236915,0.9030261202360313,0.9337132013214338,4,Funding-Rich Underperformers
258,2022,NTRS,Northern Trust Corp,155036.7,2627.3,11259.5,123932.1,15473.0,125.3,42893.3,51720.0,1336.0,1887.2,4874.0,45.9,2022,Optimal,0.039364236,0.0,0.019682118,0.960635764,1.0,0.980317882,0.9030261202360313,0.9337132013214338,1,Network Leaders
259,2022,NWBI,Northwest Bancshares Inc,14113.324,188.359,1491.486,11464.548,982.057,159.675,10910.539,2139.5,133.666,420.681,110.849,82.393,2022,Optimal,0.1058355,0.0,0.05291775,0.8941645,1.0,0.94708225,0.9030261202360313,0.9337132013214338,2,Transformation Specialists
260,2022,NWFL,Norwood Financial Corp.,2047.07,22.071,167.085,1727.727,137.41,2.476,1473.945,424.345,29.233,68.397,9.932,1.459,2022,Optimal,0.089190337,0.05776867,0.0734795035,0.910809663,0.8907725826290545,0.9265204965,0.9030261202360313,0.9337132013214338,4,Funding-Rich Underperformers
261,2022,NWPP,New Peoples Bankshares Inc,775.358,13.365,57.219,692.707,20.221,4.302,584.613,96.076,8.082,28.285,9.24,3.674,2022,Optimal,0.046948059,0.15295889,0.0999534745,0.953051941,0.7346672265131673,0.9000465255,0.9030261202360313,0.9337132013214338,4,Funding-Rich Underperformers
262,2022,OBK,Origin Bancorp Inc,9686.067,118.971,949.943,7775.702,878.167,28.517,7090.022,1726.505,87.715,275.278,57.274,14.679,2022,Optimal,0.11819773,0.049325286,0.083761508,0.88180227,0.9059866627477804,0.916238492,0.9030261202360313,0.9337132013214338,3,Network Laggards
263,2022,OBT,Orange County Bancorp Inc,2287.334,28.04,138.138,1974.387,154.976,5.953,1569.43,543.023,24.363,78.088,11.996,8.451,2022,Optimal,0.067192817,0.09333706,0.0802649385,0.932807183,0.8292620575762794,0.9197350615,0.9030261202360313,0.9337132013214338,4,Funding-Rich Underperformers
264,2022,OCFC,OceanFirst Financial Corp.,13103.896,131.915,1585.464,9675.206,1495.719,19.054,9925.542,1890.101,146.603,377.477,59.094,23.265,2022,Optimal,0.1860746,0.013654565,0.0998645825,0.8139254,0.9730587411698778,0.9001354175,0.9030261202360313,0.9337132013214338,2,Transformation Specialists
265,2022,OFED,Oconee Federal Financial Corp,544.792,6.775,75.257,459.682,9.0,2.781,345.112,152.488,4.099,15.338,1.625,2.087,2022,Optimal,0.093425353,0.016869402,0.0551473775,0.906574647,0.9668209074502176,0.9448526225,0.9030261202360313,0.9337132013214338,1,Network Leaders
266,2022,OFG,OFG Bancorp,9818.78,142.93,1042.406,8568.364,54.404,128.992,6835.322,1971.513,166.239,482.08,131.69,115.702,2022,Optimal,0.040861128,0.0,0.020430564,0.959138872,1.0,0.979569436,0.9030261202360313,0.9337132013214338,1,Network Leaders
267,2022,ONB,Old National Bancorp,46763.372,575.626,5128.595,35000.83,5798.278,127.099,30935.541,10229.534,428.287,1327.936,399.779,264.336,2022,Optimal,0.17367675,0.0,0.086838375,0.82632325,1.0,0.913161625,0.9030261202360313,0.9337132013214338,2,Transformation Specialists
268,2022,OPBK,OP Bancorp,2094.497,27.189,176.916,1885.771,10.263,3.202,1678.292,221.907,33.31,76.911,17.619,3.081,2022,Optimal,0.028331667,0.0,0.0141658335,0.971668333,1.0,0.9858341665,0.9030261202360313,0.9337132013214338,1,Network Leaders
269,2022,ORBN,Oregon Bancorp Inc,401.95,26.946,73.129,318.651,2.456,1.407,260.638,23.943,6.898,15.506,31.418,1.242,2022,Optimal,0.16180912,0.0,0.08090456,0.83819088,1.0,0.91909544,0.9030261202360313,0.9337132013214338,2,Transformation Specialists
270,2022,ORPB,Oregon Pacific Bancorp,754.181,10.83,46.088,682.867,20.248,0.928,482.979,197.87,7.144,23.371,5.526,0.052,2022,Optimal,0.033979752,0.027499268,0.03073951,0.966020248,0.9464734061494242,0.96926049,0.9030261202360313,0.9337132013214338,1,Network Leaders
271,2022,ORRF,Orrstown Financial Services Inc,2922.408,48.004,228.896,2476.246,165.392,6.449,2151.232,524.37,22.037,99.63,26.952,20.583,2022,Optimal,0.081710209,0.021746243,0.051728226,0.918289791,0.9574331823601332,0.948271774,0.9030261202360313,0.9337132013214338,1,Network Leaders
272,2022,OSBC,Old Second Bancorp Inc,5888.317,86.573,461.141,5110.723,260.811,47.022,3869.609,1559.889,67.405,206.156,43.116,35.33,2022,Optimal,0.049854241,0.051591765,0.050723003,0.950145759,0.9018787200183144,0.949276997,0.9030261202360313,0.9337132013214338,4,Funding-Rich Underperformers
273,2022,OTTW,Ottawa Bancorp Inc,357.847,4.905,41.467,289.683,20.85,1.6,312.051,20.898,2.477,11.331,1.739,2.3,2022,Optimal,0.11723043,0.0,0.058615215,0.88276957,1.0,0.941384785,0.9030261202360313,0.9337132013214338,2,Transformation Specialists
274,2022,OVBC,Ohio Valley Banc Corp.,1210.787,21.615,135.028,1027.655,27.739,4.651,885.049,199.253,13.338,44.778,10.162,3.771,2022,Optimal,0.089764229,0.067272266,0.0785182475,0.910235771,0.8739360739652162,0.9214817525,0.9030261202360313,0.9337132013214338,4,Funding-Rich Underperformers
275,2022,OZK,Bank OZK,27656.568,226.373,4690.938,21500.143,1131.672,51.339,20778.791,3534.019,564.141,1142.242,114.503,49.555,2022,Optimal,0.12674286,0.0,0.06337143,0.87325714,1.0,0.93662857,0.9030261202360313,0.9337132013214338,2,Transformation Specialists
276,2022,PB,Prosperity Bancshares Inc,37689.829,314.713,6699.374,28533.531,2326.689,28.088,18839.273,14566.03,524.516,1005.231,145.128,27.494,2022,Optimal,0.1491453,0.0,0.07457265,0.8508547,1.0,0.92542735,0.9030261202360313,0.9337132013214338,2,Transformation Specialists
277,2022,PBBK,PB Bankshares Inc,386.547,4.285,45.987,289.495,48.548,1.653,304.847,55.06,2.114,10.864,1.417,1.049,2022,Optimal,0.15975636,0.042931184,0.101343772,0.84024364,0.9176720676136192,0.898656228,0.9030261202360313,0.9337132013214338,3,Network Laggards
278,2022,PBCO,PBCO Financial Corp,804.25,14.796,68.411,692.795,34.449,0.542,475.024,237.515,9.857,31.962,5.817,2.939,2022,Optimal,0.081067013,0.052079941,0.0665734769999999,0.918932987,0.9009962285746118,0.933426523,0.9030261202360313,0.9337132013214338,4,Funding-Rich Underperformers
279,2022,PBHC,Pathfinder Bancorp Inc,1399.921,16.022,111.582,1125.43,152.569,8.292,897.735,393.972,12.932,41.403,5.914,9.236,2022,Optimal,0.13611432,0.081126214,0.108620267,0.86388568,0.8499227695167144,0.891379733,0.9030261202360313,0.9337132013214338,3,Network Laggards
280,2022,PCB,PCB Bancorp,2420.036,33.056,335.442,2045.983,26.809,0.994,2046.063,152.046,34.987,89.632,14.499,7.36,2022,Optimal,0.086750949,0.0,0.0433754745,0.913249051,1.0,0.9566245255,0.9030261202360313,0.9337132013214338,1,Network Leaders
281,2022,PDLB,Ponce Financial Group Inc,2311.989,27.914,492.7,1252.412,551.907,11.443,1527.719,664.986,-30.001,66.603,6.419,13.709,2022,Optimal,0.41741929,0.0,0.208709645,0.58258071,1.0,0.791290355,0.9030261202360313,0.9337132013214338,2,Transformation Specialists
282,2022,PEBK,Peoples Bancorp of North Carolina Inc.,1620.927,26.13,105.195,1435.215,68.337,3.23,1032.608,448.05,16.123,51.108,26.689,3.728,2022,Optimal,0.047476176,0.088919232,0.068197704,0.952523824,0.836683512629888,0.931802296,0.9030261202360313,0.9337132013214338,4,Funding-Rich Underperformers
283,2022,PEBO,Peoples Bancorp Inc,7207.304,112.69,785.328,5716.941,608.782,47.984,4707.15,1743.22,101.292,253.442,78.836,45.21,2022,Optimal,0.13074262,0.033245063,0.0819938415,0.86925738,0.9356492197437192,0.9180061585,0.9030261202360313,0.9337132013214338,2,Transformation Specialists
284,2022,PFBC,Preferred Bank of Los Angeles,6425.358,48.607,630.426,5556.997,168.944,14.824,5064.854,465.754,128.845,247.358,9.862,27.47,2022,Optimal,0.039597639,0.0054319591,0.02251479905,0.960402361,0.989194775338428,0.97748520095,0.9030261202360313,0.9337132013214338,1,Network Leaders
285,2022,PFIS,Peoples Financial Services Corp,3553.515,33.553,315.35,3046.598,156.785,4.961,2730.116,578.622,38.09,95.749,11.845,4.134,2022,Optimal,0.063840269,0.038028931,0.0509346,0.936159731,0.9267285720767642,0.9490654,0.9030261202360313,0.9337132013214338,4,Funding-Rich Underperformers
286,2022,PFLC,Pacific Financial Corp,1306.203,22.401,103.162,1180.362,13.403,1.421,639.958,288.88,10.888,40.946,7.227,0.899,2022,Optimal,0.029504531,0.27431413,0.1519093305,0.970495469,0.5694717282935565,0.8480906695,0.9030261202360313,0.9337132013214338,4,Funding-Rich Underperformers
287,2022,PFS,Provident Financial Services Inc,13783.436,147.203,1597.703,10598.729,1411.235,56.758,10248.883,2261.172,175.648,417.552,87.789,60.633,2022,Optimal,0.15345714,0.021377959,0.0874175495,0.84654286,0.958138985061063,0.9125824505,0.9030261202360313,0.9337132013214338,2,Transformation Specialists
288,2022,PGC,Peapack-Gladstone Financial Corp,6353.593,89.476,532.98,5205.164,530.917,15.573,5285.246,700.596,74.246,176.08,66.417,19.09,2022,Optimal,0.10299973,0.023452072,0.063225901,0.89700027,0.9541706492338804,0.936774099,0.9030261202360313,0.9337132013214338,2,Transformation Specialists
289,2022,PKBK,Parke Bancorp Inc,1984.915,10.835,266.034,1575.981,128.727,5.962,1751.459,24.183,41.823,73.327,8.382,17.826,2022,Optimal,0.034588576,0.0,0.017294288,0.965411424,1.0,0.982705712,0.9030261202360313,0.9337132013214338,1,Network Leaders
290,2022,PLBC,Plumas Bancorp,1621.044,17.451,119.004,1457.809,32.33,5.397,914.685,444.703,26.444,58.509,11.05,1.19,2022,Optimal,0.031283138,0.13777553,0.084529334,0.968716862,0.7578159727165164,0.915470666,0.9030261202360313,0.9337132013214338,4,Funding-Rich Underperformers
291,2022,PNBK,Patriot National Bancorp Inc,1043.359,15.506,59.583,860.446,117.553,23.097,848.316,95.471,6.161,33.259,3.605,19.748,2022,Optimal,0.11731698,0.0,0.05865849,0.88268302,1.0,0.94134151,0.9030261202360313,0.9337132013214338,2,Transformation Specialists
292,2022,PNC,The PNC Financial Services Group Inc,557263.0,7244.0,45812.0,436282.0,60873.0,2506.0,319511.0,139334.0,6041.0,13014.0,8106.0,2019.0,2022,Optimal,0.0,0.0,0.0,1.0,1.0,1.0,0.9030261202360313,0.9337132013214338,1,Network Leaders
293,2022,PNFP,Pinnacle Financial Partners Inc,41970.021,510.175,5519.392,34961.238,1218.967,40.106,29041.605,6637.92,560.742,1129.293,416.124,46.068,2022,Optimal,0.080346227,0.0,0.0401731135,0.919653773,1.0,0.9598268865,0.9030261202360313,0.9337132013214338,1,Network Leaders
294,2022,PPBN,Pinnacle Bankshares Corp,969.931,14.742,57.008,899.238,10.0,0.95,632.324,252.515,8.242,30.44,7.023,1.695,2022,Optimal,0.0072321837,0.064788489,0.03601033635,0.9927678163,0.8783073076591081,0.96398966365,0.9030261202360313,0.9337132013214338,4,Funding-Rich Underperformers
295,2022,PRK,Park National Corp,9854.993,173.042,1069.226,8234.715,435.3,106.177,7139.742,1820.787,148.351,347.059,135.935,102.465,2022,Optimal,0.081817027,0.0,0.0409085135,0.918182973,1.0,0.9590914865,0.9030261202360313,0.9337132013214338,1,Network Leaders
296,2022,PROV,Provident Financial Holdings Inc,1187.038,15.833,128.65,955.504,86.998,8.646,945.556,196.66,9.093,31.595,4.716,1.423,2022,Optimal,0.13697689,0.0,0.068488445,0.86302311,1.0,0.931511555,0.9030261202360313,0.9337132013214338,2,Transformation Specialists
297,2022,PSBQ,PSB Holdings Inc/WI,1337.689,17.94,101.942,1148.755,74.546,13.741,974.158,284.561,13.637,40.003,7.444,6.371,2022,Optimal,0.077514484,0.052732203,0.0651233435,0.922485516,0.8998183909455272,0.9348766565,0.9030261202360313,0.9337132013214338,4,Funding-Rich Underperformers
298,2022,PVBC,Provident Bancorp Inc,1636.381,31.737,207.542,1279.582,131.111,2.892,1444.116,32.866,-21.468,75.03,6.149,33.434,2022,Optimal,0.15958642,0.0,0.07979321,0.84041358,1.0,0.92020679,0.9030261202360313,0.9337132013214338,2,Transformation Specialists
299,2022,PVBK,Pacific Valley Bancorp,559.03,8.047,47.396,492.496,17.468,0.794,409.322,29.928,5.207,19.362,1.496,0.188,2022,Optimal,0.065973355,0.1530778,0.1095255775,0.934026645,0.7344883406826496,0.8904744225,0.9030261202360313,0.9337132013214338,4,Funding-Rich Underperformers
300,2022,QCRH,QCR Holdings Inc,7948.837,115.368,772.724,5984.217,828.894,2.76,6137.391,970.603,99.066,231.12,80.729,8.903,2022,Optimal,0.17465837,0.0,0.087329185,0.82534163,1.0,0.912670815,0.9030261202360313,0.9337132013214338,2,Transformation Specialists
301,2022,QNBC,QNB Corp,1668.497,17.306,70.958,1418.369,174.554,11.672,1039.385,563.774,15.921,44.497,5.731,9.121,2022,Optimal,0.053640483,0.08418187,0.0689111765,0.946359517,0.8447089509069174,0.9310888235,0.9030261202360313,0.9337132013214338,4,Funding-Rich Underperformers
302,2022,QNTO,Quaint Oak Bancorp Inc,792.35,20.137,49.082,549.248,179.677,0.009,629.542,9.571,7.863,23.689,19.411,2.0,2022,Optimal,0.26368332,0.0,0.13184166,0.7363166800000001,1.0,0.86815834,0.9030261202360313,0.9337132013214338,2,Transformation Specialists
303,2022,RBB,RBB Bancorp,3919.058,35.488,484.563,2977.683,434.828,21.018,3336.449,277.559,64.327,149.554,11.252,24.1,2022,Optimal,0.16923123,0.0014258124,0.0853285212,0.8307687699999999,0.9971524352930692,0.9146714788,0.9030261202360313,0.9337132013214338,2,Transformation Specialists
304,2022,RBCAA,Republic Bancorp Inc,5835.543,111.24,856.613,4537.845,349.765,22.344,4515.802,717.008,91.106,236.691,89.81,17.899,2022,Optimal,0.14980014,0.0,0.07490007,0.85019986,1.0,0.92509993,0.9030261202360313,0.9337132013214338,2,Transformation Specialists
305,2022,RBKB,Rhinebeck Bancorp Inc,1335.977,21.599,108.132,1129.933,69.774,6.689,1002.311,226.917,6.997,41.836,5.896,4.424,2022,Optimal,0.092057881,0.090282237,0.091170059,0.907942119,0.8343874018374932,0.908829941,0.9030261202360313,0.9337132013214338,4,Funding-Rich Underperformers
306,2022,RF,Regions Financial Corp,155220.0,2318.0,15951.0,131743.0,2837.0,474.0,97009.0,29716.0,2245.0,4786.0,2429.0,516.0,2022,Optimal,0.0,0.0,0.0,1.0,1.0,1.0,0.9030261202360313,0.9337132013214338,1,Network Leaders
307,2022,RMBI,Richmond Mutual Bancorporation Inc,1328.62,18.478,132.978,1005.261,180.507,8.058,974.104,301.519,12.965,41.639,4.867,9.233,2022,Optimal,0.18845826,0.018605021,0.1035316405,0.81154174,0.963469606733855,0.8964683595,0.9030261202360313,0.9337132013214338,2,Transformation Specialists
308,2022,RNST,Renasant Corp,16988.176,261.654,2136.016,13486.966,1197.734,53.345,11578.304,2857.982,166.068,481.298,149.253,58.639,2022,Optimal,0.12553027,0.066340962,0.095935616,0.87446973,0.8755727026080427,0.904064384,0.9030261202360313,0.9337132013214338,3,Network Laggards
309,2022,RRBI,Red River Bancshares Inc,3082.686,34.56,265.753,2798.936,4.258,0.979,1916.267,779.547,36.916,86.639,18.747,2.366,2022,Optimal,0.012648196,0.0,0.006324098,0.987351804,1.0,0.993675902,0.9030261202360313,0.9337132013214338,1,Network Leaders
310,2022,RVSB,Riverview Bancorp Inc,1589.712,23.982,155.239,1265.217,159.965,22.099,1008.856,462.209,18.069,51.606,12.194,1.852,2022,Optimal,0.14471143,0.0,0.072355715,0.85528857,1.0,0.927644285,0.9030261202360313,0.9337132013214338,2,Transformation Specialists
311,2022,SBCF,Seacoast Banking Corp of Florida,12145.762,149.126,1607.775,9981.595,457.332,44.216,8144.724,2664.75,106.507,366.162,66.091,31.144,2022,Optimal,0.095975973,0.034802525,0.065389249,0.904024027,0.9327359101679812,0.934610751,0.9030261202360313,0.9337132013214338,4,Funding-Rich Underperformers
312,2022,SBFG,SB Financial Group Inc,1335.633,24.142,118.428,1086.665,104.827,6.481,962.075,245.106,12.521,39.399,18.231,5.113,2022,Optimal,0.12694631,0.10244915,0.11469773,0.87305369,0.814142629616976,0.88530227,0.9030261202360313,0.9337132013214338,3,Network Laggards
313,2022,SBKO,Summit Bank Group Inc,968.984,15.368,84.624,857.119,21.759,0.389,743.8,64.478,13.553,41.242,2.76,0.644,2022,Optimal,0.053431974,0.050457214,0.051944594,0.946568026,0.9039328526140238,0.948055406,0.9030261202360313,0.9337132013214338,4,Funding-Rich Underperformers
314,2022,SBNC,Southern Bancshares NC Inc,4726.557,57.839,284.283,4125.982,300.758,3.516,2850.367,1562.103,29.919,129.782,11.416,2.716,2022,Optimal,0.046659841,0.064234098,0.0554469695,0.953340159,0.8792857734577115,0.9445530305,0.9030261202360313,0.9337132013214338,4,Funding-Rich Underperformers
315,2022,SBSI,Southside Bancshares Inc,7558.636,82.633,745.997,6198.019,550.52,11.609,4147.691,2646.114,105.02,212.341,40.857,10.862,2022,Optimal,0.10024277,0.075099942,0.087671356,0.89975723,0.8602921662142551,0.912328644,0.9030261202360313,0.9337132013214338,3,Network Laggards
316,2022,SFBC,Sound Financial Bancorp Inc,976.351,16.415,97.705,808.763,60.124,6.211,865.981,15.238,8.804,35.295,4.582,3.618,2022,Optimal,0.11427091,0.033360096,0.073815503,0.88572909,0.9354337444824268,0.926184497,0.9030261202360313,0.9337132013214338,2,Transformation Specialists
317,2022,SFBS,ServisFirst Bancshares Inc,14595.753,77.952,1297.896,11546.805,1703.138,13.305,11687.968,1686.67,251.504,470.892,33.359,18.089,2022,Optimal,0.083721181,0.0,0.0418605905,0.916278819,1.0,0.9581394095,0.9030261202360313,0.9337132013214338,1,Network Leaders
318,2022,SFDL,Security Federal Corp,1381.366,20.05,160.233,1110.085,105.227,2.813,560.182,718.237,10.228,37.55,9.612,6.421,2022,Optimal,0.13730917,0.0,0.068654585,0.86269083,1.0,0.931345415,0.9030261202360313,0.9337132013214338,2,Transformation Specialists
319,2022,SFIGA,Star Financial Group Inc,3011.251,42.936,153.444,2523.807,311.13,2.679,1598.869,1147.643,23.129,81.983,24.87,3.066,2022,Optimal,0.089990496,0.087926957,0.0889587265,0.910009504,0.838358712532573,0.9110412735,0.9030261202360313,0.9337132013214338,4,Funding-Rich Underperformers
320,2022,SFNC,Simmons First National Corp,27461.061,286.982,3269.362,22548.094,1433.538,76.252,16142.124,7612.56,256.412,717.316,170.066,62.472,2022,Optimal,0.093528296,0.063836567,0.0786824315,0.906471704,0.8799880188739555,0.9213175685,0.9030261202360313,0.9337132013214338,4,Funding-Rich Underperformers
321,2022,SFST,Southern First Bankshares Inc,3691.981,38.79,294.512,3133.864,237.041,4.864,3273.363,104.18,29.115,97.621,9.58,2.627,2022,Optimal,0.074365855,0.0,0.0371829275,0.925634145,1.0,0.9628170725,0.9030261202360313,0.9337132013214338,1,Network Leaders
322,2022,SHBI,Shore Bancshares Inc,3477.276,45.839,364.285,3009.784,92.98,3.826,2556.107,655.444,31.177,101.302,23.086,3.946,2022,Optimal,0.059009527,0.01695264,0.0379810835,0.940990473,0.9666599223342396,0.9620189165,0.9030261202360313,0.9337132013214338,1,Network Leaders
323,2022,SLBK,Skyline Bankshares Inc,997.734,14.823,72.936,920.327,0.739,4.59,754.872,137.101,10.281,34.637,6.257,4.288,2022,Optimal,0.011890512,0.0,0.005945256,0.988109488,1.0,0.994054744,0.9030261202360313,0.9337132013214338,1,Network Leaders
324,2022,SMBC,Southern Missouri Bancorp Inc,3214.782,35.611,320.772,2815.075,64.861,8.118,2719.391,247.077,47.169,103.567,21.203,6.309,2022,Optimal,0.047472572,0.0,0.023736286,0.952527428,1.0,0.976263714,0.9030261202360313,0.9337132013214338,1,Network Leaders
325,2022,SMBK,SmartFinancial Inc,4637.498,63.42,432.452,4077.1,93.332,5.058,3253.627,785.372,43.022,137.501,27.715,4.808,2022,Optimal,0.040005622,0.065063474,0.052534548,0.959994378,0.8778223540881658,0.947465452,0.9030261202360313,0.9337132013214338,4,Funding-Rich Underperformers
326,2022,SNV,Synovus Financial Corp.,59731.378,681.71,4475.801,48871.559,4859.569,158.179,43716.353,9986.424,757.902,1796.9,409.336,143.381,2022,Optimal,0.096332163,0.0075160448,0.0519241039,0.903667837,0.9850800494169956,0.9480758961,0.9030261202360313,0.9337132013214338,1,Network Leaders
327,2022,SOMC,Southern Michigan Bancorp Inc,1276.523,18.134,86.164,1091.051,89.251,1.521,886.626,247.815,13.491,38.102,7.38,1.129,2022,Optimal,0.082540845,0.12334706,0.1029439524999999,0.917459155,0.7803936745959883,0.8970560475,0.9030261202360313,0.9337132013214338,4,Funding-Rich Underperformers
328,2022,SOME,Somerset Trust Holding Co,2017.477,32.446,102.869,1657.822,242.867,15.465,1263.828,613.204,20.856,70.489,13.608,10.66,2022,Optimal,0.11434863,0.093887772,0.104118201,0.8856513699999999,0.828341125290502,0.895881799,0.9030261202360313,0.9337132013214338,3,Network Laggards
329,2022,SPFI,South Plains Financial Inc,3944.063,86.323,357.014,3406.43,131.251,11.63,2748.081,701.711,58.24,138.476,76.145,7.959,2022,Optimal,0.059226416,0.045776068,0.052501242,0.940773584,0.9124553154337436,0.947498758,0.9030261202360313,0.9337132013214338,4,Funding-Rich Underperformers
330,2022,SRCE,1st Source Corp,8339.416,105.11,923.766,6928.265,340.482,41.334,6011.162,1800.421,120.509,263.469,91.262,26.927,2022,Optimal,0.088154593,0.0,0.0440772965,0.911845407,1.0,0.9559227035,0.9030261202360313,0.9337132013214338,1,Network Leaders
331,2022,SSB,SouthState Bank Corp,43918.696,554.704,5074.927,36350.623,1064.302,83.746,30177.862,8186.217,496.049,1335.671,309.247,109.742,2022,Optimal,0.086174808,0.0,0.043087404,0.913825192,1.0,0.956912596,0.9030261202360313,0.9337132013214338,1,Network Leaders
332,2022,SSBI,Summit State Bank,1115.343,14.651,88.546,962.655,48.329,0.487,928.546,88.522,16.968,42.427,7.495,3.756,2022,Optimal,0.074495189,0.031324121,0.052909655,0.925504811,0.939254555649048,0.947090345,0.9030261202360313,0.9337132013214338,1,Network Leaders
333,2022,STBA,S&T Bancorp Inc,9110.567,103.221,1184.659,7219.97,488.891,79.604,7183.969,1025.813,135.52,315.783,58.259,22.117,2022,Optimal,0.12993657,0.0,0.064968285,0.87006343,1.0,0.935031715,0.9030261202360313,0.9337132013214338,2,Transformation Specialists
334,2022,STD2,Santander Holdings USA Inc,168194.32,2001.243,17929.722,79128.541,59578.524,2149.341,97338.329,17591.437,1405.007,6174.463,3729.263,2575.951,2022,Optimal,0.46247282,0.0,0.23123641,0.53752718,1.0,0.76876359,0.9030261202360313,0.9337132013214338,2,Transformation Specialists
335,2022,STEL,Stellar Bancorp Inc,10900.437,107.554,1383.176,9267.632,196.428,24.127,7754.751,1822.644,51.432,288.958,20.354,45.048,2022,Optimal,0.062136111,0.042895842,0.0525159765,0.937863889,0.9177370543203296,0.9474840235,0.9030261202360313,0.9337132013214338,4,Funding-Rich Underperformers
336,2022,SYBT,Stock Yards Bancorp Inc,7496.261,103.208,760.432,6391.252,239.482,14.62,5205.918,1628.762,92.972,233.383,89.149,15.811,2022,Optimal,0.064796514,0.0185055,0.041651007,0.935203486,0.9636614628001516,0.958348993,0.9030261202360313,0.9337132013214338,1,Network Leaders
337,2022,TBBK,Bancorp Inc (The),7903.0,105.368,694.031,7030.113,122.521,5.152,5486.853,778.645,130.213,248.841,105.683,39.341,2022,Optimal,0.023552741,0.0,0.0117763705,0.976447259,1.0,0.9882236295,0.9030261202360313,0.9337132013214338,1,Network Leaders
338,2022,TCBI,Texas Capital Bancshares Inc,28414.642,436.809,3055.351,22856.88,2239.275,72.502,19287.34,3585.114,332.478,875.758,349.529,48.338,2022,Optimal,0.11260019,0.0012786807,0.05693943535,0.88739981,0.9974459044726568,0.94306056465,0.9030261202360313,0.9337132013214338,2,Transformation Specialists
339,2022,TCBK,TriCo Bancshares,9930.986,129.852,1046.416,8329.013,394.649,32.944,6450.447,2633.269,125.419,345.976,63.046,24.76,2022,Optimal,0.078344899,0.026933027,0.052638963,0.921655101,0.9475466728756792,0.947361037,0.9030261202360313,0.9337132013214338,1,Network Leaders
340,2022,TCBS,Texas Community Bancshares Inc,417.346,5.798,55.87,296.077,62.91,1.799,253.029,137.785,1.754,10.283,1.868,1.182,2022,Optimal,0.22858186,0.00087047284,0.11472616642,0.77141814,0.9982605684479232,0.88527383358,0.9030261202360313,0.9337132013214338,2,Transformation Specialists
341,2022,TCBX,Third Coast Bancshares Inc,3773.148,56.51,381.78,3236.146,129.432,17.279,3107.551,191.472,18.659,116.454,7.223,12.261,2022,Optimal,0.066508386,0.058221683,0.0623650345,0.933491614,0.8899631637958036,0.9376349655,0.9030261202360313,0.9337132013214338,4,Funding-Rich Underperformers
342,2022,TECTP,Tectonic Financial Inc,612.536,31.093,96.498,493.025,13.665,3.667,450.332,49.491,17.03,27.481,40.04,2.804,2022,Optimal,0.14704693,0.021471502,0.084259216,0.85295307,0.9579596651341526,0.915740784,0.9030261202360313,0.9337132013214338,2,Transformation Specialists
343,2022,TFC,Truist Financial Corp,555255.0,8467.0,60537.0,413495.0,68170.0,1163.0,325991.0,131691.0,6260.0,14316.0,8719.0,1250.0,2022,Optimal,0.050561805,0.0,0.0252809025,0.949438195,1.0,0.9747190975,0.9030261202360313,0.9337132013214338,1,Network Leaders
344,2022,TFIN,Triumph Financial Inc,5333.783,201.487,888.971,4171.336,213.333,54.788,4120.291,270.024,102.311,400.492,84.068,54.581,2022,Optimal,0.14579191,0.0,0.072895955,0.85420809,1.0,0.927104045,0.9030261202360313,0.9337132013214338,2,Transformation Specialists
345,2022,TFSL,TFS Financial Corp,15790.198,109.339,1844.339,8921.017,4808.996,44.334,14329.962,670.198,74.565,267.396,23.804,36.797,2022,Optimal,0.36542552,0.0,0.18271276,0.6345744799999999,1.0,0.81728724,0.9030261202360313,0.9337132013214338,2,Transformation Specialists
346,2022,THFF,First Financial Corp,4989.281,65.555,475.293,4368.871,86.349,18.371,3067.438,1345.859,71.109,165.042,46.716,16.726,2022,Optimal,0.043036876,0.064667469,0.0538521725,0.956963124,0.8785208135254859,0.9461478275,0.9030261202360313,0.9337132013214338,4,Funding-Rich Underperformers
347,2022,TMP,Tompkins Financial Corp,7670.686,123.23,617.39,6602.295,382.079,31.292,5268.911,1925.808,85.03,230.281,77.972,32.996,2022,Optimal,0.055643604,0.03967231,0.047657957,0.944356396,0.9236830497101534,0.952342043,0.9030261202360313,0.9337132013214338,4,Funding-Rich Underperformers
348,2022,TOWN,TowneBank,15845.267,255.625,1888.757,13294.223,400.187,10.556,10794.602,2405.335,188.987,461.365,225.57,6.833,2022,Optimal,0.075904085,0.0,0.0379520425,0.924095915,1.0,0.9620479575,0.9030261202360313,0.9337132013214338,1,Network Leaders
349,2022,TRCY,Tri City Bankshares Corp,2038.496,30.286,128.57,1891.341,12.717,3.132,1177.932,694.862,17.466,57.593,18.272,8.118,2022,Optimal,0.0,0.0,0.0,1.0,1.0,1.0,0.9030261202360313,0.9337132013214338,1,Network Leaders
350,2022,TRMK,Trustmark Corp,18015.478,287.44,1492.268,14437.648,1724.319,67.255,12204.039,3518.596,71.887,494.708,205.144,67.958,2022,Optimal,0.11705188,0.059622856,0.088337368,0.88294812,0.8874640054008045,0.911662632,0.9030261202360313,0.9337132013214338,3,Network Laggards
351,2022,TRST,TrustCo Bank Corp NY,6000.052,45.904,599.987,5192.81,171.68,19.118,4733.201,495.017,75.234,180.135,19.26,19.554,2022,Optimal,0.039971988,0.072997997,0.0564849925,0.960028012,0.8639363778793707,0.9435150075,0.9030261202360313,0.9337132013214338,4,Funding-Rich Underperformers
352,2022,TSBK,Timberland Bancorp Inc,1860.508,20.816,218.569,1632.176,2.066,3.17,1146.129,314.052,23.6,55.834,12.624,2.165,2022,Optimal,0.054364169,0.0,0.0271820845,0.945635831,1.0,0.9728179155,0.9030261202360313,0.9337132013214338,1,Network Leaders
353,2022,UBAB,United Bancorporation of Alabama Inc,1407.237,17.201,212.607,1169.038,18.939,11.632,722.515,339.042,18.685,43.392,14.664,7.063,2022,Optimal,0.10717589,0.14977109,0.12847349,0.8928241100000001,0.7394766813975119,0.87152651,0.9030261202360313,0.9337132013214338,3,Network Laggards
354,2022,UBCP,United Bancorp Inc,757.4,10.305,59.737,649.913,41.832,4.624,460.875,220.123,8.657,24.388,4.083,3.701,2022,Optimal,0.085064249,0.13705834,0.1110612944999999,0.914935751,0.7589247003808088,0.8889387055,0.9030261202360313,0.9337132013214338,4,Funding-Rich Underperformers
355,2022,UBFO,United Security Bancshares,1299.193,11.833,112.463,1165.484,12.976,16.649,980.178,210.86,15.686,46.062,1.838,19.519,2022,Optimal,0.035048556,0.0,0.017524278,0.964951444,1.0,0.982475722,0.9030261202360313,0.9337132013214338,1,Network Leaders
356,2022,UBOH,United Bancshares Inc/OH,1087.293,18.452,82.691,953.883,45.746,1.24,683.575,285.146,11.31,35.684,9.954,1.737,2022,Optimal,0.059941311,0.11339176,0.0866665355,0.940058689,0.7963129168478847,0.9133334645,0.9030261202360313,0.9337132013214338,4,Funding-Rich Underperformers
357,2022,UBSI,United Bankshares Inc,29489.38,288.352,4516.193,22303.166,2434.103,105.586,20558.166,4872.604,379.627,896.431,153.261,60.69,2022,Optimal,0.16225435,0.0,0.081127175,0.83774565,1.0,0.918872825,0.9030261202360313,0.9337132013214338,2,Transformation Specialists
358,2022,UCB,United Community Banks Inc,24008.884,276.205,2700.674,19876.507,1075.284,32.855,15334.627,6227.981,277.472,752.357,137.707,44.281,2022,Optimal,0.087004304,0.036603398,0.061803851,0.912995696,0.9293782017874496,0.938196149,0.9030261202360313,0.9337132013214338,4,Funding-Rich Underperformers
359,2022,UMBF,UMB Financial Corp,38512.461,524.431,2667.093,32639.133,2666.978,92.3,21029.253,13215.297,431.682,913.797,554.233,19.337,2022,Optimal,0.064444679,0.0,0.0322223395,0.935555321,1.0,0.9677776605,0.9030261202360313,0.9337132013214338,1,Network Leaders
360,2022,UNB,Union Bankshares Inc,1336.489,19.113,55.22,1201.912,68.46,4.748,959.493,251.531,12.615,39.424,8.987,2.397,2022,Optimal,0.013274695,0.14369879,0.0784867425,0.986725305,0.7487121762190551,0.9215132575,0.9030261202360313,0.9337132013214338,4,Funding-Rich Underperformers
361,2022,UNTY,Unity Bancorp Inc,2444.948,26.949,239.231,1787.528,398.951,9.686,2078.631,160.01,38.457,90.108,8.045,9.065,2022,Optimal,0.21063225,0.048632006,0.1296321279999999,0.78936775,0.907246763932933,0.870367872,0.9030261202360313,0.9337132013214338,3,Network Laggards
362,2022,USB,U.S. Bancorp,674805.0,9157.0,51232.0,524976.0,72545.0,878.0,378132.0,161650.0,5825.0,14728.0,9456.0,1016.0,2022,Optimal,0.0,0.0,0.0,1.0,1.0,1.0,0.9030261202360313,0.9337132013214338,1,Network Leaders
363,2022,UVSP,Univest Financial Corp,7222.016,115.806,776.5,5913.526,473.554,34.038,6123.23,541.403,78.12,218.297,77.885,33.535,2022,Optimal,0.10241833,0.0016610062,0.0520396681,0.89758167,0.996683496333153,0.9479603319,0.9030261202360313,0.9337132013214338,2,Transformation Specialists
364,2022,UWHR,Uwharrie Capital Corp,1019.49,19.655,37.397,939.856,32.644,0.972,497.889,356.709,7.684,27.74,10.133,0.399,2022,Optimal,0.0,0.18474387,0.092371935,1.0,0.6881285910346174,0.907628065,0.9030261202360313,0.9337132013214338,4,Funding-Rich Underperformers
365,2022,VABK,Virginia National Bankshares Corp,1623.359,17.26,133.416,1478.338,9.586,1.906,936.415,543.323,23.438,53.547,13.661,1.378,2022,Optimal,0.018903203,0.0057134794,0.0123083412,0.981096797,0.9886379579929492,0.9876916588,0.9030261202360313,0.9337132013214338,1,Network Leaders
366,2022,VBTX,Veritex Holdings Inc,12154.361,117.841,1449.773,9123.234,1421.102,50.128,9482.651,1403.892,146.315,364.657,52.822,43.667,2022,Optimal,0.17142268,0.039041492,0.105232086,0.82857732,0.9248509471458144,0.894767914,0.9030261202360313,0.9337132013214338,3,Network Laggards
367,2022,VLY,Valley National Bancorp,57462.749,526.737,6400.802,47636.914,2097.431,245.406,46917.2,5137.466,568.851,1655.64,206.793,271.984,2022,Optimal,0.070847073,0.0,0.0354235365,0.929152927,1.0,0.9645764635,0.9030261202360313,0.9337132013214338,1,Network Leaders
368,2022,WABC,Westamerica Bancorporation,6950.317,46.125,602.11,6225.29,73.538,1.031,958.488,5259.557,122.034,219.831,45.121,0.774,2022,Optimal,0.0,0.0,0.0,1.0,1.0,1.0,0.9030261202360313,0.9337132013214338,1,Network Leaders
369,2022,WAFD,WaFd Inc,20772.131,193.917,2274.26,16029.57,2152.974,43.625,16286.372,2609.409,236.33,594.589,67.023,44.554,2022,Optimal,0.14447655,0.032706957,0.0885917535,0.85552345,0.9366578160855752,0.9114082465,0.9030261202360313,0.9337132013214338,2,Transformation Specialists
370,2022,WAL,Western Alliance Bancorporation,67734.0,539.5,5356.0,53644.0,7377.0,87.3,51862.0,8760.0,1057.3,2216.3,324.6,98.0,2022,Optimal,0.09864818,0.0,0.04932409,0.90135182,1.0,0.95067591,0.9030261202360313,0.9337132013214338,2,Transformation Specialists
371,2022,WASH,Washington Trust Bancorp Inc,6660.051,83.804,453.669,5018.962,1032.239,14.203,5110.139,1037.391,71.681,155.99,62.602,12.846,2022,Optimal,0.17518541,0.060075719,0.1176305645,0.82481459,0.886657683176309,0.8823694355,0.9030261202360313,0.9337132013214338,3,Network Laggards
372,2022,WBS,Webster Financial Corp,71277.521,723.62,8056.186,54054.34,7924.791,112.59,49764.426,14903.294,644.283,2034.286,440.783,206.136,2022,Optimal,0.15850841,0.0,0.079254205,0.84149159,1.0,0.920745795,0.9030261202360313,0.9337132013214338,2,Transformation Specialists
373,2022,WCCB,West Coast Community Bancorp,1744.487,17.076,197.676,1530.782,4.811,0.375,1222.476,332.2,30.944,70.209,4.544,3.153,2022,Optimal,0.054172663,0.0,0.0270863315,0.945827337,1.0,0.9729136685,0.9030261202360313,0.9337132013214338,1,Network Leaders
374,2022,WCFB,WCF Bancorp Inc,161.128,2.587,23.112,118.666,18.388,0.358,119.272,26.935,0.617,4.602,0.763,0.547,2022,Optimal,0.12378467,0.0,0.061892335,0.87621533,1.0,0.938107665,0.9030261202360313,0.9337132013214338,2,Transformation Specialists
375,2022,WFC,Wells Fargo & Co,1881016.0,34340.0,181875.0,1383985.0,230480.0,7324.0,940963.0,438488.0,13182.0,44950.0,28835.0,5763.0,2022,Optimal,0.0,0.0,0.0,1.0,1.0,1.0,0.9030261202360313,0.9337132013214338,1,Network Leaders
376,2022,WNEB,Western New England Bancorp Inc,2553.15,32.697,228.143,2229.443,71.658,4.964,1991.4,386.754,25.887,79.232,13.332,5.694,2022,Optimal,0.054868026,0.051371908,0.053119967,0.945131974,0.9022764302353796,0.946880033,0.9030261202360313,0.9337132013214338,4,Funding-Rich Underperformers
377,2022,WSBC,WesBanco Inc,16931.905,204.799,2426.662,13131.09,1174.185,39.488,10702.728,3789.055,192.113,474.313,117.391,42.901,2022,Optimal,0.14586194,0.052131326,0.098996633,0.85413806,0.900903385895384,0.901003367,0.9030261202360313,0.9337132013214338,3,Network Laggards
378,2022,WSBF,Waterstone Financial Inc,2031.672,99.565,370.486,1199.012,386.784,5.722,1510.178,213.945,19.487,56.954,105.555,4.452,2022,Optimal,0.36609644,0.0,0.18304822,0.63390356,1.0,0.81695178,0.9030261202360313,0.9337132013214338,2,Transformation Specialists
379,2022,WSFS,WSFS Financial Corp,19914.755,283.905,2201.886,16203.569,885.163,33.133,11911.853,5254.915,222.375,662.89,260.134,43.372,2022,Optimal,0.10321978,0.0059810603,0.0546004201499999,0.89678022,0.9881090001869096,0.94539957985,0.9030261202360313,0.9337132013214338,2,Transformation Specialists
380,2022,WTBA,West Bancorporation Inc,3613.218,25.838,211.112,2880.408,490.536,8.948,2742.836,683.451,46.399,91.74,10.208,0.322,2022,Optimal,0.11692504,0.0,0.05846252,0.88307496,1.0,0.94153748,0.9030261202360313,0.9337132013214338,2,Transformation Specialists
381,2022,WTBFA,W T B Financial Corp,10423.09,154.433,867.129,9217.086,222.493,52.292,6042.262,3769.223,114.053,323.12,58.183,3.062,2022,Optimal,0.027657893,0.0,0.0138289465,0.972342107,1.0,0.9861710535,0.9030261202360313,0.9337132013214338,1,Network Leaders
382,2022,WTFC,Wintrust Financial Corp.,52949.649,696.107,4796.838,42902.544,3770.381,78.709,39196.485,7218.708,509.682,1495.362,461.053,110.597,2022,Optimal,0.10522726,0.0,0.05261363,0.89477274,1.0,0.94738637,0.9030261202360313,0.9337132013214338,2,Transformation Specialists
383,2022,ZION,Zions Bancorporation National Association,89545.0,1235.0,4893.0,71652.0,11266.0,272.0,55267.0,23422.0,907.0,2520.0,632.0,149.0,2022,Optimal,0.0,0.0,0.0,1.0,1.0,1.0,0.9030261202360313,0.9337132013214338,1,Network Leaders
1,2023,ABBB,Auburn Bancorp Inc,103.72,1.868,6.207,78.983,18.33,0.408,81.054,15.924,0.035,2.907,0.35,0.266,2023,Optimal,0.0,0.0,0.0,1.0,1.0,1.0,0.9022510836552219,0.9324370158718628,1,Network Leaders
2,2023,ABCB,Ameris Bancorp,25203.699,320.11,3426.747,20708.509,698.422,153.544,20269.303,1616.25,269.105,835.044,242.828,174.321,2023,Optimal,0.090934217,0.0,0.0454671085,0.909065783,1.0,0.9545328915,0.9022510836552219,0.9324370158718628,1,Network Leaders
3,2023,ACNB,ACNB Corp,2418.847,40.931,277.461,1861.813,254.789,4.331,1627.988,526.898,31.688,88.32,18.445,4.64,2023,Optimal,0.15857723,0.055557535,0.1070673825,0.84142277,0.8947332889817323,0.8929326175,0.9022510836552219,0.9324370158718628,3,Network Laggards
4,2023,AFBI,Affinity Bancshares Inc,843.258,12.252,121.516,674.443,42.158,9.621,659.876,88.201,6.448,27.198,2.466,10.276,2023,Optimal,0.12396318,0.0050635193,0.06451334965,0.8760368199999999,0.9899239815140708,0.93548665035,0.9022510836552219,0.9324370158718628,2,Transformation Specialists
5,2023,ALPIB,Alpine Banks of Colorado,6419.559,88.179,466.933,5700.099,191.179,2.625,4042.975,1873.641,57.044,193.5,46.987,25.379,2023,Optimal,0.021633086,0.0123442,0.0169886429999999,0.978366914,0.9756126424194458,0.983011357,0.9022510836552219,0.9324370158718628,1,Network Leaders
6,2023,ALRS,Alerus Financial Corp,3907.713,96.341,369.127,3095.611,378.877,3.824,2759.583,807.44,11.696,87.839,80.229,8.767,2023,Optimal,0.13254739,0.07259038,0.102568885,0.86745261,0.8646447304515261,0.8974311150000001,0.9022510836552219,0.9324370158718628,3,Network Laggards
7,2023,AMAL,Amalgamated Financial Corp,7972.324,85.774,585.364,7011.988,335.573,34.751,4411.319,3197.289,87.978,261.311,29.336,34.203,2023,Optimal,0.024462552,0.026365085,0.0254138184999999,0.975537448,0.9486243532923766,0.9745861815,0.9022510836552219,0.9324370158718628,1,Network Leaders
8,2023,AMBK,American Bank Inc,918.877,6.951,89.811,701.538,111.897,0.309,739.588,96.539,9.312,22.925,1.768,3.164,2023,Optimal,0.096742008,0.02510472,0.060923364,0.903257992,0.951020184552462,0.939076636,0.9022510836552219,0.9324370158718628,1,Network Leaders
9,2023,AMFC,AMB Financial Corp.,352.445,4.849,28.656,300.431,20.093,0.404,298.469,17.43,2.189,9.831,2.115,2.155,2023,Optimal,0.035666363,0.0043460753,0.02000621915,0.964333637,0.9913454626709188,0.97999378085,0.9022510836552219,0.9324370158718628,1,Network Leaders
10,2023,AMTB,Amerant Bancorp Inc,9716.327,133.506,736.068,7894.863,921.325,37.599,6873.493,1496.975,32.49,326.464,87.496,54.581,2023,Optimal,0.10528383,0.11511886,0.110201345,0.89471617,0.7935307811043569,0.889798655,0.9022510836552219,0.9324370158718628,3,Network Laggards
11,2023,ARBV,American Riviera Bancorp,1265.036,18.966,100.64,1049.682,109.218,3.066,946.411,255.296,10.513,44.286,2.476,0.595,2023,Optimal,0.095912883,0.0,0.0479564415,0.904087117,1.0,0.9520435585,0.9022510836552219,0.9324370158718628,1,Network Leaders
12,2023,AROW,Arrow Financial Corp,4169.868,47.667,379.772,3687.566,56.718,12.576,3212.908,636.138,30.075,104.832,29.117,21.463,2023,Optimal,0.024213472,0.033856122,0.029034797,0.975786528,0.9345051573820444,0.970965203,0.9022510836552219,0.9324370158718628,1,Network Leaders
13,2023,ASB,Associated Banc-Corp,41015.855,468.355,4173.973,33446.049,2835.554,126.466,29216.218,7731.874,182.956,1039.573,63.182,160.421,2023,Optimal,0.094372177,0.035042164,0.0647071705,0.905627823,0.9322884318749356,0.9352928295,0.9022510836552219,0.9324370158718628,4,Funding-Rich Underperformers
14,2023,ASRV,AmeriServ Financial Inc,1389.638,29.628,102.277,1158.36,115.556,5.2,1038.271,237.025,-3.346,36.02,16.389,12.393,2023,Optimal,0.091122169,0.10393912,0.0975306445,0.908877831,0.8116941086388896,0.9024693555,0.9022510836552219,0.9324370158718628,4,Funding-Rich Underperformers
15,2023,ATLO,Ames National Corp,2155.481,23.664,165.788,1811.831,164.582,14.722,1294.588,739.475,10.817,44.625,9.215,13.919,2023,Optimal,0.075449979,0.044984384,0.0602171815,0.924550021,0.9139041985913544,0.9397828185,0.9022510836552219,0.9324370158718628,4,Funding-Rich Underperformers
16,2023,AUB,Atlantic Union Bankshares Corp,21166.197,236.682,2556.327,16818.129,1396.953,27.114,15635.043,3184.111,201.818,611.013,90.877,36.889,2023,Optimal,0.1177047,0.0,0.05885235,0.8822953,1.0,0.94114765,0.9022510836552219,0.9324370158718628,2,Transformation Specialists
17,2023,AUBN,Auburn National Bancorporation Inc,975.255,12.101,76.507,896.243,1.995,2.731,557.294,270.91,1.395,26.328,-2.981,0.911,2023,Optimal,0.0,0.0,0.0,1.0,1.0,1.0,0.9022510836552219,0.9324370158718628,1,Network Leaders
18,2023,AVBH,Avidbank Holdings Inc,2230.836,30.572,165.312,1654.329,392.335,14.245,1740.647,333.729,16.801,72.869,-1.962,1.378,2023,Optimal,0.18932393,0.0,0.094661965,0.81067607,1.0,0.905338035,0.9022510836552219,0.9324370158718628,2,Transformation Specialists
19,2023,AX,Axos Financial Inc.,20348.469,204.271,1917.159,17123.108,521.409,118.992,16623.408,253.86,307.165,783.121,120.488,95.259,2023,Optimal,0.055293184,0.0,0.027646592,0.944706816,1.0,0.972353408,0.9022510836552219,0.9324370158718628,1,Network Leaders
20,2023,BAC,Bank of America Corp,3180151.0,38330.0,291646.0,1923827.0,627971.0,3978.0,1038878.0,871407.0,26515.0,56931.0,41650.0,5630.0,2023,Optimal,0.03267057,0.0,0.016335285,0.96732943,1.0,0.983664715,0.9022510836552219,0.9324370158718628,1,Network Leaders
21,2023,BANC,Banc of California Inc,38534.064,332.353,3390.765,30401.769,4009.229,108.8,25489.687,4760.501,-1899.137,747.128,-448.285,81.671,2023,Optimal,0.090327822,0.087252479,0.0887901505,0.909672178,0.8394991399233223,0.9112098495,0.9022510836552219,0.9324370158718628,4,Funding-Rich Underperformers
22,2023,BANF,BancFirst Corp,12372.042,199.986,1433.891,10700.122,95.289,61.554,7656.645,1568.239,212.465,424.456,185.408,68.315,2023,Optimal,0.050642985,0.0,0.0253214925,0.949357015,1.0,0.9746785075,0.9022510836552219,0.9324370158718628,1,Network Leaders
23,2023,BANR,Banner Corp,15670.391,244.563,1652.691,13029.497,713.8,23.35,10810.455,3456.866,183.624,576.005,44.409,30.128,2023,Optimal,0.084698485,0.0,0.0423492425,0.915301515,1.0,0.9576507575,0.9022510836552219,0.9324370158718628,1,Network Leaders
24,2023,BCAL,California BanCorp,2360.252,39.249,288.152,1943.556,114.982,0.041,1957.442,199.706,25.91,94.138,3.379,13.004,2023,Optimal,0.099667448,0.0,0.049833724,0.900332552,1.0,0.950166276,0.9022510836552219,0.9324370158718628,2,Transformation Specialists
25,2023,BCBP,BCB Bancorp Inc,3832.397,30.827,314.055,2979.08,523.75,5.184,3313.316,121.779,29.483,104.062,4.088,18.783,2023,Optimal,0.12445773,0.055285209,0.0898714695,0.87554227,0.8952222422365061,0.9101285305,0.9022510836552219,0.9324370158718628,3,Network Laggards
26,2023,BCML,BayCom Corp,2551.96,41.001,312.869,2132.75,87.198,15.244,1927.829,196.676,27.425,97.874,6.977,12.977,2023,Optimal,0.085913628,0.10030104,0.093107334,0.914086372,0.8176843675436316,0.906892666,0.9022510836552219,0.9324370158718628,4,Funding-Rich Underperformers
27,2023,BCTF,Bancorp 34 Inc,581.265,6.124,60.721,459.999,55.606,6.796,457.027,66.437,-3.402,15.175,0.73,5.244,2023,Optimal,0.10284287,0.073628843,0.0882358565,0.89715713,0.8628411606486618,0.9117641435,0.9022510836552219,0.9324370158718628,3,Network Laggards
28,2023,BFC,Bank First Corp,4221.842,40.355,619.798,3432.92,128.724,6.421,3342.974,266.887,74.514,133.48,48.081,9.128,2023,Optimal,0.098915344,0.0,0.049457672,0.901084656,1.0,0.950542328,0.9022510836552219,0.9324370158718628,2,Transformation Specialists
29,2023,BFIN,BankFinancial Corp,1487.384,22.232,155.383,1261.623,48.621,2.112,1059.106,190.206,9.393,51.829,4.417,25.115,2023,Optimal,0.074633774,0.11734105,0.095987412,0.925366226,0.789963771580754,0.904012588,0.9022510836552219,0.9324370158718628,4,Funding-Rich Underperformers
30,2023,BFST,Business First Bancshares Inc,6584.55,90.611,644.259,5248.79,656.237,12.823,4992.785,913.513,71.043,215.129,36.642,18.755,2023,Optimal,0.12363997,0.073446513,0.0985432415,0.87636003,0.8631575730872023,0.9014567585,0.9022510836552219,0.9324370158718628,3,Network Laggards
31,2023,BHB,Bar Harbor Bankshares,3970.885,52.516,432.059,3141.157,338.827,6.549,2999.049,547.362,44.852,117.675,35.647,5.528,2023,Optimal,0.13096012,0.038953302,0.084956711,0.86903988,0.9250143352448772,0.915043289,0.9022510836552219,0.9324370158718628,3,Network Laggards
32,2023,BHLB,Berkshire Hills Bancorp Inc,12430.821,159.281,1012.221,10633.384,568.293,33.323,9039.686,1601.286,69.598,369.047,42.782,24.008,2023,Optimal,0.055012414,0.029543869,0.0422781415,0.944987586,0.9426078482139938,0.9577218585,0.9022510836552219,0.9324370158718628,1,Network Leaders
33,2023,BHRB,Burke & Herbert Financial Services Corp,3617.579,48.648,314.75,3001.881,281.167,5.497,2087.756,1254.403,22.692,93.759,17.952,3.744,2023,Optimal,0.088970244,0.043482973,0.0662266085,0.911029756,0.9166580114383908,0.9337733915,0.9022510836552219,0.9324370158718628,4,Funding-Rich Underperformers
34,2023,BK,Bank of New York Mellon Corp (The),409953.0,7095.0,40924.0,283669.0,47599.0,109.0,66280.0,126882.0,3286.0,4345.0,13157.0,237.0,2023,Optimal,0.12315042,0.0,0.06157521,0.87684958,1.0,0.93842479,0.9022510836552219,0.9324370158718628,2,Transformation Specialists
35,2023,BKOR,Oak Ridge Financial Services Inc,619.394,9.954,58.347,493.144,60.657,0.739,466.796,112.959,5.742,22.057,3.909,0.457,2023,Optimal,0.11948482,0.0,0.05974241,0.88051518,1.0,0.94025759,0.9022510836552219,0.9324370158718628,2,Transformation Specialists
36,2023,BKSC,Bank of South Carolina Corp,633.816,8.016,47.081,525.703,58.8,0.631,346.99,241.217,5.494,18.521,1.765,0.576,2023,Optimal,0.08299233,0.099646717,0.0913195235,0.91700767,0.8187659446265596,0.9086804765,0.9022510836552219,0.9324370158718628,4,Funding-Rich Underperformers
37,2023,BKU,BankUnited Inc,35761.607,280.744,2577.921,26538.478,5896.364,106.951,24633.684,9187.438,178.671,873.804,86.838,130.58,2023,Optimal,0.13268243,0.0,0.066341215,0.86731757,1.0,0.933658785,0.9022510836552219,0.9324370158718628,2,Transformation Specialists
38,2023,BLFY,Blue Foundry Bancorp,2044.963,28.439,355.64,1244.904,424.277,7.767,1560.73,337.366,-7.397,41.919,1.805,6.711,2023,Optimal,0.33591926,0.0,0.16795963,0.66408074,1.0,0.83204037,0.9022510836552219,0.9324370158718628,2,Transformation Specialists
39,2023,BMBN,Benchmark Bankshares Inc,1162.325,18.586,98.692,1053.629,1.948,0.54,892.227,118.74,15.38,44.741,9.359,2.119,2023,Optimal,0.01229361,0.0,0.006146805,0.98770639,1.0,0.993853195,0.9022510836552219,0.9324370158718628,1,Network Leaders
40,2023,BMRC,Bank of Marin Bancorp,3803.903,43.448,439.062,3290.075,49.204,2.887,2073.72,1477.226,19.895,102.761,4.989,7.992,2023,Optimal,0.046211011,0.0,0.0231055055,0.953788989,1.0,0.9768944945,0.9022510836552219,0.9324370158718628,1,Network Leaders
41,2023,BNCC,BNCCORP Inc,968.205,17.517,108.418,837.203,16.512,1.419,668.808,162.144,5.705,32.31,10.004,3.384,2023,Optimal,0.057746966,0.11722312,0.087485043,0.942253034,0.7901527136316334,0.912514957,0.9022510836552219,0.9324370158718628,4,Funding-Rich Underperformers
42,2023,BOH,Bank of Hawaii Corp,23733.296,234.079,1414.242,21055.045,805.373,12.647,13905.087,7468.54,171.202,497.025,176.609,11.747,2023,Optimal,0.0,0.0,0.0,1.0,1.0,1.0,0.9022510836552219,0.9324370158718628,1,Network Leaders
43,2023,BOKF,BOK Financial Corp,49824.83,766.61,5145.419,34019.701,9211.752,299.636,23904.968,14974.604,530.746,1272.18,789.949,148.344,2023,Optimal,0.24233026,0.0,0.12116513,0.75766974,1.0,0.87883487,0.9022510836552219,0.9324370158718628,2,Transformation Specialists
44,2023,BOTJ,Bank of the James Financial Group Inc,969.371,18.311,60.039,878.459,19.932,1.199,609.333,221.673,8.704,29.74,12.867,0.391,2023,Optimal,0.010722943,0.032221126,0.0214720345,0.989277057,0.9375693343443544,0.9785279655,0.9022510836552219,0.9324370158718628,1,Network Leaders
45,2023,BPOP,Popular Inc,70758.155,778.045,5146.953,63618.243,1231.056,528.567,33333.162,25111.325,541.342,2131.524,650.724,438.027,2023,Optimal,0.0,0.0,0.0,1.0,1.0,1.0,0.9022510836552219,0.9324370158718628,1,Network Leaders
46,2023,BPRN,Princeton Bancorp Inc,1916.497,23.386,240.211,1635.741,24.28,0.266,1548.335,92.955,25.765,65.016,17.121,6.708,2023,Optimal,0.0642749,0.0,0.03213745,0.9357251,1.0,0.96786255,0.9022510836552219,0.9324370158718628,1,Network Leaders
47,2023,BRBS,Blue Ridge Bankshares Inc,3117.554,58.158,185.989,2566.032,324.474,18.779,2430.947,382.074,-51.773,93.041,28.541,63.063,2023,Optimal,0.094466415,0.090874877,0.092670646,0.905533585,0.8333908335116971,0.907329354,0.9022510836552219,0.9324370158718628,4,Funding-Rich Underperformers
48,2023,BRKL,Brookline Bancorp Inc,11382.256,138.895,1198.644,8548.125,1408.668,15.302,9641.589,993.755,74.999,339.711,31.934,45.324,2023,Optimal,0.1695526,0.0,0.0847763,0.8304474,1.0,0.9152237,0.9022510836552219,0.9324370158718628,2,Transformation Specialists
49,2023,BSBK,Bogota Financial Corp,939.324,9.82,137.173,625.347,167.69,0.857,717.475,150.16,0.643,14.973,1.139,12.8,2023,Optimal,0.2545132,0.0,0.1272566,0.7454868,1.0,0.8727434000000001,0.9022510836552219,0.9324370158718628,2,Transformation Specialists
50,2023,BSRR,Sierra Bancorp,3729.799,50.977,338.097,2761.223,574.531,19.579,2090.384,1353.915,34.844,112.405,30.4,7.985,2023,Optimal,0.1879011,0.0,0.09395055,0.8120989000000001,1.0,0.90604945,0.9022510836552219,0.9324370158718628,2,Transformation Specialists
51,2023,BUSE,First Busey Corp,12283.415,162.597,1271.981,10291.156,523.579,16.59,7651.034,2970.011,122.565,319.451,122.384,7.941,2023,Optimal,0.075534336,0.0,0.037767168,0.924465664,1.0,0.962232832,0.9022510836552219,0.9324370158718628,1,Network Leaders
52,2023,BWB,Bridgewater Bancshares Inc,4611.99,36.538,425.515,3709.948,412.538,0.639,3717.709,621.201,39.96,105.174,6.493,0.919,2023,Optimal,0.086764392,0.0,0.043382196,0.913235608,1.0,0.956617804,0.9022510836552219,0.9324370158718628,1,Network Leaders
53,2023,BWFG,Bankwell Financial Group Inc,3215.482,24.595,265.752,2736.757,159.205,16.441,2713.247,133.319,36.663,94.468,4.842,49.207,2023,Optimal,0.037131972,0.047307604,0.042219788,0.962868028,0.9096586259484468,0.957780212,0.9022510836552219,0.9324370158718628,4,Funding-Rich Underperformers
54,2023,BY,Byline Bancorp Inc,8881.967,126.979,990.151,7176.999,553.776,40.744,6684.306,1368.684,107.878,330.621,56.315,65.307,2023,Optimal,0.11179917,0.026197844,0.068998507,0.8882008299999999,0.9489419235224976,0.931001493,0.9022510836552219,0.9324370158718628,2,Transformation Specialists
55,2023,CAC,Camden National Corp,5714.506,60.009,495.064,4597.36,544.365,5.105,4098.094,1186.133,43.383,132.263,31.034,7.438,2023,Optimal,0.10888224,0.049308989,0.0790956145,0.89111776,0.9060162649573948,0.9209043855,0.9022510836552219,0.9324370158718628,3,Network Laggards
56,2023,CADE,Cadence Bank,48934.51,634.722,5167.843,38497.137,4581.519,116.136,32497.022,8131.279,542.304,1351.356,-116.343,222.387,2023,Optimal,0.12650876,0.089825272,0.108167016,0.87349124,0.8351565626017159,0.891832984,0.9022510836552219,0.9324370158718628,3,Network Laggards
57,2023,CARE,Carter Bankshares Inc,4512.539,55.856,351.243,3721.915,401.128,15.038,3505.91,800.629,23.384,122.31,18.278,311.998,2023,Optimal,0.091737615,0.0,0.0458688075,0.908262385,1.0,0.9541311925,0.9022510836552219,0.9324370158718628,1,Network Leaders
58,2023,CARV,Carver Bancorp Inc,756.796,13.548,42.309,646.999,57.152,12.321,622.878,52.042,-2.977,22.561,6.723,11.827,2023,Optimal,0.059518076,0.058279515,0.0588987955,0.940481924,0.8898598826227871,0.9411012045,0.9022510836552219,0.9324370158718628,4,Funding-Rich Underperformers
59,2023,CASH,Pathward Financial Inc,7535.543,184.318,650.625,6589.182,75.706,30.92,4366.116,1872.407,163.615,387.861,316.599,57.976,2023,Optimal,0.041203389,0.0,0.0206016945,0.958796611,1.0,0.9793983055,0.9022510836552219,0.9324370158718628,1,Network Leaders
60,2023,CATY,Cathay General Bancorp,23081.534,154.149,2736.575,19325.447,709.72,84.501,19537.42,1662.722,354.124,741.746,68.292,93.279,2023,Optimal,0.0099214281,0.0,0.00496071405,0.9900785719,1.0,0.99503928595,0.9022510836552219,0.9324370158718628,1,Network Leaders
61,2023,CBAN,Colony Bankcorp Inc,3053.422,49.233,254.935,2544.79,240.274,6.357,1883.47,873.281,21.747,78.244,35.634,10.657,2023,Optimal,0.087890288,0.11321126,0.100550774,0.912109712,0.7966041773598301,0.899449226,0.9022510836552219,0.9324370158718628,4,Funding-Rich Underperformers
62,2023,CBCY,Central Bancompany Inc,19020.505,271.667,2743.798,14869.51,1259.653,25.982,11485.288,5083.584,273.693,633.179,206.88,22.708,2023,Optimal,0.13803241,0.0,0.069016205,0.86196759,1.0,0.930983795,0.9022510836552219,0.9324370158718628,2,Transformation Specialists
63,2023,CBFV,CB Financial Services Inc,1456.091,21.212,139.834,1267.159,36.463,5.799,1110.396,207.095,22.55,44.553,24.012,2.402,2023,Optimal,0.050572783,0.0,0.0252863915,0.949427217,1.0,0.9747136085,0.9022510836552219,0.9324370158718628,1,Network Leaders
64,2023,CBKM,Consumers Bancorp Inc,1060.024,14.02,55.484,952.533,36.094,0.44,710.362,289.129,10.674,33.715,4.747,0.228,2023,Optimal,0.0,0.028723391,0.0143616955,1.0,0.9441572122277134,0.9856383045,0.9022510836552219,0.9324370158718628,1,Network Leaders
65,2023,CBNK,Capital Bancorp Inc,2226.176,48.754,254.86,1895.996,52.853,9.756,1903.288,212.682,35.871,141.526,24.975,16.042,2023,Optimal,0.068896804,0.0,0.034448402,0.931103196,1.0,0.965551598,0.9022510836552219,0.9324370158718628,1,Network Leaders
66,2023,CBSH,Commerce Bancshares Inc,31701.061,584.063,2964.23,25363.898,2937.113,8.402,17205.479,9919.934,477.06,998.129,588.03,7.582,2023,Optimal,0.11365492,0.0,0.05682746,0.88634508,1.0,0.94317254,0.9022510836552219,0.9324370158718628,2,Transformation Specialists
67,2023,CBU,Community Financial System Inc,15555.753,281.803,1697.937,12928.121,806.607,33.867,9704.598,4165.312,131.924,437.285,214.834,55.732,2023,Optimal,0.085220676,0.039297345,0.0622590104999999,0.914779324,0.9243770895998968,0.9377409895,0.9022510836552219,0.9324370158718628,4,Funding-Rich Underperformers
68,2023,CCB,Coastal Financial Corp,3753.366,65.967,294.978,3360.363,53.858,33.175,3026.092,160.591,44.579,238.727,207.175,53.839,2023,Optimal,0.019438887,0.0,0.0097194435,0.980561113,1.0,0.9902805565,0.9022510836552219,0.9324370158718628,1,Network Leaders
69,2023,CCBG,Capital City Bank Group,4304.477,93.787,440.625,3701.822,115.934,2.728,2733.918,966.374,52.258,158.988,71.61,6.243,2023,Optimal,0.057896276,0.0056352693,0.03176577265,0.942103724,0.98879261801563,0.96823422735,0.9022510836552219,0.9324370158718628,1,Network Leaders
70,2023,CCFN,Muncy Columbia Financial Corp,1639.779,11.618,153.825,1150.669,323.465,2.654,1068.429,424.991,3.387,23.262,7.121,4.475,2023,Optimal,0.1770286,0.070112883,0.1235707415,0.8229714,0.8689617065380196,0.8764292585,0.9022510836552219,0.9324370158718628,3,Network Laggards
71,2023,CCNE,CNB Financial Corp/PA,5752.957,71.062,571.247,4998.75,142.831,23.546,4468.476,770.235,58.02,189.829,33.335,31.805,2023,Optimal,0.041688051,0.043122351,0.042405201,0.958311949,0.9173206269453236,0.957594799,0.9022510836552219,0.9324370158718628,4,Funding-Rich Underperformers
72,2023,CEFC,Commercial National Financial Corp,579.161,7.95,46.81,501.647,28.071,0.688,417.403,94.308,6.173,18.366,1.999,0.939,2023,Optimal,0.04266083,0.13531029,0.0889855599999999,0.95733917,0.7616329364899881,0.91101444,0.9022510836552219,0.9324370158718628,4,Funding-Rich Underperformers
73,2023,CFBK,CF Bankshares Inc,2058.615,14.513,155.374,1744.057,130.258,0.761,1710.998,21.574,16.937,47.64,4.031,5.722,2023,Optimal,0.016311995,0.086194864,0.0512534294999999,0.983688005,0.8412902383232038,0.9487465705,0.9022510836552219,0.9324370158718628,4,Funding-Rich Underperformers
74,2023,CFFI,C&F Financial Corp,2438.498,54.876,217.516,2066.13,118.337,1.541,1742.139,465.369,23.604,97.707,29.615,1.944,2023,Optimal,0.073374113,0.0,0.0366870565,0.926625887,1.0,0.9633129435,0.9022510836552219,0.9324370158718628,1,Network Leaders
75,2023,CFFN,Capitol Federal Financial Inc,10177.461,51.491,1044.054,6051.22,2890.747,9.771,7994.708,1495.196,-101.659,153.272,-171.455,9.628,2023,Optimal,0.27406519,0.0,0.137032595,0.72593481,1.0,0.862967405,0.9022510836552219,0.9324370158718628,2,Transformation Specialists
76,2023,CFG,Citizens Financial Group Inc,221964.0,2532.0,24342.0,177342.0,14949.0,960.0,145959.0,40003.0,1608.0,6241.0,1983.0,1378.0,2023,Optimal,0.0,0.0,0.0,1.0,1.0,1.0,0.9022510836552219,0.9324370158718628,1,Network Leaders
77,2023,CFR,Cullen/Frost Bankers Inc,50845.038,663.024,3716.447,41920.568,4680.398,38.797,18824.251,20197.799,597.973,1558.664,428.542,61.632,2023,Optimal,0.084245518,0.0,0.042122759,0.915754482,1.0,0.957877241,0.9022510836552219,0.9324370158718628,1,Network Leaders
78,2023,CHBH,Croghan Bancshares Inc,1118.128,17.606,119.657,887.202,105.33,0.583,713.009,301.999,10.773,36.102,5.791,0.639,2023,Optimal,0.13640158,0.037988247,0.0871949135,0.86359842,0.9268040902971804,0.9128050865,0.9022510836552219,0.9324370158718628,3,Network Laggards
79,2023,CHCO,City Holding Co,6168.052,73.163,677.066,4934.262,434.856,6.301,4125.923,1369.103,114.365,219.241,70.629,8.559,2023,Optimal,0.11665854,0.022586083,0.0696223115,0.88334146,0.9558255615336788,0.9303776885,0.9022510836552219,0.9324370158718628,2,Transformation Specialists
80,2023,CHMG,Chemung Financial Corp,2710.529,34.2,195.241,2429.427,40.797,8.373,1972.664,593.322,25.0,74.457,24.549,10.738,2023,Optimal,0.014607132,0.031817776,0.023212454,0.985392868,0.9383267535410243,0.976787546,0.9022510836552219,0.9324370158718628,1,Network Leaders
81,2023,CIVB,Civista Bancshares Inc,3861.418,58.291,372.002,2985.028,455.826,10.905,2861.728,650.439,42.964,125.496,37.163,15.126,2023,Optimal,0.15358657,0.070574213,0.1120803915,0.84641343,0.8681563367713958,0.8879196085,0.9022510836552219,0.9324370158718628,3,Network Laggards
82,2023,CIZN,Citizens Holding Co,1404.597,18.583,42.773,1170.077,176.576,6.46,640.945,567.793,1.854,29.878,8.748,5.826,2023,Optimal,0.0,0.19124465,0.095622325,1.0,0.6789162494874583,0.904377675,0.9022510836552219,0.9324370158718628,4,Funding-Rich Underperformers
83,2023,CLBK,Columbia Financial Inc,10645.568,120.846,1040.335,7846.556,1545.23,6.721,7874.537,1579.812,36.086,205.876,27.379,12.618,2023,Optimal,0.18339871,0.0074388297,0.09541876985,0.81660129,0.9852321957806308,0.90458123015,0.9022510836552219,0.9324370158718628,2,Transformation Specialists
84,2023,CLST,Catalyst Bancorp Inc,270.932,4.671,84.655,165.622,19.378,2.005,144.92,85.879,0.602,7.801,1.589,2.051,2023,Optimal,0.27615499,0.0,0.138077495,0.72384501,1.0,0.861922505,0.9022510836552219,0.9324370158718628,2,Transformation Specialists
85,2023,CMA,Comerica Incorporated,85834.0,1306.0,6406.0,66762.0,10159.0,244.0,51306.0,16869.0,881.0,2514.0,1078.0,178.0,2023,Optimal,0.12915862,0.0,0.06457931,0.87084138,1.0,0.93542069,0.9022510836552219,0.9324370158718628,2,Transformation Specialists
86,2023,CMTV,Community Bancorp/VT,1099.345,12.227,89.029,896.968,107.611,7.89,846.003,192.349,13.432,34.209,7.175,6.955,2023,Optimal,0.10190215,0.061184402,0.081543276,0.89809785,0.8846865787233837,0.918456724,0.9022510836552219,0.9324370158718628,3,Network Laggards
87,2023,CNND,Canandaigua National Corp,4883.787,62.564,347.576,3586.978,888.854,10.566,3701.644,1023.323,44.731,133.47,50.845,14.437,2023,Optimal,0.1920122,0.037259748,0.114635974,0.8079878,0.9281573432848568,0.885364026,0.9022510836552219,0.9324370158718628,3,Network Laggards
88,2023,CNOB,ConnectOne Bancorp Inc,9855.603,88.325,1216.62,7536.202,1027.695,44.718,8345.145,687.183,87.003,255.106,14.001,52.524,2023,Optimal,0.13484552,0.0059094305,0.07037747525,0.86515448,0.98825057143154,0.92962252475,0.9022510836552219,0.9324370158718628,2,Transformation Specialists
89,2023,COFS,ChoiceOne Financial Services Inc,2576.706,31.963,195.634,2122.055,235.507,2.667,1410.653,939.576,21.261,65.885,14.906,2.034,2023,Optimal,0.095706705,0.063727136,0.0797169205,0.904293295,0.8801814227666745,0.9202830795,0.9022510836552219,0.9324370158718628,4,Funding-Rich Underperformers
90,2023,COLB,Columbia Banking System Inc,52173.596,616.103,4995.034,41607.02,4757.03,58.843,37441.951,9088.439,348.715,1793.171,203.927,113.937,2023,Optimal,0.1142663,0.0,0.05713315,0.8857337,1.0,0.94286685,0.9022510836552219,0.9324370158718628,2,Transformation Specialists
91,2023,CPF,Central Pacific Financial Corp.,7642.796,82.05,503.815,6847.592,186.736,5.251,5438.982,1286.341,58.669,210.0,46.663,7.008,2023,Optimal,0.00080698608,0.044409886,0.02260843604,0.99919301392,0.914956978873331,0.97739156396,0.9022510836552219,0.9324370158718628,4,Funding-Rich Underperformers
92,2023,CPKF,Chesapeake Financial Shares Inc,1471.047,28.408,98.543,1265.977,88.351,5.519,821.029,486.707,10.12,41.614,22.29,2.128,2023,Optimal,0.060382032,0.074015366,0.067198699,0.939617968,0.8621707503577747,0.932801301,0.9022510836552219,0.9324370158718628,4,Funding-Rich Underperformers
93,2023,CSBB,CSB Bancorp Inc/OH,1178.689,13.673,107.939,1027.427,37.896,0.256,701.404,368.153,14.756,36.141,6.744,0.396,2023,Optimal,0.047765538,0.051786894,0.049776216,0.952234462,0.9015258807740952,0.950223784,0.9022510836552219,0.9324370158718628,4,Funding-Rich Underperformers
94,2023,CSHX,Cashmere Valley Bank,2042.738,22.359,202.798,1773.767,48.858,1.58,1042.453,793.688,27.982,65.637,14.31,2.095,2023,Optimal,0.045013152,0.059145048,0.0520791,0.954986848,0.8883154897212908,0.9479209,0.9022510836552219,0.9324370158718628,4,Funding-Rich Underperformers
95,2023,CTBI,Community Trust Bancorp Inc,5769.696,73.711,702.208,4724.622,306.713,18.98,4050.906,1176.481,78.004,173.11,57.659,15.584,2023,Optimal,0.098131624,0.041117616,0.06962462,0.901868376,0.9210125438891816,0.93037538,0.9022510836552219,0.9324370158718628,3,Network Laggards
96,2023,CUBI,Customers Bancorp Inc,21316.265,133.275,1638.394,17920.236,1527.325,30.783,12861.767,3618.358,250.143,687.449,70.565,27.209,2023,Optimal,0.0,0.064485146,0.032242573,1.0,0.8788425630130869,0.967757427,0.9022510836552219,0.9324370158718628,4,Funding-Rich Underperformers
97,2023,CVBF,CVB Financial Corp,16020.993,139.191,2077.972,11433.642,2365.698,4.93,8831.32,5438.747,221.435,487.99,59.33,21.302,2023,Optimal,0.18511812,0.0,0.09255906,0.81488188,1.0,0.90744094,0.9022510836552219,0.9324370158718628,2,Transformation Specialists
98,2023,CYFL,Century Financial Corp,474.291,7.853,50.047,415.98,5.683,0.695,218.629,156.612,8.002,18.223,5.178,1.02,2023,Optimal,0.023600942,0.021592538,0.02259674,0.976399058,0.9577276904502996,0.97740326,0.9022510836552219,0.9324370158718628,1,Network Leaders
99,2023,CZBC,Citizens Bancorp/OR,1019.726,17.427,71.341,752.418,179.573,0.193,406.409,394.943,6.154,30.354,2.777,0.51,2023,Optimal,0.19402031,0.079399185,0.1367097475,0.80597969,0.8528826293305012,0.8632902525,0.9022510836552219,0.9324370158718628,3,Network Laggards
100,2023,CZBS,Citizens Bancshares Corp,745.638,9.81,176.927,554.796,1.54,1.369,378.718,200.202,12.295,34.222,5.502,7.71,2023,Optimal,0.18039024,0.0,0.09019512,0.81960976,1.0,0.90980488,0.9022510836552219,0.9324370158718628,2,Transformation Specialists
101,2023,CZFS,Citizens Financial Services Inc,2975.321,34.99,279.666,2321.481,333.224,7.488,2248.836,419.539,17.811,80.26,11.605,13.177,2023,Optimal,0.14168087,0.089859891,0.1157703804999999,0.85831913,0.8350982695260964,0.8842296195,0.9022510836552219,0.9324370158718628,3,Network Laggards
102,2023,CZNC,Citizens & Northern Corp,2515.584,44.195,262.381,2014.806,215.329,25.597,1848.139,415.755,24.148,80.4,24.417,18.845,2023,Optimal,0.12416716,0.040585405,0.0823762825,0.87583284,0.921995052390726,0.9176237175,0.9022510836552219,0.9324370158718628,3,Network Laggards
103,2023,CZWI,Citizens Community Bancorp Inc,1851.391,21.106,173.334,1519.092,148.681,12.721,1460.792,265.981,13.059,48.349,10.25,15.368,2023,Optimal,0.099603442,0.046946308,0.073274875,0.900396558,0.9103176397084156,0.926725125,0.9022510836552219,0.9324370158718628,3,Network Laggards
104,2023,DCOM,Dime Community Bancshares Inc,13636.005,117.437,1226.225,10530.655,1568.65,34.237,10773.428,1579.629,96.094,316.571,36.206,29.099,2023,Optimal,0.11793162,0.025051211,0.0714914155,0.88206838,0.9511220303314192,0.9285085845,0.9022510836552219,0.9324370158718628,2,Transformation Specialists
105,2023,DIMC,Dimeco Inc,989.961,15.85,98.578,826.54,52.118,4.794,722.446,197.138,10.828,33.975,6.684,8.537,2023,Optimal,0.089940959,0.062772967,0.076356963,0.910059041,0.88186946986957,0.923643037,0.9022510836552219,0.9324370158718628,4,Funding-Rich Underperformers
106,2023,EBC,Eastern Bankshares Inc,21133.278,253.037,2974.855,17596.217,103.833,38.604,13948.36,4863.146,232.177,550.409,-237.753,52.557,2023,Optimal,0.077265789,0.0,0.0386328945,0.922734211,1.0,0.9613671055,0.9022510836552219,0.9324370158718628,1,Network Leaders
107,2023,EBMT,Eagle Bancorp Montana Inc,2075.666,42.973,169.273,1635.195,236.235,7.778,1484.489,331.601,10.056,62.477,22.722,8.426,2023,Optimal,0.13931811,0.12499493,0.13215652,0.86068189,0.7777857896657366,0.86784348,0.9022510836552219,0.9324370158718628,3,Network Laggards
108,2023,ECBK,ECB Bancorp Inc,1280.335,11.679,164.901,868.214,235.336,0.656,1048.38,91.874,4.456,24.79,1.052,1.213,2023,Optimal,0.23821182,0.015076516,0.126644168,0.76178818,0.9702948186420264,0.873355832,0.9022510836552219,0.9324370158718628,2,Transformation Specialists
109,2023,EFSC,Enterprise Financial Services Corp,14518.59,164.566,1716.068,12176.371,482.448,10.25,10884.118,2434.902,194.059,562.592,68.725,49.464,2023,Optimal,0.069666892,0.0,0.034833446,0.930333108,1.0,0.965166554,0.9022510836552219,0.9324370158718628,1,Network Leaders
110,2023,EFSI,Eagle Financial Services Inc,1825.597,30.306,108.379,1506.322,199.097,2.27,1462.686,147.011,9.357,50.291,14.745,6.13,2023,Optimal,0.097705895,0.14856263,0.1231342625,0.902294105,0.741306871528634,0.8768657375,0.9022510836552219,0.9324370158718628,4,Funding-Rich Underperformers
111,2023,EGBN,Eagle Bancorp Inc,11664.538,86.096,1274.283,8808.039,1423.743,8.43,7968.695,2547.873,100.534,290.546,21.536,66.632,2023,Optimal,0.12282115,0.034689836,0.078755493,0.87717885,0.9329464061730668,0.921244507,0.9022510836552219,0.9324370158718628,2,Transformation Specialists
112,2023,EMYB,Embassy Bancorp Inc,1656.496,13.772,105.655,1476.233,56.825,2.374,1254.039,278.518,12.656,39.039,2.629,0.366,2023,Optimal,0.0,0.0,0.0,1.0,1.0,1.0,0.9022510836552219,0.9324370158718628,1,Network Leaders
113,2023,ENBP,ENB Financial Corp,2000.824,30.152,119.654,1726.798,143.565,4.347,1360.078,477.56,12.375,54.039,12.699,3.277,2023,Optimal,0.053271831,0.094641215,0.073956523,0.946728169,0.8270826756692146,0.926043477,0.9022510836552219,0.9324370158718628,4,Funding-Rich Underperformers
114,2023,EQBK,Equity Bancshares Inc,5034.592,64.384,452.86,4145.455,383.81,18.248,3332.901,942.465,7.821,159.018,-19.129,26.457,2023,Optimal,0.093669309,0.14746278,0.1205660445,0.906330691,0.742975924674437,0.8794339555,0.9022510836552219,0.9324370158718628,4,Funding-Rich Underperformers
115,2023,EQFN,Equitable Financial Corp,481.049,8.181,44.979,412.27,18.573,0.554,425.938,32.732,3.588,15.091,4.809,0.711,2023,Optimal,0.045542344,0.0,0.022771172,0.954457656,1.0,0.977228828,0.9022510836552219,0.9324370158718628,1,Network Leaders
116,2023,ESQ,Esquire Financial Holdings Inc,1616.876,32.481,198.555,1407.299,2.183,0.004,1207.413,202.036,41.011,83.773,29.751,11.009,2023,Optimal,0.049834171,0.0,0.0249170855,0.950165829,1.0,0.9750829145,0.9022510836552219,0.9324370158718628,1,Network Leaders
117,2023,EWBC,East West Bancorp Inc,69612.884,508.538,6950.834,56092.438,4755.364,99.796,52210.782,9224.188,1161.161,2312.254,295.264,114.015,2023,Optimal,0.018500282,0.0,0.009250141,0.981499718,1.0,0.990749859,0.9022510836552219,0.9324370158718628,1,Network Leaders
118,2023,EXSR,Exchange Bank of Santa Rosa California,3368.572,41.11,255.224,2838.627,232.661,5.966,1594.677,1512.445,20.193,90.49,23.66,4.199,2023,Optimal,0.072801569,0.053527471,0.06316452,0.927198431,0.8983842899716851,0.93683548,0.9022510836552219,0.9324370158718628,4,Funding-Rich Underperformers
119,2023,FBAK,First National Bank Alaska,5730.835,63.652,464.791,3780.018,1427.62,5.697,2273.311,2384.951,60.01,154.479,25.426,4.611,2023,Optimal,0.27145919,0.024944174,0.148201682,0.7285408099999999,0.9513257899644396,0.8517983179999999,0.9022510836552219,0.9324370158718628,2,Transformation Specialists
120,2023,FBIZ,First Business Financial Services Inc,3507.846,61.059,289.588,2796.779,339.87,3.754,2850.261,317.551,37.027,112.588,31.308,20.844,2023,Optimal,0.12718707,0.053508201,0.0903476355,0.87281293,0.8984190138259778,0.9096523645,0.9022510836552219,0.9324370158718628,3,Network Laggards
121,2023,FBK,FB Financial Corp,12604.403,203.441,1454.887,10548.287,458.607,87.491,9408.783,1506.163,120.224,407.217,70.543,86.483,2023,Optimal,0.081577833,0.05341469,0.0674962615,0.918422167,0.8985875353608368,0.9325037385,0.9022510836552219,0.9324370158718628,4,Funding-Rich Underperformers
122,2023,FBNC,First Bancorp/NC,12114.942,139.851,1372.38,10031.599,647.991,38.293,8150.102,2777.557,104.131,346.658,57.49,44.789,2023,Optimal,0.082393923,0.048456386,0.0654251545,0.917606077,0.907566234233419,0.9345748455,0.9022510836552219,0.9324370158718628,4,Funding-Rich Underperformers
123,2023,FBP,First BanCorp (Puerto Rico),18909.549,222.855,1497.609,16555.985,733.119,129.158,12185.483,5631.64,302.864,797.11,132.694,125.906,2023,Optimal,0.029340523,0.0,0.0146702615,0.970659477,1.0,0.9853297385,0.9022510836552219,0.9324370158718628,1,Network Leaders
124,2023,FBPI,First Bancorp of Indiana Inc,631.341,9.114,32.012,462.203,129.832,0.468,454.45,117.086,2.851,16.464,3.269,0.494,2023,Optimal,0.18182131,0.062892026,0.122356668,0.81817869,0.8816586737663604,0.877643332,0.9022510836552219,0.9324370158718628,3,Network Laggards
125,2023,FBSI,First Bancshares Inc,541.561,7.912,53.591,471.992,13.357,0.614,424.606,13.354,6.72,20.887,1.807,1.63,2023,Optimal,0.034588726,0.052721793,0.0436552595,0.965411274,0.899837177589426,0.9563447405,0.9022510836552219,0.9324370158718628,4,Funding-Rich Underperformers
126,2023,FBTT,First Bankers Trustshares Inc,1148.708,14.656,62.103,971.432,105.227,7.634,598.647,445.249,5.407,23.255,7.812,10.684,2023,Optimal,0.062353178,0.11194181,0.087147494,0.937646822,0.798655273156785,0.912852506,0.9022510836552219,0.9324370158718628,4,Funding-Rich Underperformers
127,2023,FCBC,First Community Bancshares Inc,3268.545,49.887,503.294,2722.325,1.739,17.399,2572.298,280.961,48.02,127.684,37.452,19.652,2023,Optimal,0.088292626,0.0,0.044146313,0.911707374,1.0,0.955853687,0.9022510836552219,0.9324370158718628,1,Network Leaders
128,2023,FCCO,First Community Corp,1827.688,25.864,131.059,1511.001,171.253,5.831,1134.019,506.196,11.843,48.892,10.421,0.864,2023,Optimal,0.097140204,0.0,0.048570102,0.902859796,1.0,0.951429898,0.9022510836552219,0.9324370158718628,1,Network Leaders
129,2023,FCF,First Commonwealth Financial Corp.,11459.488,142.871,1314.274,9192.309,833.919,36.021,8968.761,1490.866,157.063,385.676,96.609,40.918,2023,Optimal,0.11339819,0.023197357,0.0682977734999999,0.88660181,0.9546571209526687,0.9317022265,0.9022510836552219,0.9324370158718628,2,Transformation Specialists
130,2023,FCNCA,First Citizens BancShares Inc,213758.0,2636.0,21255.0,145854.0,38050.0,674.0,133302.0,30122.0,11466.0,6712.0,12075.0,1031.0,2023,Optimal,0.16202358,0.0,0.08101179,0.8379764199999999,1.0,0.91898821,0.9022510836552219,0.9324370158718628,2,Transformation Specialists
131,2023,FDBC,Fidelity D & D Bancorp Inc,2503.159,25.642,189.479,2158.425,134.122,4.069,1685.098,572.178,18.21,62.047,11.405,3.323,2023,Optimal,0.049008048,0.080697568,0.064852808,0.950991952,0.8506565196600869,0.935147192,0.9022510836552219,0.9324370158718628,4,Funding-Rich Underperformers
132,2023,FDVA,Freedom Financial Holdings Inc,1084.668,14.323,77.228,921.058,71.95,8.639,769.743,236.148,2.319,27.192,3.895,13.21,2023,Optimal,0.075619687,0.072446714,0.0740332005,0.924380313,0.864894520064705,0.9259667995,0.9022510836552219,0.9324370158718628,4,Funding-Rich Underperformers
133,2023,FFBB,FFB Bancorp,1364.326,20.162,130.7,1145.17,75.251,6.373,924.713,333.13,33.558,63.532,25.045,6.006,2023,Optimal,0.084873424,0.032007911,0.0584406675,0.915126576,0.9379696402346668,0.9415593325,0.9022510836552219,0.9324370158718628,1,Network Leaders
134,2023,FFBC,First Financial Bancorp.,17532.9,292.731,2267.974,13360.797,1346.413,39.774,10933.176,3231.392,255.863,627.77,212.422,65.859,2023,Optimal,0.16085826,0.065872524,0.113365392,0.83914174,0.8763969939804922,0.886634608,0.9022510836552219,0.9324370158718628,3,Network Laggards
135,2023,FFDF,FFD Financial Corp,733.462,7.651,59.983,642.979,22.041,0.339,567.81,42.116,11.116,23.628,2.8,0.463,2023,Optimal,0.01913751,0.0,0.009568755,0.98086249,1.0,0.990431245,0.9022510836552219,0.9324370158718628,1,Network Leaders
136,2023,FFIC,Flushing Financial Corp,8537.236,85.957,669.837,6815.261,882.103,53.363,6906.95,978.742,28.664,179.152,22.588,46.153,2023,Optimal,0.11198901,0.03569298,0.0738409949999999,0.88801099,0.9310742069527206,0.926159005,0.9022510836552219,0.9324370158718628,3,Network Laggards
137,2023,FFIN,First Financial Bankshares Inc,13105.594,131.915,1498.9,11138.3,404.081,24.325,7148.791,4732.762,198.977,383.809,108.003,35.096,2023,Optimal,0.049558897,0.016817395,0.033188146,0.950441103,0.9669215041310344,0.966811854,0.9022510836552219,0.9324370158718628,1,Network Leaders
138,2023,FFMH,First Farmers and Merchants Corp,1871.603,21.581,124.241,1618.564,107.078,0.705,1018.866,709.924,16.049,44.355,13.2,1.407,2023,Optimal,0.049294487,0.077895343,0.063594915,0.950705513,0.8554677065712121,0.936405085,0.9022510836552219,0.9324370158718628,4,Funding-Rich Underperformers
139,2023,FFWM,First Foundation Inc,13327.248,84.297,925.343,10688.932,1610.701,16.541,10177.802,1517.417,-199.064,202.305,49.351,20.213,2023,Optimal,0.030052428,0.063947428,0.0469999279999999,0.969947572,0.879792128225343,0.953000072,0.9022510836552219,0.9324370158718628,4,Funding-Rich Underperformers
140,2023,FGBI,First Guaranty Bancshares Inc,3552.772,40.422,249.631,3009.094,275.696,14.821,2748.708,417.513,9.219,84.705,10.577,41.724,2023,Optimal,0.066292122,0.11897246,0.092632291,0.933707878,0.7873540873383069,0.907367709,0.9022510836552219,0.9324370158718628,4,Funding-Rich Underperformers
141,2023,FGFH,Foresight Financial Group Inc,1574.728,22.627,140.863,1357.557,58.661,6.822,1083.645,374.932,14.546,49.271,7.556,16.045,2023,Optimal,0.059080188,0.058246222,0.0586632049999999,0.940919812,0.88991933863951,0.941336795,0.9022510836552219,0.9324370158718628,4,Funding-Rich Underperformers
142,2023,FHB,First Hawaiian Inc,24926.474,225.755,2486.066,21332.657,563.832,11.996,14353.497,6329.385,234.983,636.127,200.815,18.595,2023,Optimal,0.02382335,0.0,0.011911675,0.97617665,1.0,0.988088325,0.9022510836552219,0.9324370158718628,1,Network Leaders
143,2023,FHN,First Horizon Corp,81661.0,1049.0,9291.0,65780.0,4044.0,327.0,61292.0,9714.0,897.0,2540.0,927.0,469.0,2023,Optimal,0.099918276,0.0,0.049959138,0.900081724,1.0,0.950040862,0.9022510836552219,0.9324370158718628,2,Transformation Specialists
144,2023,FIBK,First Interstate BancSystem Inc,30671.2,338.4,3227.5,23323.1,3669.6,78.3,18279.6,9272.6,257.5,878.8,147.0,127.8,2023,Optimal,0.15492787,0.038975864,0.096951867,0.84507213,0.9249725323744384,0.903048133,0.9022510836552219,0.9324370158718628,3,Network Laggards
145,2023,FINW,Finwise Bancorp,586.221,25.751,155.056,404.833,6.486,0.1,371.448,15.626,17.46,54.559,21.08,27.127,2023,Optimal,0.23030734,0.0,0.11515367,0.76969266,1.0,0.88484633,0.9022510836552219,0.9324370158718628,2,Transformation Specialists
146,2023,FISI,Financial Institutions Inc,6160.881,71.889,454.796,5212.912,343.32,10.217,4462.139,1053.292,50.264,165.715,48.244,26.802,2023,Optimal,0.064951888,0.08464782,0.074799854,0.935048112,0.8439164889484588,0.925200146,0.9022510836552219,0.9324370158718628,4,Funding-Rich Underperformers
147,2023,FITB,Fifth Third Bancorp,214574.0,2694.0,19172.0,168912.0,20035.0,539.0,114655.0,51034.0,2349.0,5827.0,2881.0,689.0,2023,Optimal,0.010928485,0.028369094,0.0196487895,0.989071515,0.9448270194708904,0.9803512105,0.9022510836552219,0.9324370158718628,1,Network Leaders
148,2023,FIZN,First Citizens Bancshares Inc,2390.928,29.672,182.777,2027.62,163.579,4.212,1402.225,751.082,18.61,56.476,16.783,1.845,2023,Optimal,0.069106976,0.064385072,0.066746024,0.930893024,0.879019212700871,0.933253976,0.9022510836552219,0.9324370158718628,4,Funding-Rich Underperformers
149,2023,FKYS,First Keystone Corp,1415.87,16.055,121.615,980.439,302.444,5.359,910.864,405.335,5.56,29.116,6.156,5.681,2023,Optimal,0.24094115,0.082262382,0.1616017659999999,0.75905885,0.8479807052925915,0.838398234,0.9022510836552219,0.9324370158718628,3,Network Laggards
150,2023,FLG,Flagstar Financial Inc,114057.0,1149.0,8367.0,81526.0,21713.0,153.0,84619.0,10551.0,-79.0,3077.0,2687.0,442.0,2023,Optimal,0.15711346,0.0,0.07855673,0.84288654,1.0,0.92144327,0.9022510836552219,0.9324370158718628,2,Transformation Specialists
151,2023,FMAO,Farmers & Merchants Bancorp Inc,3283.229,34.435,316.543,2607.463,334.588,4.689,2581.191,375.616,22.787,81.397,16.04,22.353,2023,Optimal,0.12356983,0.079600372,0.101585101,0.87643017,0.8525373386959151,0.898414899,0.9022510836552219,0.9324370158718628,3,Network Laggards
152,2023,FMBH,First Mid Bancshares Inc,7586.794,104.962,793.204,6123.659,622.936,23.539,5580.565,1177.932,68.935,193.463,86.786,21.292,2023,Optimal,0.1123035,0.071465499,0.0918844995,0.8876965,0.8666023328484233,0.9081155005,0.9022510836552219,0.9324370158718628,3,Network Laggards
153,2023,FMBM,F & M Bank Corp,1294.596,23.0,78.323,1133.236,67.665,2.262,822.092,379.557,2.771,31.661,10.154,6.524,2023,Optimal,0.044210604,0.11168927,0.077949937,0.955789396,0.7990638697088441,0.922050063,0.9022510836552219,0.9324370158718628,4,Funding-Rich Underperformers
154,2023,FMCB,Farmers & Merchants Bancorp,5308.928,70.883,549.755,4668.095,13.11,1.444,3654.689,1015.299,88.314,215.385,14.914,0.873,2023,Optimal,0.032856926,0.0,0.016428463,0.967143074,1.0,0.983571537,0.9022510836552219,0.9324370158718628,1,Network Leaders
155,2023,FMNB,Farmers National Banc Corp/OH,5078.35,57.374,404.415,4177.386,452.641,14.876,3198.127,1335.012,49.932,137.786,41.861,15.229,2023,Optimal,0.091260184,0.11297337,0.1021167769999999,0.908739816,0.7969881884954715,0.897883223,0.9022510836552219,0.9324370158718628,4,Funding-Rich Underperformers
156,2023,FNB,F.N.B. Corp,46158.0,461.677,6050.0,34711.0,4725.0,119.0,32323.0,7526.0,484.851,1316.504,254.332,110.0,2023,Optimal,0.15253742,0.0072569206,0.0798971703,0.84746258,0.98559072575907,0.9201028297,0.9022510836552219,0.9324370158718628,2,Transformation Specialists
157,2023,FNFI,First Niles Financial Inc,156.897,3.874,13.661,88.1,53.961,0.15,104.049,20.087,0.808,3.315,3.606,0.437,2023,Optimal,0.27696216,0.0,0.13848108,0.7230378399999999,1.0,0.86151892,0.9022510836552219,0.9324370158718628,2,Transformation Specialists
158,2023,FNLC,First Bancorp Inc/ME (The),2946.698,21.942,243.079,2599.662,70.304,1.755,2129.454,670.673,29.518,65.207,15.437,2.178,2023,Optimal,0.0,0.0,0.0,1.0,1.0,1.0,0.9022510836552219,0.9324370158718628,1,Network Leaders
159,2023,FNRN,First Northern Community Bancorp,1871.832,25.914,159.245,1692.444,4.585,8.579,1069.061,582.875,21.554,66.539,7.845,8.334,2023,Optimal,0.011667358,0.0,0.005833679,0.988332642,1.0,0.994166321,0.9022510836552219,0.9324370158718628,1,Network Leaders
160,2023,FNWB,First Northwest Bancorp,2201.797,31.209,163.34,1676.892,327.276,1.79,1660.028,309.287,2.286,61.432,4.02,18.644,2023,Optimal,0.16783256,0.086721845,0.1272772025,0.83216744,0.840397346572158,0.8727227975,0.9022510836552219,0.9324370158718628,3,Network Laggards
161,2023,FNWD,Finward Bancorp,2108.279,27.655,147.345,1813.421,118.124,11.182,1512.595,377.921,8.38,54.555,10.746,12.879,2023,Optimal,0.056947173,0.11039211,0.0836696415,0.943052827,0.8011655360195237,0.9163303585,0.9022510836552219,0.9324370158718628,4,Funding-Rich Underperformers
162,2023,FOTB,First Ottawa Bancshares Inc,1488.943,19.617,86.605,1235.731,157.279,6.003,1247.825,160.79,14.014,51.672,4.701,4.908,2023,Optimal,0.090112442,0.07349993,0.081806186,0.909887558,0.8630648629851331,0.918193814,0.9022510836552219,0.9324370158718628,4,Funding-Rich Underperformers
163,2023,FRAF,Franklin Financial Services Corp,1836.039,28.813,132.136,1537.978,154.477,0.12,1256.985,475.305,13.598,53.637,14.851,0.147,2023,Optimal,0.085066811,0.0,0.0425334055,0.914933189,1.0,0.9574665945,0.9022510836552219,0.9324370158718628,1,Network Leaders
164,2023,FRBA,First Bank,3609.327,34.339,370.9,2967.569,245.001,6.25,3021.501,160.399,20.897,104.516,-0.715,24.989,2023,Optimal,0.089887118,0.058220421,0.0740537695,0.910112882,0.8899654177057316,0.9259462305,0.9022510836552219,0.9324370158718628,4,Funding-Rich Underperformers
165,2023,FRFC,First Robinson Financial Corp,468.791,6.564,25.617,384.216,54.358,0.936,254.059,173.07,1.917,10.238,3.199,1.465,2023,Optimal,0.071488124,0.14721796,0.109353042,0.928511876,0.7433478813389567,0.890646958,0.9022510836552219,0.9324370158718628,4,Funding-Rich Underperformers
166,2023,FRME,First Merchants Corp,18405.887,228.745,2247.713,14821.453,1051.111,48.979,12486.027,3853.133,223.786,545.4,105.602,58.411,2023,Optimal,0.10889859,0.034441643,0.0716701165,0.89110141,0.9334101769141556,0.9283298835,0.9022510836552219,0.9324370158718628,2,Transformation Specialists
167,2023,FRST,Primis Financial Corp,3856.546,58.765,397.593,3270.155,160.718,38.845,3219.414,254.316,-7.832,98.711,45.25,10.809,2023,Optimal,0.071352194,0.0,0.035676097,0.928647806,1.0,0.964323903,0.9022510836552219,0.9324370158718628,1,Network Leaders
168,2023,FSBC,Five Star Bancorp,3593.125,27.097,285.774,3026.896,249.352,0.404,3081.719,132.961,47.734,110.88,7.511,1.965,2023,Optimal,0.04239903,0.0,0.021199515,0.95760097,1.0,0.978800485,0.9022510836552219,0.9324370158718628,1,Network Leaders
169,2023,FSBW,FS Bancorp Inc,2972.669,53.622,264.488,2522.323,150.121,9.222,2433.015,303.502,36.053,123.303,20.49,10.952,2023,Optimal,0.071409823,0.05798247,0.0646961465,0.928590177,0.8903904901184232,0.9353038535,0.9022510836552219,0.9324370158718628,4,Funding-Rich Underperformers
170,2023,FSFG,First Savings Financial Group Inc,2288.854,43.938,150.981,1681.794,415.982,13.57,1787.143,253.978,8.172,61.574,25.342,15.688,2023,Optimal,0.19713304,0.093607553,0.1453702965,0.80286696,0.8288096077185744,0.8546297035,0.9022510836552219,0.9324370158718628,3,Network Laggards
171,2023,FULT,Fulton Financial Corp,27571.915,377.417,2760.139,21537.623,2582.756,177.696,21351.094,3790.679,284.28,854.286,227.678,154.237,2023,Optimal,0.13567358,0.0,0.06783679,0.86432642,1.0,0.93216321,0.9022510836552219,0.9324370158718628,2,Transformation Specialists
172,2023,FUNC,First United Corp,1905.86,27.503,161.873,1550.977,157.903,8.535,1406.327,316.716,15.06,56.87,14.469,8.992,2023,Optimal,0.11114547,0.086882142,0.099013806,0.88885453,0.8401259186389319,0.900986194,0.9022510836552219,0.9324370158718628,3,Network Laggards
173,2023,FUSB,First US Bancshares Inc,1072.94,16.076,90.593,950.191,22.854,2.337,821.791,137.87,8.485,37.35,3.381,3.002,2023,Optimal,0.035845468,0.10559173,0.070718599,0.964154532,0.8089860350167417,0.929281401,0.9022510836552219,0.9324370158718628,4,Funding-Rich Underperformers
174,2023,FVCB,FVCBankcorp Inc,2190.558,20.643,217.117,1845.292,113.861,4.493,1828.564,181.347,3.822,54.396,-13.37,1.829,2023,Optimal,0.07045299,0.0,0.035226495,0.92954701,1.0,0.964773505,0.9022510836552219,0.9324370158718628,1,Network Leaders
175,2023,FXNC,First National Corp/VA,1419.295,21.039,116.271,1233.726,64.606,2.858,969.43,303.179,9.624,43.413,11.784,6.763,2023,Optimal,0.051818577,0.12754625,0.0896824135,0.948181423,0.7737631604911994,0.9103175865,0.9022510836552219,0.9324370158718628,4,Funding-Rich Underperformers
176,2023,GABC,German American Bancorp Inc,6152.198,83.244,663.558,5252.963,199.274,14.315,3971.082,1611.872,85.888,190.433,60.261,9.191,2023,Optimal,0.060877805,0.0,0.0304389025,0.939122195,1.0,0.9695610975,0.9022510836552219,0.9324370158718628,1,Network Leaders
177,2023,GBCI,Glacier Bancorp Inc,27742.629,309.048,3020.281,19929.167,4485.807,32.742,16198.082,8300.885,222.927,691.682,118.079,25.631,2023,Optimal,0.20205009,0.0,0.101025045,0.79794991,1.0,0.898974955,0.9022510836552219,0.9324370158718628,2,Transformation Specialists
178,2023,GCBC,Greene County Bancorp Inc,2698.283,23.418,183.283,2437.161,51.772,6.385,1408.866,1009.484,30.785,61.218,12.146,5.76,2023,Optimal,0.0,0.096638754,0.048319377,1.0,0.8237546253996418,0.951680623,0.9022510836552219,0.9324370158718628,4,Funding-Rich Underperformers
179,2023,GLBZ,Glen Burnie Bancorp,351.813,6.71,19.325,300.067,30.219,0.498,176.307,140.644,1.429,12.135,1.1,0.527,2023,Optimal,0.032021635,0.12644378,0.0792327075,0.967978365,0.7754991731589126,0.9207672925,0.9022510836552219,0.9324370158718628,4,Funding-Rich Underperformers
180,2023,GNTY,Guaranty Bancshares Inc,3184.791,48.862,303.846,2633.246,228.585,10.886,2321.801,600.403,30.037,96.98,22.513,5.826,2023,Optimal,0.095022484,0.025064421,0.0600434525,0.904977516,0.9510968862316996,0.9399565475,0.9022510836552219,0.9324370158718628,1,Network Leaders
181,2023,GSBC,Great Southern Bancorp Inc,5812.402,78.521,571.829,4721.708,430.676,3.72,4654.29,699.543,67.8,193.215,30.073,11.771,2023,Optimal,0.10673404,0.0029847914,0.0548594157,0.89326596,0.9940481821347784,0.9451405843,0.9022510836552219,0.9324370158718628,2,Transformation Specialists
182,2023,HAFC,Hanmi Financial Corp,7570.341,81.398,701.891,6280.574,501.414,9.963,6182.434,882.124,80.041,221.271,34.179,15.591,2023,Optimal,0.080215534,0.0088345623,0.04452504815,0.919784466,0.9824856073926364,0.95547495185,0.9022510836552219,0.9324370158718628,1,Network Leaders
183,2023,HARL,Harleysville Financial Corp,842.274,9.185,87.213,647.768,100.832,2.902,638.733,164.487,12.223,30.356,2.705,3.025,2023,Optimal,0.14339253,0.053810219,0.0986013744999999,0.85660747,0.8978749341583296,0.9013986255,0.9022510836552219,0.9324370158718628,3,Network Laggards
184,2023,HBAN,Huntington Bancshares Inc,189368.0,2487.0,19398.0,151230.0,13393.0,594.0,116754.0,41780.0,1951.0,5439.0,1921.0,711.0,2023,Optimal,0.018431708,0.0,0.009215854,0.981568292,1.0,0.990784146,0.9022510836552219,0.9324370158718628,1,Network Leaders
185,2023,HBC2,HSBC USA Inc,168238.0,530.0,11639.0,121283.0,29063.0,441.0,58987.0,40772.0,393.0,1705.0,1652.0,610.0,2023,Optimal,0.0,0.19615381,0.098076905,1.0,0.6720257740097823,0.901923095,0.9022510836552219,0.9324370158718628,4,Funding-Rich Underperformers
186,2023,HBCP,Home Bancorp Inc,3320.122,48.933,367.444,2670.624,263.913,10.976,2581.638,434.991,40.24,120.692,14.636,10.389,2023,Optimal,0.11955091,0.053073053,0.0863119815,0.88044909,0.8992034733985353,0.9136880185,0.9022510836552219,0.9324370158718628,3,Network Laggards
187,2023,HBIA,Hills Bancorporation,4341.667,44.897,515.139,3282.78,517.871,13.58,3438.782,795.167,38.176,113.886,28.606,40.344,2023,Optimal,0.16409954,0.0,0.08204977,0.83590046,1.0,0.91795023,0.9022510836552219,0.9324370158718628,2,Transformation Specialists
188,2023,HBNC,Horizon Bancorp Inc,7940.485,80.809,718.812,5664.893,1465.851,23.98,4417.63,2527.398,27.981,175.744,11.998,21.78,2023,Optimal,0.20824423,0.083445276,0.145844753,0.79175577,0.8459630996628205,0.854155247,0.9022510836552219,0.9324370158718628,3,Network Laggards
189,2023,HBT,HBT Financial Inc,5073.17,77.49,489.496,4401.437,147.328,5.186,3404.417,1293.925,65.842,191.072,36.046,8.709,2023,Optimal,0.049250828,0.020081515,0.0346661715,0.950749172,0.9606276269009736,0.9653338285,0.9022510836552219,0.9324370158718628,1,Network Leaders
190,2023,HFBK,Harford Bank (Alberdeen MD),665.617,9.224,58.963,554.309,48.201,6.997,507.96,109.216,6.458,21.447,3.128,6.522,2023,Optimal,0.082636345,0.068097217,0.075366781,0.917363655,0.8724887287109184,0.924633219,0.9022510836552219,0.9324370158718628,4,Funding-Rich Underperformers
191,2023,HFBL,Home Federal Bancorp/LA,660.915,9.088,50.542,597.361,9.416,2.183,494.667,113.974,5.704,21.552,2.099,1.596,2023,Optimal,0.0065743639,0.096632285,0.05160332445,0.9934256361,0.8237653836718841,0.94839667555,0.9022510836552219,0.9324370158718628,4,Funding-Rich Underperformers
192,2023,HFWA,Heritage Financial Corp,7174.957,100.083,853.261,5599.872,547.307,5.906,4335.627,1877.981,61.755,225.155,18.663,5.761,2023,Optimal,0.14213437,0.030299946,0.086217158,0.85786563,0.9411822816886763,0.913782842,0.9022510836552219,0.9324370158718628,2,Transformation Specialists
193,2023,HIFS,Hingham Institution for Savings,4483.947,16.413,407.62,2349.977,1693.086,1.168,3940.896,152.876,26.371,48.302,16.303,1.477,2023,Optimal,0.27679236,0.0,0.13839618,0.72320764,1.0,0.86160382,0.9022510836552219,0.9324370158718628,2,Transformation Specialists
194,2023,HLFN,Home Loan Financial Corp,291.161,4.131,35.701,220.611,32.036,0.43,258.368,15.745,5.171,12.259,1.387,0.984,2023,Optimal,0.12423321,0.0,0.062116605,0.87576679,1.0,0.937883395,0.9022510836552219,0.9324370158718628,2,Transformation Specialists
195,2023,HNVR,Hanover Bancorp Inc,2149.535,20.652,185.907,1735.07,215.369,13.512,1874.562,25.544,15.164,54.492,8.848,15.061,2023,Optimal,0.11005028,0.07631716,0.09318372,0.8899497199999999,0.8581883429230099,0.90681628,0.9022510836552219,0.9324370158718628,3,Network Laggards
196,2023,HOMB,Home Bancshares Inc,22656.658,256.966,3791.075,16787.711,1928.247,61.476,14424.728,4789.823,392.929,826.945,169.934,95.372,2023,Optimal,0.17757804,0.014643496,0.096110768,0.82242196,0.9711356825175964,0.903889232,0.9022510836552219,0.9324370158718628,2,Transformation Specialists
197,2023,HONE,HarborOne Bancorp Inc,5667.896,73.917,583.759,4387.409,592.985,14.84,4750.311,337.045,16.077,127.271,41.854,17.582,2023,Optimal,0.14821909,0.024532591,0.0863758405,0.85178091,0.952109691354855,0.9136241595,0.9022510836552219,0.9324370158718628,2,Transformation Specialists
198,2023,HONT,Honat Bancorp Inc,963.21,14.238,124.83,822.547,1.096,1.705,695.337,190.744,12.866,34.027,5.697,1.15,2023,Optimal,0.069086928,0.0,0.034543464,0.930913072,1.0,0.965456536,0.9022510836552219,0.9324370158718628,1,Network Leaders
199,2023,HOPE,Hope Bancorp Inc,19131.522,207.871,2121.243,14753.753,1956.665,69.437,13853.619,2469.971,133.673,525.861,45.577,45.528,2023,Optimal,0.14317825,0.0016835039,0.07243087695,0.8568217499999999,0.9966386510440765,0.92756912305,0.9022510836552219,0.9324370158718628,2,Transformation Specialists
200,2023,HTB,HomeTrust Bancshares Inc,4607.487,62.221,471.186,3601.168,478.024,6.32,3658.823,187.061,44.604,157.415,31.05,8.315,2023,Optimal,0.14133689,0.044406108,0.092871499,0.85866311,0.914963905975165,0.907128501,0.9022510836552219,0.9324370158718628,3,Network Laggards
201,2023,HTBK,Heritage Commerce Corp,5194.095,56.862,672.901,4378.458,71.176,2.425,3350.378,1125.741,64.443,183.224,8.998,7.707,2023,Optimal,0.067627517,0.021334896,0.0444812064999999,0.932372483,0.9582215469508446,0.9555187935,0.9022510836552219,0.9324370158718628,1,Network Leaders
202,2023,HWBK,Hawthorn Bancshares Inc,1875.35,28.971,136.085,1570.844,157.699,30.16,1539.147,195.042,0.956,59.142,-4.011,14.107,2023,Optimal,0.085054735,0.0,0.0425273675,0.914945265,1.0,0.9574726325,0.9022510836552219,0.9324370158718628,1,Network Leaders
203,2023,HWC,Hancock Whitney Corp,35578.573,460.795,3803.661,29690.059,1516.764,42.915,23921.917,7738.968,392.602,1097.599,288.48,62.664,2023,Optimal,0.074654235,0.0,0.0373271175,0.925345765,1.0,0.9626728825,0.9022510836552219,0.9324370158718628,1,Network Leaders
204,2023,IBCP,Independent Bank Corp,5263.726,78.965,404.449,4622.879,134.378,4.176,3790.901,1050.159,59.067,156.329,50.676,5.801,2023,Optimal,0.03716905,0.018089474,0.027629262,0.96283095,0.9644638816882612,0.972370738,0.9022510836552219,0.9324370158718628,1,Network Leaders
205,2023,IBOC,International Bancshares Corp,15066.189,134.441,2447.774,11824.554,650.029,81.792,8058.961,5174.61,411.768,663.501,169.941,74.134,2023,Optimal,0.10673033,0.0,0.053365165,0.89326967,1.0,0.946634835,0.9022510836552219,0.9324370158718628,2,Transformation Specialists
206,2023,INBC,InBankshares Corp,1340.349,18.544,119.464,1157.458,55.793,1.314,902.141,285.213,8.811,43.66,5.343,2.53,2023,Optimal,0.058438555,0.11744212,0.0879403375,0.941561445,0.7898018735860789,0.9120596625,0.9022510836552219,0.9324370158718628,4,Funding-Rich Underperformers
207,2023,INBK,First Internet Bancorp,5167.572,45.322,362.795,4066.973,719.772,7.571,3840.22,730.358,8.417,74.904,26.125,10.354,2023,Optimal,0.11662361,0.11743447,0.11702904,0.88337639,0.7898141266395693,0.88297096,0.9022510836552219,0.9324370158718628,3,Network Laggards
208,2023,INDB,Independent Bank Corp,19347.373,222.135,2895.251,14865.547,1274.656,54.881,14278.07,2969.43,239.502,606.521,124.609,54.493,2023,Optimal,0.14766118,0.0,0.07383059,0.8523388199999999,1.0,0.92616941,0.9022510836552219,0.9324370158718628,2,Transformation Specialists
209,2023,IROQ,IF Bancorp Inc,848.976,12.712,71.753,735.314,30.287,1.294,594.596,204.426,4.66,21.997,4.069,0.148,2023,Optimal,0.053402505,0.0,0.0267012525,0.946597495,1.0,0.9732987475,0.9022510836552219,0.9324370158718628,1,Network Leaders
210,2023,ISBA,Isabella Bank Corp,2058.968,25.905,202.402,1723.695,116.136,0.973,1349.463,543.996,18.167,57.944,13.827,1.487,2023,Optimal,0.08247919,0.042166345,0.0623227675,0.91752081,0.9190794344831772,0.9376772325,0.9022510836552219,0.9324370158718628,4,Funding-Rich Underperformers
211,2023,ISTR,Investar Holding Corp,2815.155,37.143,226.768,2255.727,300.044,11.382,2210.619,396.987,16.678,74.52,6.538,10.238,2023,Optimal,0.12119517,0.066845591,0.0940203805,0.87880483,0.874685537318774,0.9059796195,0.9022510836552219,0.9324370158718628,3,Network Laggards
212,2023,JDVB,JD Bancshares Inc,1188.47,20.278,74.359,1027.938,80.59,14.74,685.618,373.093,6.581,44.117,3.528,12.134,2023,Optimal,0.056581081,0.087268765,0.071924923,0.943418919,0.8394715864020982,0.928075077,0.9022510836552219,0.9324370158718628,4,Funding-Rich Underperformers
213,2023,JFBC,Jeffersonville Bancorp,687.932,9.881,80.767,574.405,25.346,6.127,338.498,228.713,11.175,26.792,2.773,2.817,2023,Optimal,0.081241405,0.0,0.0406207025,0.918758595,1.0,0.9593792975,0.9022510836552219,0.9324370158718628,1,Network Leaders
214,2023,JPM,JPMorgan Chase & Co,3875393.0,46465.0,327878.0,2400688.0,661905.0,7247.0,1319721.0,771988.0,49552.0,89267.0,68837.0,7597.0,2023,Optimal,0.0,0.0,0.0,1.0,1.0,1.0,0.9022510836552219,0.9324370158718628,1,Network Leaders
215,2023,JUVF,Juniata Valley Financial Corp,870.555,10.809,40.137,749.045,73.136,0.178,525.394,270.988,6.596,22.692,5.321,4.952,2023,Optimal,0.0099683531,0.11722136,0.06359485655,0.9900316469,0.7901555337252054,0.93640514345,0.9022510836552219,0.9324370158718628,4,Funding-Rich Underperformers
216,2023,KEY,KeyCorp,188281.0,2660.0,14637.0,145587.0,23193.0,420.0,109083.0,47004.0,967.0,3913.0,2470.0,591.0,2023,Optimal,0.049319393,0.0,0.0246596965,0.950680607,1.0,0.9753403035,0.9022510836552219,0.9324370158718628,1,Network Leaders
217,2023,KFFB,Kentucky First Federal Bancorp,349.022,4.915,50.711,226.309,70.087,5.829,315.441,16.977,0.933,8.856,0.302,4.771,2023,Optimal,0.25168789,0.0,0.125843945,0.74831211,1.0,0.874156055,0.9022510836552219,0.9324370158718628,2,Transformation Specialists
218,2023,KISB,Kish Bancorp Inc,1542.776,22.198,92.765,1179.069,240.473,0.555,1232.862,202.355,13.5,43.627,11.371,0.56,2023,Optimal,0.16603385,0.01009808,0.088065965,0.83396615,0.9800057436006612,0.911934035,0.9022510836552219,0.9324370158718628,2,Transformation Specialists
219,2023,KRNY,Kearny Financial Corp,8064.815,75.589,869.284,5629.183,1524.033,92.244,5829.421,1445.928,40.811,175.865,2.751,55.583,2023,Optimal,0.21905219,0.0,0.109526095,0.78094781,1.0,0.890473905,0.9022510836552219,0.9324370158718628,2,Transformation Specialists
220,2023,KSBI,KS Bancorp Inc,613.596,9.48,40.478,545.038,23.248,0.859,476.679,99.024,6.209,20.255,3.219,0.892,2023,Optimal,0.019269042,0.084575411,0.0519222265,0.980730958,0.8440395934810658,0.9480777735,0.9022510836552219,0.9324370158718628,4,Funding-Rich Underperformers
221,2023,LARK,Landmark Bancorp Inc,1561.672,22.681,126.914,1316.251,99.027,4.26,948.227,464.447,12.236,43.292,13.23,3.319,2023,Optimal,0.080250912,0.096017201,0.0881340565,0.919749088,0.8247888793854796,0.9118659435,0.9022510836552219,0.9324370158718628,4,Funding-Rich Underperformers
222,2023,LCNB,LCNB Corp,2291.592,29.108,235.303,1824.389,216.779,0.43,1723.471,318.723,12.628,56.349,15.411,0.152,2023,Optimal,0.12727818,0.0,0.06363909,0.87272182,1.0,0.93636091,0.9022510836552219,0.9324370158718628,2,Transformation Specialists
223,2023,LFGP,Ledyard Financial Group Inc,856.115,16.501,56.02,660.157,134.555,1.446,418.766,352.197,3.165,17.235,14.127,1.295,2023,Optimal,0.15487696,0.074815772,0.114846366,0.84512304,0.8607840079220572,0.885153634,0.9022510836552219,0.9324370158718628,3,Network Laggards
224,2023,LKFN,Lakeland Financial Corp,6524.029,60.544,649.793,5720.525,54.695,17.187,4916.534,1203.066,93.767,197.035,49.858,16.096,2023,Optimal,0.017281544,0.0,0.008640772,0.982718456,1.0,0.991359228,0.9022510836552219,0.9324370158718628,1,Network Leaders
225,2023,LOB,Live Oak Bancshares Inc,11271.423,175.052,902.666,10275.019,26.534,73.392,8633.847,1132.96,73.898,345.305,111.733,141.444,2023,Optimal,0.0,0.0,0.0,1.0,1.0,1.0,0.9022510836552219,0.9324370158718628,1,Network Leaders
226,2023,LSBK,Lake Shore Bancorp Inc,725.118,11.254,86.273,590.924,35.967,3.0,562.291,62.735,4.82,24.358,2.635,3.381,2023,Optimal,0.10406378,0.11478561,0.1094246949999999,0.8959362200000001,0.7940669327441354,0.890575305,0.9022510836552219,0.9324370158718628,3,Network Laggards
227,2023,MBCN,Middlefield Banc Corp,1822.883,24.511,205.681,1426.602,175.428,7.932,1478.13,180.736,17.368,65.203,6.691,10.877,2023,Optimal,0.14518421,0.056999873,0.1010920415,0.85481579,0.8921478148559815,0.8989079584999999,0.9022510836552219,0.9324370158718628,3,Network Laggards
228,2023,MBIN,Merchants Bancorp,16952.516,108.181,1701.084,14061.46,975.378,26.683,10199.553,2366.482,279.234,448.071,114.668,82.015,2023,Optimal,0.016807684,0.2268762,0.121841942,0.983192316,0.6301563271013001,0.878158058,0.9022510836552219,0.9324370158718628,4,Funding-Rich Underperformers
229,2023,MBKL,MBT Bancshares Inc,591.223,9.044,39.506,493.508,54.798,0.555,408.822,142.288,5.265,20.507,3.467,2.177,2023,Optimal,0.076155566,0.10752241,0.091838988,0.923844434,0.8058325338987948,0.908161012,0.9022510836552219,0.9324370158718628,4,Funding-Rich Underperformers
230,2023,MBWM,Mercantile Bank Corp,5353.224,68.801,522.145,3900.918,839.951,7.728,4303.758,638.605,82.217,193.545,32.143,3.615,2023,Optimal,0.19816706,0.0,0.09908353,0.8018329399999999,1.0,0.90091647,0.9022510836552219,0.9324370158718628,2,Transformation Specialists
231,2023,MCB,Metropolitan Bank Holding Corp,7067.672,66.961,659.021,5737.292,613.635,0.024,5624.797,971.156,77.268,222.836,27.903,51.897,2023,Optimal,0.092791761,0.0,0.0463958805,0.907208239,1.0,0.9536041195,0.9022510836552219,0.9324370158718628,1,Network Leaders
232,2023,MCBK,Madison County Financial Inc,609.711,5.903,92.44,437.795,72.271,0.652,456.99,121.685,3.226,9.838,3.083,0.82,2023,Optimal,0.17360485,0.0,0.086802425,0.82639515,1.0,0.913197575,0.9022510836552219,0.9324370158718628,2,Transformation Specialists
233,2023,MCBS,Metrocity Bankshares Inc,3502.823,29.304,381.517,2730.936,333.651,24.492,3139.993,46.674,51.613,101.479,18.204,38.381,2023,Optimal,0.12895378,0.0,0.06447689,0.87104622,1.0,0.93552311,0.9022510836552219,0.9324370158718628,2,Transformation Specialists
234,2023,MCHB,Mechanics Bancorp,17501.795,200.992,2235.605,14298.143,832.701,40.106,10777.755,3902.539,201.914,563.212,74.226,56.047,2023,Optimal,0.093815861,0.082505213,0.088160537,0.906184139,0.8475661604042548,0.911839463,0.9022510836552219,0.9324370158718628,4,Funding-Rich Underperformers
235,2023,MFBP,M&F Bancorp Inc,453.258,8.665,125.202,320.944,1.323,0.885,269.082,117.058,5.695,19.14,5.855,0.805,2023,Optimal,0.20188975,0.0,0.100944875,0.79811025,1.0,0.899055125,0.9022510836552219,0.9324370158718628,2,Transformation Specialists
236,2023,MFGI,Merchants Financial Group Inc,2600.353,42.034,263.936,2174.409,145.367,9.328,2159.81,249.366,25.502,83.062,29.301,10.587,2023,Optimal,0.08533735,0.039035567,0.0621864585,0.91466265,0.9248619234224924,0.9378135415,0.9022510836552219,0.9324370158718628,4,Funding-Rich Underperformers
237,2023,MGYR,Magyar Bancorp Inc,907.292,11.134,104.79,755.453,32.459,3.59,697.4,98.246,7.709,27.734,2.682,5.412,2023,Optimal,0.088486632,0.10091771,0.094702171,0.911513368,0.8166662065959498,0.905297829,0.9022510836552219,0.9324370158718628,4,Funding-Rich Underperformers
238,2023,MNSB,MainStreet Bancshares Inc,2035.432,28.267,221.517,1686.127,94.544,0.021,1721.643,101.559,26.585,75.947,3.638,1.004,2023,Optimal,0.09460346,0.0,0.04730173,0.90539654,1.0,0.95269827,0.9022510836552219,0.9324370158718628,1,Network Leaders
239,2023,MOFG,MidWestOne Financial Group Inc,6427.54,76.34,524.378,5395.673,426.638,15.924,4126.947,1876.13,20.859,144.172,18.423,30.288,2023,Optimal,0.072658314,0.059526415,0.0660923645,0.927341686,0.8876358075508669,0.9339076355,0.9022510836552219,0.9324370158718628,4,Funding-Rich Underperformers
240,2023,MPB,Mid Penn Bancorp Inc,5290.792,59.345,542.35,4346.212,356.174,8.628,4252.792,639.889,37.397,146.973,20.008,14.509,2023,Optimal,0.09208124,0.03284912,0.0624651799999999,0.90791876,0.9363912514153084,0.93753482,0.9022510836552219,0.9324370158718628,1,Network Leaders
241,2023,MRBK,Meridian Corp,2246.193,47.377,158.022,1823.462,234.174,22.939,1895.806,191.993,13.243,68.942,31.965,35.466,2023,Optimal,0.11263768,0.014616039,0.0636268595,0.88736232,0.9711890243438188,0.9363731405,0.9022510836552219,0.9324370158718628,2,Transformation Specialists
242,2023,MSBC,Mission Bancorp/CA,1651.969,18.719,156.714,1436.767,45.278,0.058,1210.454,242.681,30.469,69.59,5.415,0.35,2023,Optimal,0.045969077,0.0,0.0229845385,0.954030923,1.0,0.9770154615,0.9022510836552219,0.9324370158718628,1,Network Leaders
243,2023,MSBI,Midland States Bancorp Inc,7866.868,93.438,791.853,6309.529,664.362,57.824,6131.079,963.817,75.46,236.017,66.59,67.701,2023,Optimal,0.11336293,0.033678884,0.073520907,0.88663707,0.934836854034062,0.926479093,0.9022510836552219,0.9324370158718628,2,Transformation Specialists
244,2023,MTB,M&T Bank Corp,208264.0,2997.0,26957.0,163274.0,14234.0,2479.81,131254.0,26897.0,2741.0,7115.0,2528.0,2205.0,2023,Optimal,0.037190561,0.0,0.0185952805,0.962809439,1.0,0.9814047195,0.9022510836552219,0.9324370158718628,1,Network Leaders
245,2023,MVBF,MVB Financial Corp,3313.882,63.371,289.342,2901.476,99.181,12.359,2317.594,386.361,31.232,123.283,19.715,9.092,2023,Optimal,0.041416874,0.12425957,0.082838222,0.958583126,0.7789486105953273,0.917161778,0.9022510836552219,0.9324370158718628,4,Funding-Rich Underperformers
246,2023,MYFW,First Western Financial Inc,2975.462,45.202,242.738,2529.039,188.951,12.349,2530.915,81.257,5.225,71.105,21.948,50.816,2023,Optimal,0.069803559,0.06402394,0.0669137495,0.930196441,0.8796569558387943,0.9330862505,0.9022510836552219,0.9324370158718628,4,Funding-Rich Underperformers
247,2023,NASB,NASB Financial Inc,2814.082,32.789,386.106,1794.43,604.984,26.525,2092.416,259.705,21.647,83.47,8.264,23.424,2023,Optimal,0.29961979,0.04253147,0.17107563,0.7003802100000001,0.9184073167594644,0.82892437,0.9022510836552219,0.9324370158718628,3,Network Laggards
248,2023,NBHC,National Bank Holdings Corp,9951.064,137.701,1212.807,8190.391,445.933,20.243,7698.758,1304.358,142.048,361.951,63.917,32.316,2023,Optimal,0.093803005,0.020915302,0.0573591534999999,0.906196995,0.959026371807678,0.9426408465,0.9022510836552219,0.9324370158718628,1,Network Leaders
249,2023,NBN,Northeast Bank,2869.938,35.721,296.663,1937.207,584.533,12.946,2520.36,84.818,44.187,118.796,5.258,15.683,2023,Optimal,0.25935101,0.0,0.129675505,0.74064899,1.0,0.870324495,0.9022510836552219,0.9324370158718628,2,Transformation Specialists
250,2023,NBTB,NBT Bancorp Inc,13309.04,194.25,1425.691,10968.994,665.613,21.161,9650.713,2419.577,118.782,378.219,142.178,37.874,2023,Optimal,0.093589647,0.020604094,0.0570968705,0.906410353,0.9596237284934896,0.9429031295,0.9022510836552219,0.9324370158718628,1,Network Leaders
251,2023,NECB,Northeast Community Bancorp Inc,1764.135,18.839,279.325,1400.036,69.196,1.456,1586.897,34.891,46.276,97.191,3.743,5.841,2023,Optimal,0.12856059,0.0,0.064280295,0.87143941,1.0,0.935719705,0.9022510836552219,0.9324370158718628,2,Transformation Specialists
252,2023,NEFB,Neffs Bancorp Inc,455.783,4.375,69.098,373.341,10.17,0.057,233.343,211.169,2.903,10.529,0.311,0.161,2023,Optimal,0.042004219,0.0,0.0210021095,0.957995781,1.0,0.9789978905,0.9022510836552219,0.9324370158718628,1,Network Leaders
253,2023,NFBK,Northfield Bancorp Inc,5598.396,46.496,699.445,3878.435,955.696,10.238,4203.654,855.626,37.669,124.667,11.896,11.433,2023,Optimal,0.21747817,0.041015385,0.1292467775,0.78252183,0.921201193390624,0.8707532225,0.9022510836552219,0.9324370158718628,3,Network Laggards
254,2023,NIC,Nicolet Bankshares Inc,8468.678,99.109,1039.007,7197.8,178.256,40.055,6353.942,860.133,61.516,241.516,35.972,27.892,2023,Optimal,0.059503019,0.0,0.0297515095,0.940496981,1.0,0.9702484905,0.9022510836552219,0.9324370158718628,1,Network Leaders
255,2023,NIDB,Northeast Indiana Bancorp Inc,498.684,6.416,46.42,401.072,47.25,2.989,375.993,91.211,4.26,14.574,3.206,6.941,2023,Optimal,0.1006239,0.090556507,0.0955902035,0.8993761,0.8339260617515164,0.9044097965,0.9022510836552219,0.9324370158718628,3,Network Laggards
256,2023,NKSH,National Bankshares Inc,1655.37,17.318,140.522,1503.972,1.127,3.509,856.646,619.865,15.691,37.283,9.359,2.629,2023,Optimal,0.0012382011,0.0,0.00061910055,0.9987617989,1.0,0.99938089945,0.9022510836552219,0.9324370158718628,1,Network Leaders
257,2023,NRIM,Northrim BanCorp Inc,2807.497,61.741,234.718,2485.055,33.077,6.43,1789.497,690.819,25.394,103.256,26.375,5.81,2023,Optimal,0.031351472,0.056800938,0.044076205,0.968648528,0.8925039977585636,0.955923795,0.9022510836552219,0.9324370158718628,4,Funding-Rich Underperformers
258,2023,NTRS,Northern Trust Corp,150783.1,2727.0,11897.9,116164.0,17928.9,45.9,47617.0,49298.8,1107.3,1982.0,4791.5,65.1,2023,Optimal,0.073933829,0.0,0.0369669145,0.926066171,1.0,0.9630330855,0.9022510836552219,0.9324370158718628,1,Network Leaders
259,2023,NWBI,Northwest Bancshares Inc,14419.105,195.691,1551.317,11979.902,707.381,82.393,11406.041,1888.344,134.957,435.683,113.823,97.186,2023,Optimal,0.083680023,0.0033173934,0.0434987082,0.916319977,0.9933871506228787,0.9565012918,0.9022510836552219,0.9324370158718628,1,Network Leaders
260,2023,NWFL,Norwood Financial Corp.,2201.079,23.565,181.07,1795.159,202.325,1.459,1603.618,413.577,16.759,62.067,8.124,7.719,2023,Optimal,0.10251296,0.08375029,0.093131625,0.89748704,0.8454435661558162,0.906868375,0.9022510836552219,0.9324370158718628,3,Network Laggards
261,2023,NWPP,New Peoples Bankshares Inc,826.313,14.256,64.811,716.467,40.038,3.674,638.111,89.805,7.184,28.019,9.949,3.691,2023,Optimal,0.051763789,0.14357194,0.0976678645,0.948236211,0.7489061510201099,0.9023321355,0.9022510836552219,0.9324370158718628,4,Funding-Rich Underperformers
262,2023,OBK,Origin Bancorp Inc,9722.584,138.819,1062.905,8251.125,329.038,14.679,7660.944,1327.244,83.8,299.557,58.335,34.044,2023,Optimal,0.066659738,0.0039235251,0.03529163155,0.933340262,0.9921836175726448,0.96470836845,0.9022510836552219,0.9324370158718628,1,Network Leaders
263,2023,OBT,Orange County Bancorp Inc,2485.468,32.186,165.376,2038.749,257.238,8.451,1747.062,504.473,29.478,88.391,13.419,4.427,2023,Optimal,0.09971681,0.064944808,0.082330809,0.90028319,0.8780315984225167,0.917669191,0.9022510836552219,0.9324370158718628,3,Network Laggards
264,2023,OCFC,OceanFirst Financial Corp.,13538.253,135.802,1661.945,10434.949,1138.258,23.265,10203.858,2107.556,104.029,369.731,33.624,29.548,2023,Optimal,0.13817219,0.00052366396,0.06934792698,0.86182781,0.998953220240834,0.93065207302,0.9022510836552219,0.9324370158718628,2,Transformation Specialists
265,2023,OFED,Oconee Federal Financial Corp,595.405,6.571,71.789,474.243,46.0,2.087,413.024,136.069,3.349,14.573,1.645,1.124,2023,Optimal,0.10242359,0.046590449,0.0745070195,0.89757641,0.9109671810123696,0.9254929805,0.9022510836552219,0.9324370158718628,3,Network Laggards
266,2023,OFG,OFG Bancorp,11344.453,155.827,1193.48,9762.169,224.799,115.702,7534.379,2686.757,181.872,560.87,128.381,100.021,2023,Optimal,0.05181753,0.0,0.025908765,0.94818247,1.0,0.974091235,0.9022510836552219,0.9324370158718628,1,Network Leaders
267,2023,ONB,Old National Bancorp,49089.836,546.364,5562.9,37235.18,5536.107,264.336,32822.227,10172.508,581.992,1503.153,333.342,284.255,2023,Optimal,0.15690315,0.0039787076,0.0804409287999999,0.84309685,0.9920741195607404,0.9195590712,0.9022510836552219,0.9324370158718628,2,Transformation Specialists
268,2023,OPBK,OP Bancorp,2147.73,29.593,192.665,1807.558,114.341,3.081,1765.845,210.526,23.918,68.687,14.181,8.082,2023,Optimal,0.079438765,0.069822368,0.0746305665,0.920561235,0.8694692313630892,0.9253694335,0.9022510836552219,0.9324370158718628,4,Funding-Rich Underperformers
269,2023,ORBN,Oregon Bancorp Inc,395.422,18.094,72.984,312.354,1.898,1.242,308.743,34.213,3.552,15.934,16.084,0.443,2023,Optimal,0.10832127,0.0,0.054160635,0.89167873,1.0,0.945839365,0.9022510836552219,0.9324370158718628,2,Transformation Specialists
270,2023,ORPB,Oregon Pacific Bancorp,760.987,12.593,56.382,660.45,38.085,0.052,536.662,179.948,9.232,26.9,7.127,0.443,2023,Optimal,0.048863165,0.0,0.0244315825,0.951136835,1.0,0.9755684175,0.9022510836552219,0.9324370158718628,1,Network Leaders
271,2023,ORRF,Orrstown Financial Services Inc,3064.24,50.983,265.056,2558.814,190.992,20.583,2298.313,525.511,35.663,104.906,25.652,25.527,2023,Optimal,0.086086068,0.045300407,0.0656932375,0.913913932,0.91332557282741,0.9343067625,0.9022510836552219,0.9324370158718628,4,Funding-Rich Underperformers
272,2023,OSBC,Old Second Bancorp Inc,5722.799,88.566,577.281,4570.746,516.625,35.33,4042.953,1226.184,91.729,251.931,34.179,73.902,2023,Optimal,0.12469715,0.026941909,0.0758195295,0.87530285,0.9475298285835172,0.9241804705,0.9022510836552219,0.9324370158718628,2,Transformation Specialists
273,2023,OTTW,Ottawa Bancorp Inc,363.918,4.728,41.64,281.086,32.45,2.3,316.553,18.781,1.669,9.415,1.301,4.8,2023,Optimal,0.11665291,0.0,0.058326455,0.88334709,1.0,0.941673545,0.9022510836552219,0.9324370158718628,2,Transformation Specialists
274,2023,OVBC,Ohio Valley Banc Corp.,1352.135,23.391,144.007,1127.136,54.298,3.771,971.9,175.281,12.631,46.027,12.629,2.511,2023,Optimal,0.091264577,0.089607205,0.0904358909999999,0.908735423,0.8355238390700619,0.909564109,0.9022510836552219,0.9324370158718628,4,Funding-Rich Underperformers
275,2023,OZK,Bank OZK,34237.457,258.846,5139.976,27405.143,1344.601,49.555,26459.075,3294.771,690.783,1439.485,122.549,128.397,2023,Optimal,0.055765274,0.0,0.027882637,0.944234726,1.0,0.972117363,0.9022510836552219,0.9324370158718628,1,Network Leaders
276,2023,PB,Prosperity Bancshares Inc,38547.877,328.43,7079.33,27179.809,4077.396,27.494,21174.804,12812.646,419.316,956.433,153.265,72.667,2023,Optimal,0.18832457,0.0,0.094162285,0.81167543,1.0,0.905837715,0.9022510836552219,0.9324370158718628,2,Transformation Specialists
277,2023,PBBK,PB Bankshares Inc,439.748,5.21,46.989,332.966,55.918,1.049,325.893,71.498,1.919,12.114,0.785,1.421,2023,Optimal,0.13580587,0.097421265,0.1166135675,0.86419413,0.8224542058604998,0.8833864325,0.9022510836552219,0.9324370158718628,3,Network Laggards
278,2023,PBCO,PBCO Financial Corp,763.353,14.786,77.588,629.781,49.756,2.939,516.697,155.64,0.979,27.5,-1.672,0.939,2023,Optimal,0.094656064,0.080146888,0.087401476,0.905343936,0.8516000205335036,0.912598524,0.9022510836552219,0.9324370158718628,4,Funding-Rich Underperformers
279,2023,PBHC,Pathfinder Bancorp Inc,1465.798,15.92,120.256,1120.067,211.605,9.236,897.207,449.956,9.293,38.919,5.19,17.378,2023,Optimal,0.16124216,0.075303078,0.118272619,0.83875784,0.8599407375638518,0.881727381,0.9022510836552219,0.9324370158718628,3,Network Laggards
280,2023,PCB,PCB Bancorp,2789.506,34.572,348.872,2351.612,59.137,7.36,2323.452,156.039,30.705,88.504,10.683,6.474,2023,Optimal,0.073716429,0.0,0.0368582145,0.926283571,1.0,0.9631417855,0.9022510836552219,0.9324370158718628,1,Network Leaders
281,2023,PDLB,Ponce Financial Group Inc,2750.722,30.699,491.395,1507.62,717.105,13.709,1922.04,601.027,3.352,65.266,10.223,12.726,2023,Optimal,0.39831478,0.0,0.19915739,0.60168522,1.0,0.80084261,0.9022510836552219,0.9324370158718628,2,Transformation Specialists
282,2023,PEBK,Peoples Bancorp of North Carolina Inc.,1635.91,26.64,121.016,1392.045,107.011,3.728,1093.066,394.798,15.546,54.719,22.914,3.887,2023,Optimal,0.071126013,0.1069166,0.0890213065,0.928873987,0.8068208571449738,0.9109786935,0.9022510836552219,0.9324370158718628,4,Funding-Rich Underperformers
283,2023,PEBO,Peoples Bancorp Inc,9157.382,144.031,1053.534,7152.297,829.442,45.21,6159.196,1795.4,113.363,339.374,87.413,39.367,2023,Optimal,0.14350525,0.063189071,0.1033471605,0.85649475,0.8811329560779504,0.8966528395,0.9022510836552219,0.9324370158718628,3,Network Laggards
284,2023,PFBC,Preferred Bank of Los Angeles,6659.276,51.314,695.105,5709.342,167.998,27.47,5262.419,350.013,150.04,289.374,7.113,45.435,2023,Optimal,0.014797467,0.0,0.0073987335,0.985202533,1.0,0.9926012665,0.9022510836552219,0.9324370158718628,1,Network Leaders
285,2023,PFIS,Peoples Financial Services Corp,3742.289,35.285,340.422,3279.037,86.55,4.134,2849.897,489.056,27.38,86.754,14.133,4.948,2023,Optimal,0.029044246,0.0358286,0.032436423,0.970955754,0.9308213733430414,0.967563577,0.9022510836552219,0.9324370158718628,4,Funding-Rich Underperformers
286,2023,PFLC,Pacific Financial Corp,1148.899,22.793,114.691,1009.292,15.97,0.899,684.553,295.362,14.605,49.2,6.172,0.664,2023,Optimal,0.043116956,0.030972577,0.0370447665,0.956883044,0.9399158082552956,0.9629552335,0.9022510836552219,0.9324370158718628,1,Network Leaders
287,2023,PFS,Provident Financial Services Inc,14210.81,148.497,1690.596,10329.352,2040.767,60.633,10873.701,2133.679,128.398,399.454,79.829,61.29,2023,Optimal,0.19172137,0.015748696,0.103735033,0.80827863,0.9689909599450768,0.896264967,0.9022510836552219,0.9324370158718628,2,Transformation Specialists
288,2023,PGC,Peapack-Gladstone Financial Corp,6476.857,100.524,583.681,5274.114,553.394,19.09,5429.325,702.582,48.854,156.089,73.578,61.324,2023,Optimal,0.1073833,0.009301032,0.058342166,0.8926167,0.9815693599726748,0.941657834,0.9022510836552219,0.9324370158718628,2,Transformation Specialists
289,2023,PKBK,Parke Bancorp Inc,2023.5,12.34,284.317,1552.827,170.566,17.826,1787.34,24.023,28.462,64.214,6.692,8.788,2023,Optimal,0.07859535,0.0,0.039297675,0.92140465,1.0,0.960702325,0.9022510836552219,0.9324370158718628,1,Network Leaders
290,2023,PLBC,Plumas Bancorp,1610.416,20.32,147.317,1333.655,116.055,1.19,961.471,496.786,29.776,69.794,10.722,5.315,2023,Optimal,0.094582976,0.06881395,0.081698463,0.905417024,0.8712330616568019,0.918301537,0.9022510836552219,0.9324370158718628,4,Funding-Rich Underperformers
291,2023,PNBK,Patriot National Bancorp Inc,1093.425,17.598,44.383,840.311,203.278,19.748,848.859,99.929,-4.179,28.5,6.005,21.311,2023,Optimal,0.1497741,0.079023843,0.1143989715,0.8502259,0.8535271606597853,0.8856010285,0.9022510836552219,0.9324370158718628,3,Network Laggards
292,2023,PNC,The PNC Financial Services Group Inc,561580.0,7428.0,51141.0,421418.0,74735.0,2019.0,314966.0,132569.0,5578.0,13916.0,7574.0,2216.0,2023,Optimal,0.0,0.0,0.0,1.0,1.0,1.0,0.9022510836552219,0.9324370158718628,1,Network Leaders
293,2023,PNFP,Pinnacle Financial Partners Inc,47959.883,531.828,6035.788,38539.81,3079.686,46.068,32676.091,7323.887,562.152,1262.118,433.253,86.635,2023,Optimal,0.10668761,0.0,0.053343805,0.89331239,1.0,0.946656195,0.9022510836552219,0.9324370158718628,2,Transformation Specialists
294,2023,PPBN,Pinnacle Bankshares Corp,1016.528,15.604,68.405,932.444,11.32,1.695,640.799,235.16,9.762,33.172,7.964,1.557,2023,Optimal,0.00038051697,0.15852784,0.079454178485,0.99961948303,0.7263288208939372,0.920545821515,0.9022510836552219,0.9324370158718628,4,Funding-Rich Underperformers
295,2023,PRK,Park National Corp,9836.453,181.501,1145.293,8042.566,533.934,102.465,7472.986,1429.144,126.734,373.113,92.634,62.101,2023,Optimal,0.10327423,0.0,0.051637115,0.89672577,1.0,0.948362885,0.9022510836552219,0.9324370158718628,2,Transformation Specialists
296,2023,PROV,Provident Financial Holdings Inc,1332.948,17.737,129.687,950.571,237.178,1.423,1083.575,165.997,8.592,36.985,4.075,1.3,2023,Optimal,0.22360277,0.016302745,0.1199527575,0.7763972299999999,0.967917542129634,0.8800472425,0.9022510836552219,0.9324370158718628,2,Transformation Specialists
297,2023,PSBQ,PSB Holdings Inc/WI,1424.1,18.648,109.287,1141.802,159.905,6.371,1090.777,258.952,9.569,38.692,6.72,5.94,2023,Optimal,0.12578765,0.066984582,0.096386116,0.87421235,0.8744413309619876,0.903613884,0.9022510836552219,0.9324370158718628,3,Network Laggards
298,2023,PVBC,Provident Bancorp Inc,1670.309,31.266,221.902,1331.222,108.868,33.434,1342.729,32.627,10.954,58.171,7.061,16.517,2023,Optimal,0.13023171,0.0,0.065115855,0.86976829,1.0,0.934884145,0.9022510836552219,0.9324370158718628,2,Transformation Specialists
299,2023,PVBK,Pacific Valley Bancorp,585.995,7.584,51.677,513.086,17.957,0.188,452.531,29.511,4.847,18.047,1.5,0.107,2023,Optimal,0.033008497,0.0,0.0165042485,0.966991503,1.0,0.9834957515,0.9022510836552219,0.9324370158718628,1,Network Leaders
300,2023,QCRH,QCR Holdings Inc,8538.894,136.619,886.596,6514.005,721.795,8.903,6540.822,1024.807,113.558,221.006,132.684,34.186,2023,Optimal,0.16353071,0.0,0.081765355,0.83646929,1.0,0.918234645,0.9022510836552219,0.9324370158718628,2,Transformation Specialists
301,2023,QNBC,QNB Corp,1706.318,19.026,90.824,1488.713,117.126,9.121,1093.533,498.822,9.483,40.155,4.837,1.94,2023,Optimal,0.022743343,0.0,0.0113716715,0.977256657,1.0,0.9886283285,0.9022510836552219,0.9324370158718628,1,Network Leaders
302,2023,QNTO,Quaint Oak Bancorp Inc,754.118,20.973,51.565,631.699,56.528,2.0,610.107,3.815,2.02,18.163,15.332,0.452,2023,Optimal,0.080335503,0.0,0.0401677515,0.919664497,1.0,0.9598322485,0.9022510836552219,0.9324370158718628,1,Network Leaders
303,2023,RBB,RBB Bancorp,4026.025,37.795,511.26,3174.76,315.276,24.1,3031.861,339.17,42.465,119.286,15.018,31.619,2023,Optimal,0.12631657,0.099148474,0.112732522,0.87368343,0.819590389569153,0.887267478,0.9022510836552219,0.9324370158718628,3,Network Laggards
304,2023,RBCAA,Republic Bancorp Inc,6594.891,115.869,912.756,5053.163,513.157,17.899,5239.861,691.644,90.374,288.778,71.457,21.988,2023,Optimal,0.16013968,0.0,0.08006984,0.83986032,1.0,0.91993016,0.9022510836552219,0.9324370158718628,2,Transformation Specialists
305,2023,RBKB,Rhinebeck Bancorp Inc,1313.202,19.459,113.685,1039.777,139.526,4.424,1016.975,198.499,4.395,37.965,5.78,4.206,2023,Optimal,0.13735367,0.071520008,0.104436839,0.86264633,0.8665073774338705,0.895563161,0.9022510836552219,0.9324370158718628,3,Network Laggards
306,2023,RF,Regions Financial Corp,152194.0,2416.0,17493.0,127788.0,2865.0,516.0,98379.0,30123.0,2074.0,5320.0,2256.0,823.0,2023,Optimal,0.0,0.0,0.0,1.0,1.0,1.0,0.9022510836552219,0.9324370158718628,1,Network Leaders
307,2023,RMBI,Richmond Mutual Bancorporation Inc,1461.024,17.439,134.86,1041.14,271.457,9.233,1105.736,300.285,9.487,37.662,4.611,8.135,2023,Optimal,0.22214527,0.036578435,0.1293618525,0.77785473,0.9294246652931768,0.8706381475,0.9022510836552219,0.9324370158718628,3,Network Laggards
308,2023,RNST,Renasant Corp,17360.535,281.768,2297.383,14076.785,788.107,58.639,12351.23,2144.743,144.678,519.327,113.075,78.992,2023,Optimal,0.10653467,0.084449089,0.0954918795,0.89346533,0.844254396344465,0.9045081205,0.9022510836552219,0.9324370158718628,3,Network Laggards
309,2023,RRBI,Red River Bancshares Inc,3128.81,37.241,303.851,2801.888,3.767,2.366,1992.858,716.532,34.879,86.438,21.114,2.602,2023,Optimal,0.014144504,0.0,0.007072252,0.985855496,1.0,0.992927748,0.9022510836552219,0.9324370158718628,1,Network Leaders
310,2023,RVSB,Riverview Bancorp Inc,1521.529,24.204,155.588,1231.679,117.476,1.852,1024.013,377.633,3.799,38.086,10.242,0.178,2023,Optimal,0.11700538,0.0,0.05850269,0.88299462,1.0,0.94149731,0.9022510836552219,0.9324370158718628,2,Transformation Specialists
311,2023,SBCF,Seacoast Banking Corp of Florida,14580.249,201.742,2108.086,11776.935,581.42,31.144,10062.94,2584.033,104.033,488.24,79.152,72.664,2023,Optimal,0.10979934,0.035245365,0.0725223525,0.89020066,0.9319091566278108,0.9274776475,0.9022510836552219,0.9324370158718628,3,Network Laggards
312,2023,SBFG,SB Financial Group Inc,1343.249,22.777,124.342,1070.205,126.939,5.113,1000.212,226.987,12.095,39.273,17.721,3.329,2023,Optimal,0.1317818,0.063208368,0.097495084,0.8682182,0.8810988139250613,0.902504916,0.9022510836552219,0.9324370158718628,3,Network Laggards
313,2023,SBKO,Summit Bank Group Inc,1078.37,17.532,95.655,916.943,58.641,0.644,922.241,59.357,8.921,46.474,0.508,2.308,2023,Optimal,0.074547895,0.05887075,0.0667093225,0.925452105,0.8888046534480246,0.9332906775,0.9022510836552219,0.9324370158718628,4,Funding-Rich Underperformers
314,2023,SBNC,Southern Bancshares NC Inc,4987.939,60.198,459.982,4137.764,368.119,2.716,3408.987,1632.448,148.388,118.1,169.492,7.488,2023,Optimal,0.08543825,0.0,0.042719125,0.91456175,1.0,0.957280875,0.9022510836552219,0.9324370158718628,1,Network Leaders
315,2023,SBSI,Southside Bancshares Inc,8284.914,85.625,773.288,6549.681,893.319,10.862,4524.51,2624.974,86.692,215.027,35.834,4.001,2023,Optimal,0.12243673,0.0,0.061218365,0.87756327,1.0,0.938781635,0.9022510836552219,0.9324370158718628,2,Transformation Specialists
316,2023,SFBC,Sound Financial Bancorp Inc,995.221,17.135,100.654,826.539,56.538,3.618,894.478,12.849,7.439,33.85,5.006,4.131,2023,Optimal,0.094751927,0.043165814,0.0689588704999999,0.905248073,0.9172407427070842,0.9310411295,0.9022510836552219,0.9324370158718628,4,Funding-Rich Underperformers
317,2023,SFBS,ServisFirst Bancshares Inc,16129.668,80.965,1440.405,13273.511,1348.894,18.089,11658.829,1893.073,206.853,410.937,30.417,22.528,2023,Optimal,0.0,0.069661833,0.0348309165,1.0,0.8697498015711662,0.9651690835,0.9022510836552219,0.9324370158718628,4,Funding-Rich Underperformers
318,2023,SFDL,Security Federal Corp,1549.671,20.313,172.362,1194.997,171.477,6.421,634.131,701.634,10.19,39.248,9.39,6.825,2023,Optimal,0.15876,0.099197933,0.1289789665,0.84124,0.8195085161245478,0.8710210334999999,0.9022510836552219,0.9324370158718628,3,Network Laggards
319,2023,SFIGA,Star Financial Group Inc,2998.676,45.025,189.914,2546.014,240.116,3.066,1639.546,1076.278,23.863,86.076,25.211,4.33,2023,Optimal,0.067298591,0.11326262,0.0902806055,0.932701409,0.796521291624792,0.9097193945,0.9022510836552219,0.9324370158718628,4,Funding-Rich Underperformers
320,2023,SFNC,Simmons First National Corp,27345.674,286.117,3426.488,22244.978,1475.264,62.472,16845.67,6878.441,175.057,650.126,155.566,90.271,2023,Optimal,0.091088582,0.050371464,0.070730023,0.908911418,0.9040882854753564,0.929269977,0.9022510836552219,0.9324370158718628,4,Funding-Rich Underperformers
321,2023,SFST,Southern First Bankshares Inc,4055.789,40.275,312.467,3379.564,335.966,2.627,3602.627,154.641,13.426,77.654,9.86,3.963,2023,Optimal,0.077603323,0.0,0.0388016615,0.922396677,1.0,0.9611983385,0.9022510836552219,0.9324370158718628,1,Network Leaders
322,2023,SHBI,Shore Bancshares Inc,6010.918,57.003,511.135,5386.12,85.154,3.946,4641.01,647.312,11.228,135.307,33.159,13.701,2023,Optimal,0.0,0.0,0.0,1.0,1.0,1.0,0.9022510836552219,0.9324370158718628,1,Network Leaders
323,2023,SLBK,Skyline Bankshares Inc,1045.843,16.704,82.882,928.742,29.483,4.288,817.704,130.727,9.7,35.598,6.97,1.731,2023,Optimal,0.033379853,0.013736234,0.0235580435,0.966620147,0.972899786869017,0.9764419565,0.9022510836552219,0.9324370158718628,1,Network Leaders
324,2023,SMBC,Southern Missouri Bancorp Inc,4360.211,46.896,446.058,3725.54,162.744,6.309,3618.898,438.155,39.237,126.745,26.204,11.29,2023,Optimal,0.055485834,0.003515576,0.029500705,0.944514166,0.9929934799537182,0.970499295,0.9022510836552219,0.9324370158718628,1,Network Leaders
325,2023,SMBK,SmartFinancial Inc,4829.387,65.749,459.886,4267.854,65.48,4.808,3444.462,703.308,28.593,130.08,22.325,9.735,2023,Optimal,0.028755339,0.060959114,0.0448572265,0.971244661,0.8850867800736004,0.9551427735,0.9022510836552219,0.9324370158718628,4,Funding-Rich Underperformers
326,2023,SNV,Synovus Financial Corp.,59809.534,728.378,5144.148,50739.185,2125.104,143.381,43404.49,9973.606,543.705,1816.655,404.01,288.177,2023,Optimal,0.057076362,0.0,0.028538181,0.942923638,1.0,0.971461819,0.9022510836552219,0.9324370158718628,1,Network Leaders
327,2023,SOMC,Southern Michigan Bancorp Inc,1414.795,20.586,97.83,1157.971,146.541,1.129,1036.417,231.34,10.905,39.98,7.738,0.889,2023,Optimal,0.10746105,0.089461741,0.0984613954999999,0.89253895,0.8357689166433977,0.9015386045,0.9022510836552219,0.9324370158718628,3,Network Laggards
328,2023,SOME,Somerset Trust Holding Co,2199.339,33.096,142.522,1787.34,254.415,10.66,1430.585,608.89,23.235,80.017,16.133,9.691,2023,Optimal,0.11105207,0.088933539,0.0999928045,0.88894793,0.8366593812847929,0.9000071955,0.9022510836552219,0.9324370158718628,3,Network Laggards
329,2023,SPFI,South Plains Financial Inc,4204.793,79.377,407.114,3626.153,119.798,7.959,3014.153,622.762,62.745,139.747,75.817,6.09,2023,Optimal,0.055317779,0.0,0.0276588895,0.944682221,1.0,0.9723411105,0.9022510836552219,0.9324370158718628,1,Network Leaders
330,2023,SRCE,1st Source Corp,8727.958,115.612,1068.263,7038.581,438.447,26.927,6518.505,1647.675,124.927,278.647,90.623,24.235,2023,Optimal,0.111236,0.0,0.055618,0.888764,1.0,0.944382,0.9022510836552219,0.9324370158718628,2,Transformation Specialists
331,2023,SSB,SouthState Bank Corp,44902.024,583.398,5533.098,37048.909,1089.373,109.742,32388.489,7460.308,494.308,1452.608,286.906,184.124,2023,Optimal,0.08403135,0.0,0.042015675,0.91596865,1.0,0.957984325,0.9022510836552219,0.9324370158718628,1,Network Leaders
332,2023,SSBI,Summit State Bank,1122.508,15.399,97.678,1009.693,6.914,3.756,953.847,90.087,10.822,35.462,5.201,44.206,2023,Optimal,0.020227743,0.0,0.0101138715,0.979772257,1.0,0.9898861285,0.9022510836552219,0.9324370158718628,1,Network Leaders
333,2023,STBA,S&T Bancorp Inc,9551.526,111.462,1283.445,7521.769,552.341,22.117,7653.341,995.473,144.781,349.41,57.62,23.022,2023,Optimal,0.12837946,0.0,0.06418973,0.87162054,1.0,0.93581027,0.9022510836552219,0.9324370158718628,2,Transformation Specialists
334,2023,STD2,Santander Holdings USA Inc,164972.575,2065.108,17500.909,77073.176,60946.237,2575.951,93047.209,17432.519,932.902,5875.348,3464.849,3175.729,2023,Optimal,0.46684482,0.0,0.23342241,0.5331551800000001,1.0,0.76657759,0.9022510836552219,0.9324370158718628,2,Transformation Specialists
335,2023,STEL,Stellar Bancorp Inc,10647.139,157.034,1521.018,8873.467,180.424,45.048,7925.133,1420.731,130.497,436.759,24.562,39.191,2023,Optimal,0.084317965,0.0,0.0421589825,0.915682035,1.0,0.9578410175,0.9022510836552219,0.9324370158718628,1,Network Leaders
336,2023,SYBT,Stock Yards Bancorp Inc,8170.102,110.327,858.103,6670.748,415.07,15.811,5771.038,1487.252,107.748,247.332,92.22,19.178,2023,Optimal,0.10095158,0.046213965,0.0735827725,0.89904842,0.911654849684596,0.9264172275,0.9022510836552219,0.9324370158718628,3,Network Laggards
337,2023,TBBK,Bancorp Inc (The),7705.695,121.055,807.281,6680.91,147.863,39.341,5361.139,763.125,192.296,354.052,112.094,30.218,2023,Optimal,0.04930658,0.0,0.02465329,0.95069342,1.0,0.97534671,0.9022510836552219,0.9324370158718628,1,Network Leaders
338,2023,TCBI,Texas Capital Bancshares Inc,28356.266,459.7,3199.142,22371.839,2470.22,48.338,20340.558,4143.194,189.141,914.123,161.419,81.398,2023,Optimal,0.12677407,0.052305252,0.0895396609999999,0.87322593,0.9005892027991133,0.910460339,0.9022510836552219,0.9324370158718628,3,Network Laggards
339,2023,TCBK,TriCo Bancshares,9910.089,135.795,1159.682,7834.038,761.942,24.76,6794.47,2305.882,117.39,356.677,61.4,34.595,2023,Optimal,0.12947464,0.016436768,0.072955704,0.87052536,0.967658060948854,0.927044296,0.9022510836552219,0.9324370158718628,2,Transformation Specialists
340,2023,TCBS,Texas Community Bancshares Inc,452.044,7.069,53.689,317.241,77.251,1.182,282.992,123.256,-0.733,11.064,0.352,1.342,2023,Optimal,0.20848206,0.071061842,0.139771951,0.79151794,0.8673058095930188,0.860228049,0.9022510836552219,0.9324370158718628,3,Network Laggards
341,2023,TCBX,Third Coast Bancshares Inc,4396.074,62.217,411.974,3803.148,141.708,12.261,3638.788,194.128,33.401,139.525,8.205,17.319,2023,Optimal,0.050588341,0.062164718,0.0563765295,0.949411659,0.8829471230845384,0.9436234705,0.9022510836552219,0.9324370158718628,4,Funding-Rich Underperformers
342,2023,TECTP,Tectonic Financial Inc,677.346,31.288,106.857,526.891,35.548,2.804,501.095,51.347,15.22,27.361,39.804,2.57,2023,Optimal,0.14168831,0.0,0.070844155,0.85831169,1.0,0.929155845,0.9022510836552219,0.9324370158718628,2,Transformation Specialists
343,2023,TFC,Truist Financial Corp,535349.0,8654.0,59253.0,395865.0,65154.0,1250.0,312061.0,123031.0,-1091.0,14600.0,8790.0,1488.0,2023,Optimal,0.049866898,0.0,0.024933449,0.950133102,1.0,0.975066551,0.9022510836552219,0.9324370158718628,1,Network Leaders
344,2023,TFIN,Triumph Financial Inc,5347.334,210.607,864.4,3977.478,437.729,54.581,4163.1,321.387,41.081,368.079,50.173,75.781,2023,Optimal,0.18503626,0.0,0.09251813,0.81496374,1.0,0.90748187,0.9022510836552219,0.9324370158718628,2,Transformation Specialists
345,2023,TFSL,TFS Financial Corp,16917.979,112.785,1927.361,9449.82,5291.846,36.797,15243.062,755.422,75.25,283.567,21.429,33.358,2023,Optimal,0.34307078,0.0,0.17153539,0.65692922,1.0,0.8284646099999999,0.9022510836552219,0.9324370158718628,2,Transformation Specialists
346,2023,THFF,First Financial Corp,4851.146,68.525,527.976,4090.068,181.254,16.726,3167.821,1274.501,60.672,167.262,42.702,27.665,2023,Optimal,0.074455421,0.032631643,0.053543532,0.925544579,0.9367990643687838,0.946456468,0.9022510836552219,0.9324370158718628,1,Network Leaders
347,2023,TMP,Tompkins Financial Corp,7819.749,124.703,669.934,6399.847,682.171,32.996,5605.935,1763.557,9.505,209.514,10.241,62.397,2023,Optimal,0.10263128,0.038023863,0.0703275715,0.89736872,0.92673797904779,0.9296724285,0.9022510836552219,0.9324370158718628,3,Network Laggards
348,2023,TOWN,TowneBank,16835.039,270.158,2055.878,13893.206,575.335,6.833,11329.021,2642.014,153.715,457.78,236.342,7.751,2023,Optimal,0.090806117,0.0,0.0454030585,0.909193883,1.0,0.9545969415,0.9022510836552219,0.9324370158718628,1,Network Leaders
349,2023,TRCY,Tri City Bankshares Corp,2078.743,30.606,143.512,1768.372,162.134,8.118,1173.61,612.419,6.458,53.28,14.925,6.604,2023,Optimal,0.069511069,0.17058658,0.1200488244999999,0.930488931,0.7085451295708517,0.8799511755,0.9022510836552219,0.9324370158718628,4,Funding-Rich Underperformers
350,2023,TRMK,Trustmark Corp,18722.189,304.665,1661.847,15569.763,1115.897,67.958,12950.524,3189.157,165.489,552.878,206.958,106.875,2023,Optimal,0.082588068,0.080803002,0.081695535,0.917411932,0.8504759852619285,0.918304465,0.9022510836552219,0.9324370158718628,4,Funding-Rich Underperformers
351,2023,TRST,TrustCo Bank Corp NY,6168.191,51.242,645.285,5350.777,133.461,19.554,5002.879,464.95,58.646,171.845,18.315,17.86,2023,Optimal,0.013804838,0.006298791,0.0100518144999999,0.986195162,0.9874812708584482,0.9899481855,0.9022510836552219,0.9324370158718628,1,Network Leaders
352,2023,TSBK,Timberland Bancorp Inc,1839.905,23.562,233.073,1560.935,36.867,2.165,1318.122,319.402,27.118,68.359,11.14,1.596,2023,Optimal,0.071387994,0.01462949,0.0430087419999999,0.928612006,0.9711628921804748,0.956991258,0.9022510836552219,0.9324370158718628,1,Network Leaders
353,2023,UBAB,United Bancorporation of Alabama Inc,1389.987,19.236,248.636,1089.853,40.792,7.063,811.948,272.97,31.541,58.759,21.044,2.959,2023,Optimal,0.1454574,0.0,0.0727287,0.8545426,1.0,0.9272713,0.9022510836552219,0.9324370158718628,2,Transformation Specialists
354,2023,UBCP,United Bancorp Inc,819.449,10.272,63.593,621.459,128.332,3.701,483.236,246.739,8.95,25.835,4.054,4.018,2023,Optimal,0.16628469,0.14376795,0.15502632,0.83371531,0.7486064371711063,0.8449736800000001,0.9022510836552219,0.9324370158718628,3,Network Laggards
355,2023,UBFO,United Security Bancshares,1211.045,13.157,122.542,1004.477,74.65,19.519,920.042,184.62,19.796,49.321,5.569,16.456,2023,Optimal,0.087422572,0.0,0.043711286,0.912577428,1.0,0.956288714,0.9022510836552219,0.9324370158718628,1,Network Leaders
356,2023,UBOH,United Bancshares Inc/OH,1071.498,15.76,93.924,952.845,19.104,1.737,708.828,253.588,8.606,33.107,7.375,1.421,2023,Optimal,0.031828742,0.092319633,0.0620741875,0.968171258,0.8309659000700209,0.9379258125,0.9022510836552219,0.9324370158718628,4,Funding-Rich Underperformers
357,2023,UBSI,United Bankshares Inc,29926.482,279.177,4771.24,22819.319,2078.083,60.69,21359.084,4125.754,366.313,919.924,135.258,48.113,2023,Optimal,0.13349448,0.0,0.06674724,0.86650552,1.0,0.93325276,0.9022510836552219,0.9324370158718628,2,Transformation Specialists
358,2023,UCB,United Community Banks Inc,27297.251,318.464,3261.525,23310.611,368.969,44.281,18318.755,5821.932,187.544,817.765,75.483,92.877,2023,Optimal,0.052534016,0.0,0.026267008,0.947465984,1.0,0.973732992,0.9022510836552219,0.9324370158718628,1,Network Leaders
359,2023,UMBF,UMB Financial Corp,44011.674,553.421,3100.419,35792.859,4361.821,19.337,23170.768,13250.158,350.024,920.116,541.853,14.95,2023,Optimal,0.097327274,0.0,0.048663637,0.902672726,1.0,0.951336363,0.9022510836552219,0.9324370158718628,1,Network Leaders
360,2023,UNB,Union Bankshares Inc,1468.879,19.612,65.807,1305.603,84.54,2.397,1030.022,265.883,11.257,37.843,9.904,2.02,2023,Optimal,0.0,0.14658761,0.073293805,1.0,0.7443063073043323,0.926706195,0.9022510836552219,0.9324370158718628,4,Funding-Rich Underperformers
361,2023,UNTY,Unity Bancorp Inc,2578.507,29.051,261.43,1924.14,372.085,9.065,2153.821,154.124,39.707,94.997,8.142,19.186,2023,Optimal,0.17932316,0.070806372,0.125064766,0.82067684,0.8677513062090743,0.8749352340000001,0.9022510836552219,0.9324370158718628,3,Network Laggards
362,2023,USB,U.S. Bancorp,663491.0,10416.0,55771.0,512312.0,68165.0,1016.0,365495.0,153751.0,5429.0,17396.0,10617.0,1494.0,2023,Optimal,0.0,0.0,0.0,1.0,1.0,1.0,0.9022510836552219,0.9324370158718628,1,Network Leaders
363,2023,UVSP,Univest Financial Corp,7780.628,120.188,839.208,6375.781,499.918,33.535,6567.214,541.122,71.104,219.997,76.824,40.093,2023,Optimal,0.10151493,0.014604801,0.0580598655,0.89848507,0.971210857694335,0.9419401345,0.9022510836552219,0.9324370158718628,2,Transformation Specialists
364,2023,UWHR,Uwharrie Capital Corp,1072.591,19.306,49.441,981.713,32.088,0.399,592.071,367.232,8.031,32.696,9.468,1.242,2023,Optimal,0.0,0.1362111,0.06810555,1.0,0.7602362800363419,0.93189445,0.9022510836552219,0.9324370158718628,4,Funding-Rich Underperformers
365,2023,VABK,Virginia National Bankshares Corp,1646.017,15.9,153.04,1409.098,79.925,1.378,1092.665,428.98,19.263,48.969,9.101,2.732,2023,Optimal,0.054082587,0.075273993,0.06467829,0.945917413,0.8599910469516955,0.93532171,0.9022510836552219,0.9324370158718628,4,Funding-Rich Underperformers
366,2023,VBTX,Veritex Holdings Inc,12394.337,122.07,1531.323,10338.195,350.288,43.667,9584.34,1332.262,108.261,399.114,19.105,95.823,2023,Optimal,0.064936581,0.027852423,0.046394502,0.935063419,0.9458046264682494,0.953605498,0.9022510836552219,0.9324370158718628,1,Network Leaders
367,2023,VLY,Valley National Bancorp,60934.974,563.591,6701.391,49242.829,3707.098,271.984,50210.295,5100.248,498.511,1665.478,225.729,293.386,2023,Optimal,0.067187929,0.0,0.0335939645,0.932812071,1.0,0.9664060355,0.9022510836552219,0.9324370158718628,1,Network Leaders
368,2023,WABC,Westamerica Bancorporation,6364.592,47.871,772.894,5474.267,76.976,0.774,866.602,4892.424,161.768,280.123,43.522,0.791,2023,Optimal,0.0093558178,0.0,0.0046779089,0.9906441822,1.0,0.9953220911,0.9022510836552219,0.9324370158718628,1,Network Leaders
369,2023,WAFD,WaFd Inc,22474.675,196.534,2426.426,16070.329,3673.422,44.554,17653.757,2545.503,257.426,690.234,52.377,57.924,2023,Optimal,0.18195898,0.006933864,0.094446422,0.81804102,0.9862277667920404,0.905553578,0.9022510836552219,0.9324370158718628,2,Transformation Specialists
370,2023,WAL,Western Alliance Bancorporation,70862.0,566.3,6078.0,55333.0,8304.0,98.0,50297.0,12993.0,722.4,2338.9,280.7,418.0,2023,Optimal,0.066230982,0.0,0.033115491,0.933769018,1.0,0.966884509,0.9022510836552219,0.9324370158718628,1,Network Leaders
371,2023,WASH,Washington Trust Bancorp Inc,7202.847,82.458,472.686,5348.16,1244.708,12.846,5647.706,1052.273,48.176,137.098,56.14,45.301,2023,Optimal,0.17889262,0.060889298,0.119890959,0.8211073799999999,0.8852108356361231,0.880109041,0.9022510836552219,0.9324370158718628,3,Network Laggards
372,2023,WBS,Webster Financial Corp,74945.249,684.382,8689.996,60784.284,4089.664,206.136,50726.052,16361.199,867.84,2337.269,314.337,218.6,2023,Optimal,0.056157182,0.0,0.028078591,0.943842818,1.0,0.971921409,0.9022510836552219,0.9324370158718628,1,Network Leaders
373,2023,WCCB,West Coast Community Bancorp,1794.362,19.699,230.036,1515.09,36.924,3.153,1377.597,279.048,35.15,82.764,3.572,9.525,2023,Optimal,0.072680448,0.0091621616,0.0409213047999999,0.927319552,0.9818420429369376,0.9590786952,0.9022510836552219,0.9324370158718628,1,Network Leaders
374,2023,WCFB,WCF Bancorp Inc,196.168,3.437,22.609,142.629,29.1,0.547,146.896,25.094,-0.163,4.754,0.647,0.184,2023,Optimal,0.12527634,0.0,0.06263817,0.87472366,1.0,0.93736183,0.9022510836552219,0.9324370158718628,2,Transformation Specialists
375,2023,WFC,Wells Fargo & Co,1932468.0,35829.0,187443.0,1358173.0,301207.0,5763.0,920259.0,421795.0,19142.0,52375.0,30222.0,8443.0,2023,Optimal,0.0,4.424081e-16,2.2120405e-16,1.0,0.9999999999999992,0.9999999999999998,0.9022510836552219,0.9324370158718628,1,Network Leaders
376,2023,WNEB,Western New England Bancorp Inc,2564.571,32.214,237.409,2143.744,164.929,5.694,2027.317,364.388,15.068,67.909,10.897,6.421,2023,Optimal,0.082365021,0.048262596,0.0653138085,0.917634979,0.9079188818065964,0.9346861915,0.9022510836552219,0.9324370158718628,4,Funding-Rich Underperformers
377,2023,WSBC,WesBanco Inc,17712.374,223.839,2533.062,13168.704,1810.231,42.901,11638.461,3405.984,159.032,481.338,120.447,28.305,2023,Optimal,0.17789529,0.0055229774,0.0917091337,0.82210471,0.9890147166715556,0.9082908663,0.9022510836552219,0.9324370158718628,2,Transformation Specialists
378,2023,WSBF,Waterstone Financial Inc,2213.389,84.096,344.056,1190.624,611.054,4.452,1664.215,225.787,9.375,50.215,81.185,5.062,2023,Optimal,0.4133742,0.0,0.2066871,0.5866258,1.0,0.7933129,0.9022510836552219,0.9324370158718628,2,Transformation Specialists
379,2023,WSFS,WSFS Financial Corp,20594.672,289.193,2469.815,16474.086,1046.672,43.372,12769.336,4937.926,269.156,725.103,289.871,75.754,2023,Optimal,0.11703217,0.012585986,0.064809078,0.88296783,0.9751409042313172,0.935190922,0.9022510836552219,0.9324370158718628,2,Transformation Specialists
380,2023,WTBA,West Bancorporation Inc,3825.758,27.06,225.043,2973.779,596.039,0.322,2927.535,646.876,24.137,69.031,10.066,0.296,2023,Optimal,0.051727253,0.0,0.0258636265,0.948272747,1.0,0.9741363735,0.9022510836552219,0.9324370158718628,1,Network Leaders
381,2023,WTBFA,W T B Financial Corp,11445.591,154.457,897.443,8118.301,2265.563,3.062,6505.401,3594.355,55.851,285.093,57.241,31.404,2023,Optimal,0.21840191,0.0,0.109200955,0.78159809,1.0,0.890799045,0.9022510836552219,0.9324370158718628,2,Transformation Specialists
382,2023,WTFC,Wintrust Financial Corp.,56259.934,746.413,5399.526,45397.17,3829.639,110.597,42131.831,7704.102,622.626,1837.864,434.106,152.339,2023,Optimal,0.10347261,0.0030927438,0.0532826769,0.89652739,0.9938335835462556,0.9467173231,0.9022510836552219,0.9324370158718628,2,Transformation Specialists
383,2023,ZION,Zions Bancorporation National Association,87203.0,1275.0,5691.0,74961.0,5119.0,149.0,57396.0,20850.0,680.0,2438.0,677.0,228.0,2023,Optimal,0.0,0.0,0.0,1.0,1.0,1.0,0.9022510836552219,0.9324370158718628,1,Network Leaders
1,2024,ABBB,Auburn Bancorp Inc,102.466,1.642,6.216,75.015,21.025,0.266,82.145,14.717,0.001,2.5,0.438,0.106,2024,Optimal,0.0,0.0,0.0,1.0,1.0,1.0,0.9087669253373368,0.9363900117657884,1,Network Leaders
2,2024,ABCB,Ameris Bancorp,26262.05,347.641,3751.522,21722.448,477.5,174.321,20739.906,1902.235,358.685,849.19,293.257,122.393,2024,Optimal,0.077988987,0.0,0.0389944935,0.922011013,1.0,0.9610055065,0.9087669253373368,0.9363900117657884,1,Network Leaders
3,2024,ACNB,ACNB Corp,2394.83,42.929,303.273,1792.501,273.923,4.64,1682.91,470.325,31.846,83.611,24.73,7.25,2024,Optimal,0.1960978,0.022704177,0.1094009884999999,0.8039022,0.9555997178644552,0.8905990115,0.9087669253373368,0.9363900117657884,2,Transformation Specialists
4,2024,AFBI,Affinity Bancshares Inc,866.817,13.126,129.115,673.481,60.398,10.276,714.115,69.976,5.441,29.166,2.015,4.8,2024,Optimal,0.16856536,0.0,0.08428268,0.83143464,1.0,0.91571732,0.9087669253373368,0.9363900117657884,2,Transformation Specialists
5,2024,ALPIB,Alpine Banks of Colorado,6524.992,93.718,506.859,5821.606,147.356,25.379,4056.46,1858.748,49.681,185.244,50.969,4.845,2024,Optimal,0.022069055,0.0,0.0110345275,0.977930945,1.0,0.9889654725,0.9087669253373368,0.9363900117657884,1,Network Leaders
6,2024,ALRS,Alerus Financial Corp,5261.673,110.278,495.41,4378.41,317.02,8.767,3992.534,884.813,17.78,107.045,114.93,62.886,2024,Optimal,0.090867761,0.0,0.0454338805,0.909132239,1.0,0.9545661195,0.9087669253373368,0.9363900117657884,1,Network Leaders
7,2024,AMAL,Amalgamated Financial Corp,8256.892,93.766,707.654,7180.605,334.143,34.203,4672.924,3239.438,106.434,282.43,33.215,25.87,2024,Optimal,0.029891659,0.0,0.0149458295,0.970108341,1.0,0.9850541705,0.9087669253373368,0.9363900117657884,1,Network Leaders
8,2024,AMBK,American Bank Inc,986.667,7.41,96.037,793.38,80.358,3.164,805.929,66.449,9.016,23.34,2.398,3.448,2024,Optimal,0.050466143,0.098506798,0.0744864705,0.949533857,0.8206532755566979,0.9255135295,0.9087669253373368,0.9363900117657884,4,Funding-Rich Underperformers
9,2024,AMFC,AMB Financial Corp.,372.765,4.861,30.724,336.053,3.093,2.155,285.359,17.861,2.458,10.218,1.871,2.336,2024,Optimal,0.0,0.0,0.0,1.0,1.0,1.0,0.9087669253373368,0.9363900117657884,1,Network Leaders
10,2024,AMTB,Amerant Bancorp Inc,9901.734,137.082,890.467,7854.595,1004.716,54.581,7228.411,1497.925,-15.752,325.957,9.909,122.175,2024,Optimal,0.127498,0.072548448,0.100023224,0.872502,0.8647176299862586,0.899976776,0.9087669253373368,0.9363900117657884,3,Network Laggards
11,2024,ARBV,American Riviera Bancorp,1279.312,19.997,111.383,1113.338,47.403,0.595,989.941,226.261,8.742,41.221,4.123,6.098,2024,Optimal,0.077324764,0.0,0.038662382,0.922675236,1.0,0.961337618,0.9087669253373368,0.9363900117657884,1,Network Leaders
12,2024,AROW,Arrow Financial Corp,4306.348,52.707,400.901,3827.93,38.447,21.463,3394.541,570.78,29.709,111.732,28.074,21.497,2024,Optimal,0.021976985,0.03421951,0.0280982475,0.978023015,0.9338254409839938,0.9719017525,0.9087669253373368,0.9363900117657884,4,Funding-Rich Underperformers
13,2024,ASB,Associated Banc-Corp,43023.068,487.956,4605.562,34648.434,3197.407,160.421,29768.586,8523.029,123.145,1047.248,-9.407,144.164,2024,Optimal,0.094795713,0.0,0.0473978565,0.905204287,1.0,0.9526021435,0.9087669253373368,0.9363900117657884,2,Transformation Specialists
14,2024,ASRV,AmeriServ Financial Inc,1422.362,28.387,107.248,1200.995,101.687,12.393,1067.949,226.341,3.601,36.048,17.975,12.657,2024,Optimal,0.10614527,0.10430139,0.10522333,0.89385473,0.8110997759406967,0.8947766699999999,0.9087669253373368,0.9363900117657884,3,Network Laggards
15,2024,ATLO,Ames National Corp,2133.18,25.145,174.706,1846.682,99.364,13.919,1320.975,652.396,10.218,44.976,9.837,15.508,2024,Optimal,0.056905795,0.075058841,0.065982318,0.943094205,0.8603632877802639,0.934017682,0.9087669253373368,0.9363900117657884,4,Funding-Rich Underperformers
16,2024,AUB,Atlantic Union Bankshares Corp,24585.323,271.164,3142.879,20397.619,619.989,36.889,18470.621,3348.971,209.131,698.539,118.878,58.373,2024,Optimal,0.066744634,0.0,0.033372317,0.933255366,1.0,0.966627683,0.9087669253373368,0.9363900117657884,1,Network Leaders
17,2024,AUBN,Auburn National Bancorporation Inc,977.324,12.534,78.292,895.824,0.231,0.911,564.017,243.012,6.397,27.125,3.474,0.503,2024,Optimal,0.012070999,0.0,0.0060354995,0.987929001,1.0,0.9939645005,0.9087669253373368,0.9363900117657884,1,Network Leaders
18,2024,AVBH,Avidbank Holdings Inc,2304.488,32.499,186.362,1891.355,214.686,1.378,1864.942,304.965,21.015,75.222,6.01,1.347,2024,Optimal,0.11230929,0.0074884844,0.0598988872,0.88769071,0.9851343523703704,0.9401011128,0.9087669253373368,0.9363900117657884,2,Transformation Specialists
19,2024,AX,Axos Financial Inc.,22855.334,250.873,2290.596,19359.217,481.602,95.259,19491.927,163.568,450.008,961.429,222.66,115.809,2024,Optimal,0.046918941,0.0,0.0234594705,0.953081059,1.0,0.9765405295,0.9087669253373368,0.9363900117657884,1,Network Leaders
20,2024,BAC,Bank of America Corp,3261519.0,40182.0,295559.0,1965467.0,667563.0,5630.0,1080127.0,917284.0,27132.0,56060.0,45827.0,6120.0,2024,Optimal,0.0,0.0,0.0,1.0,1.0,1.0,0.9087669253373368,0.9363900117657884,1,Network Leaders
21,2024,BANC,Banc of California Inc,33542.864,341.396,3499.949,27191.909,2458.092,81.671,23781.663,4700.761,126.888,926.05,77.145,199.339,2024,Optimal,0.078940517,0.0075386174,0.0432395672,0.921059483,0.9850355762651484,0.9567604328,0.9087669253373368,0.9363900117657884,1,Network Leaders
22,2024,BANF,BancFirst Corp,13554.314,211.998,1621.187,11718.546,94.182,68.315,8025.11,1224.768,216.354,446.874,184.575,99.388,2024,Optimal,0.048493891,0.0,0.0242469455,0.951506109,1.0,0.9757530545,0.9087669253373368,0.9363900117657884,1,Network Leaders
23,2024,BANR,Banner Corp,16200.037,250.555,1774.326,13514.398,606.484,30.128,11354.656,3128.526,168.898,541.716,66.888,39.623,2024,Optimal,0.078540974,0.022352079,0.0504465265,0.921459026,0.956273226300154,0.9495534735,0.9087669253373368,0.9363900117657884,1,Network Leaders
24,2024,BCAL,California BanCorp,4031.654,48.545,511.836,3398.76,88.035,13.004,3139.165,226.11,5.433,122.984,4.76,30.619,2024,Optimal,0.073304472,0.089885771,0.0815951215,0.926695528,0.835054694002423,0.9184048785,0.9087669253373368,0.9363900117657884,4,Funding-Rich Underperformers
25,2024,BCBP,BCB Bancorp Inc,3599.118,28.229,323.925,2750.858,511.461,18.783,3031.048,135.461,18.623,92.021,2.94,44.708,2024,Optimal,0.13491878,0.030697626,0.082808203,0.86508122,0.9404333041512216,0.917191797,0.9087669253373368,0.9363900117657884,2,Transformation Specialists
26,2024,BCML,BayCom Corp,2664.508,38.906,324.366,2234.009,86.764,12.977,1952.896,227.406,23.614,91.141,6.377,9.467,2024,Optimal,0.091722007,0.15623403,0.1239780185,0.908277993,0.7297536208997412,0.8760219815,0.9087669253373368,0.9363900117657884,3,Network Laggards
27,2024,BCTF,Bancorp 34 Inc,918.095,12.939,86.515,792.567,31.971,5.244,676.092,90.3,1.689,29.298,5.558,4.703,2024,Optimal,0.074063672,0.18578658,0.129925126,0.925936328,0.6866441514290033,0.8700748739999999,0.9087669253373368,0.9363900117657884,4,Funding-Rich Underperformers
28,2024,BFC,Bank First Corp,4495.06,40.901,639.683,3661.073,148.957,9.128,3517.168,356.46,65.563,137.8,19.646,9.237,2024,Optimal,0.083562768,0.044126343,0.0638445555,0.916437232,0.915477004682756,0.9361554445,0.9087669253373368,0.9363900117657884,4,Funding-Rich Underperformers
29,2024,BFIN,BankFinancial Corp,1434.814,23.146,156.377,1217.541,42.25,25.115,895.157,368.02,4.073,48.441,5.789,18.325,2024,Optimal,0.099005082,0.040562205,0.0697836434999999,0.900994918,0.9220379044999044,0.9302163565,0.9087669253373368,0.9363900117657884,3,Network Laggards
30,2024,BFST,Business First Bancshares Inc,7857.09,103.532,799.466,6511.331,511.578,18.755,5981.399,934.649,65.107,227.383,44.193,30.536,2024,Optimal,0.086718216,0.088034349,0.0873762825,0.913281784,0.8381772614423224,0.9126237175,0.9087669253373368,0.9363900117657884,4,Funding-Rich Underperformers
31,2024,BHB,Bar Harbor Bankshares,4083.327,54.849,458.428,3267.688,299.841,5.528,3147.096,532.687,43.544,113.839,37.08,12.754,2024,Optimal,0.12479813,0.022921388,0.073859759,0.87520187,0.9551844584170528,0.926140241,0.9087669253373368,0.9363900117657884,2,Transformation Specialists
32,2024,BHLB,Berkshire Hills Bancorp Inc,12273.408,160.453,1167.424,10375.204,494.971,24.008,9384.994,1183.537,61.003,351.586,48.414,26.727,2024,Optimal,0.06418151,0.035261977,0.0497217435,0.93581849,0.931878156865796,0.9502782565,0.9087669253373368,0.9363900117657884,4,Funding-Rich Underperformers
33,2024,BHRB,Burke & Herbert Financial Services Corp,7812.185,94.275,730.157,6515.239,494.091,3.744,5672.236,1465.93,35.708,225.785,36.166,41.151,2024,Optimal,0.074643749,0.0,0.0373218745,0.925356251,1.0,0.9626781255,0.9087669253373368,0.9363900117657884,1,Network Leaders
34,2024,BK,Bank of New York Mellon Corp (The),416064.0,7130.0,41677.0,289524.0,46765.0,237.0,70967.0,137162.0,4530.0,4312.0,14307.0,179.0,2024,Optimal,0.10725778,0.0,0.05362889,0.89274222,1.0,0.94637111,0.9087669253373368,0.9363900117657884,2,Transformation Specialists
35,2024,BKOR,Oak Ridge Financial Services Inc,663.682,10.256,62.99,531.315,62.122,0.457,514.292,107.815,5.673,23.737,3.263,3.493,2024,Optimal,0.13928416,0.0,0.06964208,0.86071584,1.0,0.93035792,0.9087669253373368,0.9363900117657884,2,Transformation Specialists
36,2024,BKSC,Bank of South Carolina Corp,557.16,7.984,52.301,489.912,12.139,0.576,364.09,157.47,6.75,20.565,1.863,0.349,2024,Optimal,0.046148608,0.0,0.023074304,0.953851392,1.0,0.976925696,0.9087669253373368,0.9363900117657884,1,Network Leaders
37,2024,BKU,BankUnited Inc,35241.742,315.604,2814.318,27865.703,3702.969,130.58,24297.98,9336.541,232.467,914.266,99.155,256.189,2024,Optimal,0.082071437,0.0,0.0410357185,0.917928563,1.0,0.9589642815,0.9087669253373368,0.9363900117657884,1,Network Leaders
38,2024,BLFY,Blue Foundry Bancorp,2060.683,29.433,332.198,1343.32,364.668,6.711,1583.482,347.895,-11.911,37.55,1.794,5.104,2024,Optimal,0.30143423,0.0,0.150717115,0.69856577,1.0,0.849282885,0.9087669253373368,0.9363900117657884,2,Transformation Specialists
39,2024,BMBN,Benchmark Bankshares Inc,1223.588,20.558,109.434,1102.894,1.234,2.119,996.451,103.197,15.853,48.477,10.132,3.816,2024,Optimal,0.0483623,0.0,0.02418115,0.9516377,1.0,0.97581885,0.9087669253373368,0.9363900117657884,1,Network Leaders
40,2024,BMRC,Bank of Marin Bancorp,3701.335,44.683,435.407,3220.015,21.663,7.992,2083.256,1266.733,-8.409,94.66,-21.36,33.881,2024,Optimal,0.044407166,0.0,0.022203583,0.955592834,1.0,0.977796417,0.9087669253373368,0.9363900117657884,1,Network Leaders
41,2024,BNCC,BNCCORP Inc,966.681,15.005,93.667,837.5,16.164,3.384,698.724,131.909,7.928,31.058,5.893,6.308,2024,Optimal,0.079248547,0.14566585,0.1124571985,0.920751453,0.7457097110819878,0.8875428015,0.9087669253373368,0.9363900117657884,4,Funding-Rich Underperformers
42,2024,BOH,Bank of Hawaii Corp,23601.114,232.564,1667.774,20633.037,747.068,11.747,13985.224,7373.16,149.994,466.58,172.529,19.3,2024,Optimal,0.0,0.0,0.0,1.0,1.0,1.0,0.9087669253373368,0.9363900117657884,1,Network Leaders
43,2024,BOKF,BOK Financial Corp,49685.892,811.239,5550.957,38191.23,4702.843,148.344,24114.724,15292.879,523.569,1210.758,839.641,48.979,2024,Optimal,0.13766348,0.0,0.06883174,0.8623365199999999,1.0,0.93116826,0.9087669253373368,0.9363900117657884,2,Transformation Specialists
44,2024,BOTJ,Bank of the James Financial Group Inc,979.244,19.294,64.865,882.404,23.276,0.391,643.63,193.343,7.944,29.236,15.137,1.64,2024,Optimal,0.053988382,0.0,0.026994191,0.946011618,1.0,0.973005809,0.9087669253373368,0.9363900117657884,1,Network Leaders
45,2024,BPOP,Popular Inc,73045.383,820.451,5613.066,64884.345,1302.465,438.027,35182.247,26206.829,614.212,2282.288,658.909,408.048,2024,Optimal,0.0,0.0,0.0,1.0,1.0,1.0,0.9087669253373368,0.9363900117657884,1,Network Leaders
46,2024,BPRN,Princeton Bancorp Inc,2340.233,26.037,262.04,2032.625,22.941,6.708,1818.875,249.407,10.242,66.532,8.155,27.136,2024,Optimal,0.049808464,0.0070059344,0.0284071991999999,0.950191536,0.986085614472224,0.9715928008,0.9087669253373368,0.9363900117657884,1,Network Leaders
47,2024,BRBS,Blue Ridge Bankshares Inc,2737.26,58.161,327.788,2179.442,198.402,63.063,2111.797,355.549,-15.385,78.661,13.573,25.722,2024,Optimal,0.14041184,0.0,0.07020592,0.8595881599999999,1.0,0.92979408,0.9087669253373368,0.9363900117657884,2,Transformation Specialists
48,2024,BRKL,Brookline Bancorp Inc,11905.326,143.723,1221.939,8901.644,1564.631,45.324,9779.288,978.107,68.715,329.585,25.615,70.452,2024,Optimal,0.16807641,0.035824056,0.101950233,0.8319235899999999,0.93082984355791,0.898049767,0.9087669253373368,0.9363900117657884,3,Network Laggards
49,2024,BSBK,Bogota Financial Corp,971.49,8.75,137.289,642.188,182.953,12.8,714.337,149.11,-2.17,10.551,1.348,14.0,2024,Optimal,0.26084113,0.033583998,0.147212564,0.73915887,0.935014477652546,0.8527874360000001,0.9087669253373368,0.9363900117657884,3,Network Laggards
50,2024,BSRR,Sierra Bancorp,3614.271,50.338,357.302,2891.668,297.781,7.985,2331.434,976.157,40.56,120.029,31.521,19.668,2024,Optimal,0.12781417,0.047898133,0.0878561515,0.87218583,0.9085824633299544,0.9121438485,0.9087669253373368,0.9363900117657884,3,Network Laggards
51,2024,BUSE,First Busey Corp,12046.722,175.619,1383.269,9982.49,469.188,7.941,7697.087,2702.643,113.691,322.611,139.682,23.3,2024,Optimal,0.088710241,0.011989981,0.0503501109999999,0.911289759,0.976304150781904,0.949649889,0.9087669253373368,0.9363900117657884,1,Network Leaders
52,2024,BWB,Bridgewater Bancshares Inc,5066.242,39.564,457.935,4086.767,452.92,0.919,3861.713,787.544,32.825,102.193,7.368,0.301,2024,Optimal,0.076249919,0.0,0.0381249595,0.923750081,1.0,0.9618750405,0.9087669253373368,0.9363900117657884,1,Network Leaders
53,2024,BWFG,Bankwell Financial Group Inc,3268.476,23.746,270.52,2787.57,171.498,49.207,2701.966,151.754,9.77,83.282,3.718,61.576,2024,Optimal,0.012295628,0.057786448,0.035041038,0.987704372,0.8907408048018403,0.964958962,0.9087669253373368,0.9363900117657884,4,Funding-Rich Underperformers
54,2024,BY,Byline Bancorp Inc,9496.529,140.119,1091.497,7458.628,774.652,65.307,6906.822,1453.618,120.759,348.046,58.851,67.246,2024,Optimal,0.13775961,0.051939708,0.094849659,0.86224039,0.901249648425668,0.905150341,0.9087669253373368,0.9363900117657884,3,Network Laggards
55,2024,CAC,Camden National Corp,5805.138,64.073,531.231,4633.167,560.454,7.438,4115.259,1134.041,53.004,132.453,44.539,4.829,2024,Optimal,0.11258136,0.037473538,0.075027449,0.88741864,0.9277600119377696,0.924972551,0.9087669253373368,0.9363900117657884,3,Network Laggards
56,2024,CADE,Cadence Bank,47019.19,609.307,5569.683,40496.201,222.12,222.387,33741.755,7447.225,523.604,1436.215,356.51,270.446,2024,Optimal,0.033294643,0.0,0.0166473215,0.966705357,1.0,0.9833526785,0.9087669253373368,0.9363900117657884,1,Network Leaders
57,2024,CARE,Carter Bankshares Inc,4659.189,57.908,384.313,4153.421,80.402,311.998,3624.826,734.928,24.523,114.457,21.368,260.008,2024,Optimal,0.018942396,0.0,0.009471198,0.981057604,1.0,0.990528802,0.9087669253373368,0.9363900117657884,1,Network Leaders
58,2024,CARV,Carver Bancorp Inc,729.991,14.825,29.578,661.837,29.112,11.827,613.684,47.125,-13.744,19.151,3.086,24.647,2024,Optimal,0.039308913,0.0,0.0196544565,0.960691087,1.0,0.9803455435,0.9087669253373368,0.9363900117657884,1,Network Leaders
59,2024,CASH,Pathward Financial Inc,7532.017,201.472,822.189,5875.085,436.376,57.976,4075.195,1813.63,183.219,497.825,299.587,43.033,2024,Optimal,0.14526033,0.0,0.072630165,0.8547396700000001,1.0,0.927369835,0.9087669253373368,0.9363900117657884,2,Transformation Specialists
60,2024,CATY,Cathay General Bancorp,23054.681,167.376,2845.704,19686.199,227.727,93.279,19365.414,1598.807,285.979,674.055,55.664,196.282,2024,Optimal,0.0,0.0,0.0,1.0,1.0,1.0,0.9087669253373368,0.9363900117657884,1,Network Leaders
61,2024,CBAN,Colony Bankcorp Inc,3109.782,49.767,278.675,2567.943,249.358,10.657,1842.98,813.82,23.868,76.076,39.375,11.342,2024,Optimal,0.10529169,0.13686977,0.12108073,0.89470831,0.7592164492156388,0.87891927,0.9087669253373368,0.9363900117657884,3,Network Laggards
62,2024,CBCY,Central Bancompany Inc,19242.543,281.087,3110.661,14985.848,1038.795,22.708,11624.091,5655.718,305.81,687.324,210.39,39.689,2024,Optimal,0.13772288,0.0,0.06886144,0.86227712,1.0,0.93113856,0.9087669253373368,0.9363900117657884,2,Transformation Specialists
63,2024,CBFV,CB Financial Services Inc,1481.564,18.821,147.378,1283.517,37.569,2.402,1092.626,262.153,12.594,46.068,5.494,1.789,2024,Optimal,0.068048043,0.055370546,0.0617092945,0.931951957,0.8950689950371231,0.9382907055,0.9087669253373368,0.9363900117657884,4,Funding-Rich Underperformers
64,2024,CBKM,Consumers Bancorp Inc,1097.089,14.416,63.685,972.98,44.525,0.228,759.114,273.423,8.58,31.992,4.896,0.858,2024,Optimal,0.047224305,0.029927586,0.0385759455,0.952775695,0.9418840966941536,0.9614240545,0.9087669253373368,0.9363900117657884,1,Network Leaders
65,2024,CBNK,Capital Bancorp Inc,3206.911,56.037,355.139,2761.939,39.934,16.042,2630.163,228.109,30.972,154.746,31.41,30.241,2024,Optimal,0.065523723,0.0033692979,0.03444651045,0.934476277,0.993284032295882,0.96555348955,0.9087669253373368,0.9363900117657884,1,Network Leaders
66,2024,CBSH,Commerce Bancshares Inc,31996.627,607.862,3332.475,25293.644,2957.989,7.582,17220.103,9424.346,526.331,1040.246,623.376,18.621,2024,Optimal,0.11696335,0.0,0.058481675,0.88303665,1.0,0.941518325,0.9087669253373368,0.9363900117657884,2,Transformation Specialists
67,2024,CBU,Community Financial System Inc,16386.044,300.779,1762.835,13441.707,1047.812,55.732,10432.365,4218.386,182.481,449.117,297.186,76.168,2024,Optimal,0.094019832,0.02138711,0.057703471,0.905980168,0.958121441340688,0.942296529,0.9087669253373368,0.9363900117657884,2,Transformation Specialists
68,2024,CCB,Coastal Financial Corp,4121.208,70.084,438.704,3585.332,53.282,53.839,3486.565,58.121,45.219,273.028,308.205,62.656,2024,Optimal,0.051995478,0.0,0.025997739,0.948004522,1.0,0.974002261,0.9087669253373368,0.9363900117657884,1,Network Leaders
69,2024,CCBG,Capital City Bank Group,4324.932,100.721,495.317,3671.977,107.524,6.243,2651.55,972.899,52.915,158.938,75.976,6.669,2024,Optimal,0.074506303,0.011466032,0.0429861675,0.925493697,0.9773278950805142,0.9570138325,0.9087669253373368,0.9363900117657884,1,Network Leaders
70,2024,CCFN,Muncy Columbia Financial Corp,1595.958,19.027,166.41,1292.429,124.374,4.475,1125.937,331.698,19.023,50.465,10.375,10.117,2024,Optimal,0.12637513,0.074332212,0.100353671,0.87362487,0.8616215521237671,0.899646329,0.9087669253373368,0.9363900117657884,3,Network Laggards
71,2024,CCNE,CNB Financial Corp/PA,6192.01,74.536,610.695,5371.364,160.656,31.805,4608.956,825.785,54.575,187.469,39.114,59.485,2024,Optimal,0.039456646,0.097625917,0.0685412815,0.960543354,0.8221144098586367,0.9314587185,0.9087669253373368,0.9363900117657884,4,Funding-Rich Underperformers
72,2024,CEFC,Commercial National Financial Corp,566.643,8.678,50.53,498.507,14.949,0.939,395.651,82.075,5.863,18.675,2.407,1.557,2024,Optimal,0.051427572,0.14618838,0.098807976,0.948572428,0.7449138683468419,0.901192024,0.9087669253373368,0.9363900117657884,4,Funding-Rich Underperformers
73,2024,CFBK,CF Bankshares Inc,2065.523,14.172,168.437,1755.795,113.909,5.722,1739.493,22.601,13.387,46.644,5.175,14.719,2024,Optimal,0.0012297377,0.076001156,0.03861544685,0.9987702623,0.8587340625496502,0.96138455315,0.9087669253373368,0.9363900117657884,4,Funding-Rich Underperformers
74,2024,CFFI,C&F Financial Corp,2563.374,53.578,226.97,2170.86,133.038,1.944,1920.398,422.217,19.834,96.775,30.538,3.257,2024,Optimal,0.085802491,0.0,0.0429012455,0.914197509,1.0,0.9570987545,0.9087669253373368,0.9363900117657884,1,Network Leaders
75,2024,CFFN,Capitol Federal Financial Inc,9527.608,52.272,1032.27,6129.982,2188.486,9.628,7930.373,957.441,38.01,162.061,5.244,10.147,2024,Optimal,0.19448766,0.0,0.09724383,0.8055123399999999,1.0,0.90275617,0.9087669253373368,0.9363900117657884,2,Transformation Specialists
76,2024,CFG,Citizens Financial Group Inc,217521.0,2611.0,24254.0,174776.0,13357.0,1378.0,139203.0,42294.0,1509.0,5633.0,2176.0,1677.0,2024,Optimal,0.0,0.0,0.0,1.0,1.0,1.0,0.9087669253373368,0.9363900117657884,1,Network Leaders
77,2024,CFR,Cullen/Frost Bankers Inc,52520.259,743.84,3898.588,42722.748,4895.801,61.632,20754.813,18577.4,582.542,1604.612,459.098,92.966,2024,Optimal,0.086586362,0.0,0.043293181,0.913413638,1.0,0.956706819,0.9087669253373368,0.9363900117657884,1,Network Leaders
78,2024,CHBH,Croghan Bancshares Inc,1150.795,17.87,124.291,944.102,75.199,0.639,734.699,316.752,10.058,35.428,7.309,0.715,2024,Optimal,0.13006209,0.033439948,0.081751019,0.86993791,0.9352841970842798,0.918248981,0.9087669253373368,0.9363900117657884,3,Network Laggards
79,2024,CHCO,City Holding Co,6459.459,76.363,730.664,5144.15,475.655,8.559,4274.776,1451.109,117.101,220.237,73.334,14.965,2024,Optimal,0.11750196,0.018006805,0.0677543825,0.88249804,0.9646234093690564,0.9322456175,0.9087669253373368,0.9363900117657884,2,Transformation Specialists
80,2024,CHMG,Chemung Financial Corp,2776.147,36.54,215.309,2396.883,118.518,10.738,2071.419,544.602,23.671,74.059,23.23,9.606,2024,Optimal,0.059068361,0.053188363,0.056128362,0.940931639,0.8989955360910117,0.943871638,0.9087669253373368,0.9363900117657884,4,Funding-Rich Underperformers
81,2024,CIVB,Civista Bancshares Inc,4098.469,61.821,388.502,3211.87,451.946,15.126,3081.23,680.84,31.683,116.71,37.748,32.627,2024,Optimal,0.1474583,0.06316019,0.105309245,0.8525417,0.8811840575031312,0.8946907550000001,0.9087669253373368,0.9363900117657884,3,Network Laggards
82,2024,CIZN,Citizens Holding Co,1469.843,19.991,48.086,1071.351,335.571,5.826,764.866,559.877,5.49,34.622,12.035,7.154,2024,Optimal,0.22021303,0.013476179,0.1168446045,0.77978697,0.9734060271386014,0.8831553955,0.9087669253373368,0.9363900117657884,2,Transformation Specialists
83,2024,CLBK,Columbia Financial Inc,10475.493,109.489,1080.376,8096.149,1098.424,12.618,7916.928,1485.846,-11.653,177.982,1.894,23.035,2024,Optimal,0.13110797,0.027018035,0.0790630025,0.86889203,0.9473854711811366,0.9209369975,0.9087669253373368,0.9363900117657884,2,Transformation Specialists
84,2024,CLST,Catalyst Bancorp Inc,276.697,4.83,80.204,185.674,9.558,2.051,167.076,44.12,-3.089,9.545,-3.84,1.825,2024,Optimal,0.22156959,0.0,0.110784795,0.77843041,1.0,0.889215205,0.9087669253373368,0.9363900117657884,2,Transformation Specialists
85,2024,CMA,Comerica Incorporated,79297.0,1352.0,6543.0,63811.0,7030.0,178.0,49817.0,15045.0,698.0,2190.0,1054.0,308.0,2024,Optimal,0.094151766,0.0,0.047075883,0.905848234,1.0,0.952924117,0.9087669253373368,0.9363900117657884,2,Transformation Specialists
86,2024,CMTV,Community Bancorp/VT,1248.93,13.227,98.048,1001.645,138.0,6.955,928.589,162.327,12.764,34.631,7.182,8.338,2024,Optimal,0.12608949,0.14407452,0.135082005,0.87391051,0.748137874795079,0.864917995,0.9087669253373368,0.9363900117657884,3,Network Laggards
87,2024,CNND,Canandaigua National Corp,5058.649,71.23,376.138,3999.41,632.277,14.437,3802.467,975.701,44.602,137.06,54.223,38.394,2024,Optimal,0.13528981,0.045968622,0.090629216,0.86471019,0.9121032485427656,0.909370784,0.9087669253373368,0.9363900117657884,3,Network Laggards
88,2024,CNOB,ConnectOne Bancorp Inc,9879.6,90.053,1241.704,7820.114,783.506,52.524,8274.81,673.388,73.793,247.337,16.728,57.31,2024,Optimal,0.097996128,0.017729489,0.0578628085,0.902003872,0.9651587397405168,0.9421371915,0.9087669253373368,0.9363900117657884,2,Transformation Specialists
89,2024,COFS,ChoiceOne Financial Services Inc,2723.243,33.408,260.415,2214.103,210.752,2.034,1545.64,896.123,26.727,74.442,17.995,4.177,2024,Optimal,0.11250856,0.048255757,0.0803821585,0.88749144,0.9079313293959806,0.9196178415,0.9087669253373368,0.9363900117657884,3,Network Laggards
90,2024,COLB,Columbia Banking System Inc,51576.397,588.83,5118.224,41720.732,3900.9,113.937,37680.901,8504.873,533.675,1718.402,210.966,169.559,2024,Optimal,0.090907999,0.0,0.0454539995,0.909092001,1.0,0.9545460005,0.9087669253373368,0.9363900117657884,1,Network Leaders
91,2024,CPF,Central Pacific Financial Corp.,7472.096,85.941,538.385,6644.011,188.37,7.008,5332.852,1341.517,53.412,211.733,38.723,11.018,2024,Optimal,0.0085666585,0.06561002,0.03708833925,0.9914333415,0.8768592284821045,0.96291166075,0.9087669253373368,0.9363900117657884,4,Funding-Rich Underperformers
92,2024,CPKF,Chesapeake Financial Shares Inc,1524.646,32.156,111.744,1371.424,31.936,2.128,877.822,502.069,11.428,46.051,22.864,2.9,2024,Optimal,0.042551813,0.076032189,0.059292001,0.957448187,0.8586804562591018,0.940707999,0.9087669253373368,0.9363900117657884,4,Funding-Rich Underperformers
93,2024,CSBB,CSB Bancorp Inc/OH,1191.5,13.623,114.835,1044.887,27.145,0.396,737.641,331.529,10.012,36.853,7.102,1.719,2024,Optimal,0.04971182,0.043124745,0.0464182825,0.95028818,0.917316226641714,0.9535817175,0.9087669253373368,0.9363900117657884,4,Funding-Rich Underperformers
94,2024,CSHX,Cashmere Valley Bank,2121.563,27.584,232.167,1837.953,36.0,2.095,962.369,849.608,28.159,63.179,20.557,3.399,2024,Optimal,0.060137946,0.078767125,0.0694525355,0.939862054,0.8539682510254474,0.9305474645,0.9087669253373368,0.9363900117657884,4,Funding-Rich Underperformers
95,2024,CTBI,Community Trust Bancorp Inc,6193.245,79.427,757.584,5070.189,320.186,15.584,4486.637,1069.458,82.813,185.995,62.565,30.333,2024,Optimal,0.098544296,0.055968932,0.077256614,0.901455704,0.8939951161366175,0.922743386,0.9087669253373368,0.9363900117657884,3,Network Laggards
96,2024,CUBI,Customers Bancorp Inc,22308.241,175.836,1836.683,18846.461,1447.811,27.209,14448.762,3107.845,181.469,654.404,60.434,55.807,2024,Optimal,0.0,0.09195473,0.045977365,1.0,0.8315777614700198,0.954022635,0.9087669253373368,0.9363900117657884,4,Funding-Rich Underperformers
97,2024,CVBF,CVB Financial Corp,15153.655,144.472,2186.316,11948.381,811.504,21.302,8470.318,4939.795,200.716,447.347,54.474,47.098,2024,Optimal,0.10184901,0.013401855,0.0576254325,0.89815099,0.9735507588941604,0.9423745675,0.9087669253373368,0.9363900117657884,2,Transformation Specialists
98,2024,CYFL,Century Financial Corp,467.219,7.949,57.099,401.47,5.124,1.02,231.929,137.507,9.004,19.509,5.655,2.238,2024,Optimal,0.066720266,0.0,0.033360133,0.933279734,1.0,0.966639867,0.9087669253373368,0.9363900117657884,1,Network Leaders
99,2024,CZBC,Citizens Bancorp/OR,807.493,18.188,73.485,706.98,15.566,0.51,375.985,326.125,3.373,27.913,2.575,0.205,2024,Optimal,0.074465554,0.0,0.037232777,0.925534446,1.0,0.962767223,0.9087669253373368,0.9363900117657884,1,Network Leaders
100,2024,CZBS,Citizens Bancshares Corp,799.902,10.153,186.266,599.989,1.177,7.71,418.196,259.273,12.877,34.967,4.604,12.336,2024,Optimal,0.18365906,0.0,0.09182953,0.81634094,1.0,0.90817047,0.9087669253373368,0.9363900117657884,2,Transformation Specialists
101,2024,CZFS,Citizens Financial Services Inc,3025.724,39.347,299.734,2382.028,307.816,13.177,2313.242,427.659,27.818,86.455,15.401,28.612,2024,Optimal,0.14166917,0.069264416,0.105466793,0.85833083,0.8704447375905194,0.894533207,0.9087669253373368,0.9363900117657884,3,Network Laggards
102,2024,CZNC,Citizens & Northern Corp,2610.653,44.93,275.284,2093.909,210.82,18.845,1895.848,402.38,25.958,79.115,29.209,24.142,2024,Optimal,0.13493982,0.095230672,0.115085246,0.86506018,0.8260993333466468,0.884914754,0.9087669253373368,0.9363900117657884,3,Network Laggards
103,2024,CZWI,Citizens Community Bancorp Inc,1748.519,22.741,179.084,1488.148,67.682,15.368,1368.981,245.557,13.751,46.474,10.107,14.269,2024,Optimal,0.081400015,0.064436998,0.0729185065,0.918599985,0.878927549265814,0.9270814935,0.9087669253373368,0.9363900117657884,4,Funding-Rich Underperformers
104,2024,DCOM,Dime Community Bancshares Inc,14353.258,136.114,1396.517,11686.141,979.318,29.099,10871.943,1397.138,29.084,318.054,-3.955,49.479,2024,Optimal,0.072233033,0.072856658,0.0725448455,0.927766967,0.8641819343586531,0.9274551545,0.9087669253373368,0.9363900117657884,4,Funding-Rich Underperformers
105,2024,DIMC,Dimeco Inc,1079.785,16.77,107.002,911.012,48.173,8.537,775.302,226.856,12.942,37.761,7.494,11.881,2024,Optimal,0.10479659,0.070122801,0.0874596954999999,0.89520341,0.8689443848229901,0.9125403045,0.9087669253373368,0.9363900117657884,3,Network Laggards
106,2024,EBC,Eastern Bankshares Inc,25557.88,287.627,3611.967,21291.619,175.801,52.557,17778.354,4448.178,119.561,607.597,123.917,135.82,2024,Optimal,0.064266005,0.0,0.0321330025,0.935733995,1.0,0.9678669975,0.9087669253373368,0.9363900117657884,1,Network Leaders
107,2024,EBMT,Eagle Bancorp Montana Inc,2103.09,39.715,174.765,1681.228,201.089,8.426,1520.646,304.499,9.778,63.438,17.776,3.895,2024,Optimal,0.14306428,0.088515001,0.1157896404999999,0.8569357200000001,0.8373655835359498,0.8842103595,0.9087669253373368,0.9363900117657884,3,Network Laggards
108,2024,ECBK,ECB Bancorp Inc,1418.153,13.062,168.268,998.533,235.2,1.213,1145.333,89.779,3.991,24.988,1.226,1.957,2024,Optimal,0.22653376,0.037455185,0.1319944725,0.77346624,0.9277941147886788,0.8680055275,0.9087669253373368,0.9363900117657884,3,Network Laggards
109,2024,EFSC,Enterprise Financial Services Corp,15596.431,182.713,1824.002,13146.492,463.522,49.464,11220.355,2863.989,185.266,568.096,69.703,46.642,2024,Optimal,0.05775846,0.0,0.02887923,0.94224154,1.0,0.97112077,0.9087669253373368,0.9363900117657884,1,Network Leaders
110,2024,EFSI,Eagle Financial Services Inc,1866.215,30.059,118.987,1575.156,149.512,6.13,1467.049,128.887,15.343,51.227,21.557,2.586,2024,Optimal,0.096979933,0.082230352,0.0896051425,0.903020067,0.8480353986597484,0.9103948575,0.9087669253373368,0.9363900117657884,3,Network Laggards
111,2024,EGBN,Eagle Bancorp Inc,11129.508,87.768,1226.061,9131.078,623.08,66.632,7934.888,2257.814,-47.035,288.688,19.939,211.449,2024,Optimal,0.050908709,0.0,0.0254543545,0.949091291,1.0,0.9745456455,0.9087669253373368,0.9363900117657884,1,Network Leaders
112,2024,EMYB,Embassy Bancorp Inc,1704.42,14.246,106.48,1552.959,26.538,0.366,1268.422,282.491,10.44,36.184,3.185,0.495,2024,Optimal,0.0,0.0,0.0,1.0,1.0,1.0,0.9087669253373368,0.9363900117657884,1,Network Leaders
113,2024,ENBP,ENB Financial Corp,2219.831,34.043,130.984,1890.443,185.943,3.277,1427.269,636.929,15.317,56.741,18.13,11.887,2024,Optimal,0.08266463,0.074040331,0.0783524805,0.91733537,0.8621274660495035,0.9216475195,0.9087669253373368,0.9363900117657884,4,Funding-Rich Underperformers
114,2024,EQBK,Equity Bancshares Inc,5332.047,72.786,592.918,4374.789,316.397,26.457,3500.816,1037.547,62.621,186.162,38.822,34.675,2024,Optimal,0.10058247,0.12413126,0.112356865,0.89941753,0.7791516624135157,0.887643135,0.9087669253373368,0.9363900117657884,3,Network Laggards
115,2024,EQFN,Equitable Financial Corp,511.222,8.535,47.815,449.155,8.275,0.711,452.196,25.962,2.714,13.68,5.014,3.609,2024,Optimal,0.050931961,0.0,0.0254659805,0.949068039,1.0,0.9745340195,0.9087669253373368,0.9363900117657884,1,Network Leaders
116,2024,ESQ,Esquire Financial Holdings Inc,1892.503,37.845,237.094,1642.236,3.497,11.009,1397.021,313.44,43.658,99.929,24.895,10.94,2024,Optimal,0.070483404,0.0,0.035241702,0.929516596,1.0,0.964758298,0.9087669253373368,0.9363900117657884,1,Network Leaders
117,2024,EWBC,East West Bancorp Inc,75976.475,550.734,7723.054,63175.023,3625.237,114.015,53726.637,13929.483,1165.586,2278.716,335.218,194.095,2024,Optimal,0.0,0.0,0.0,1.0,1.0,1.0,0.9087669253373368,0.9363900117657884,1,Network Leaders
118,2024,EXSR,Exchange Bank of Santa Rosa California,3300.488,42.678,280.809,2832.443,147.661,4.199,1618.579,1377.345,23.853,81.263,23.385,9.947,2024,Optimal,0.061618238,0.053481254,0.057549746,0.938381762,0.8984675734913457,0.942450254,0.9087669253373368,0.9363900117657884,4,Funding-Rich Underperformers
119,2024,FBAK,First National Bank Alaska,4997.767,68.668,516.562,3679.155,760.983,4.611,2469.935,1928.625,67.048,166.721,28.233,4.313,2024,Optimal,0.19462316,0.0,0.09731158,0.80537684,1.0,0.90268842,0.9087669253373368,0.9363900117657884,2,Transformation Specialists
120,2024,FBIZ,First Business Financial Services Inc,3853.215,63.105,328.589,3107.14,327.975,20.844,3113.128,359.749,44.245,124.206,29.251,28.418,2024,Optimal,0.12323815,0.069184689,0.0962114195,0.87676185,0.8705842129768845,0.9037885805,0.9087669253373368,0.9363900117657884,3,Network Laggards
121,2024,FBK,FB Financial Corp,13157.482,183.813,1567.631,11210.434,236.813,86.483,9602.384,1570.757,116.035,416.503,39.07,121.915,2024,Optimal,0.061471608,0.081823897,0.0716477525,0.938528392,0.8487297290679094,0.9283522475,0.9087669253373368,0.9363900117657884,4,Funding-Rich Underperformers
122,2024,FBNC,First Bancorp/NC,12147.694,140.022,1445.611,10530.525,106.43,44.789,8094.676,2604.36,76.215,332.273,17.899,46.917,2024,Optimal,0.03109333,0.015341012,0.0232171709999999,0.96890667,0.9697815574891798,0.976782829,0.9087669253373368,0.9363900117657884,1,Network Leaders
123,2024,FBP,First BanCorp (Puerto Rico),19292.921,235.695,1669.236,16871.298,627.501,125.906,12746.556,4934.304,298.724,807.479,130.722,118.252,2024,Optimal,0.024377655,0.0,0.0121888275,0.975622345,1.0,0.9878111725,0.9087669253373368,0.9363900117657884,1,Network Leaders
124,2024,FBPI,First Bancorp of Indiana Inc,635.318,9.469,31.537,465.606,129.894,0.494,479.435,100.813,1.535,15.031,3.445,1.825,2024,Optimal,0.20621658,0.066430402,0.136323491,0.79378342,0.8754154009949165,0.863676509,0.9087669253373368,0.9363900117657884,3,Network Laggards
125,2024,FBSI,First Bancshares Inc,537.885,7.9,59.562,472.596,2.472,1.63,430.525,13.595,6.578,21.902,1.609,1.633,2024,Optimal,0.047671226,0.0,0.023835613,0.952328774,1.0,0.976164387,0.9087669253373368,0.9363900117657884,1,Network Leaders
126,2024,FBTT,First Bankers Trustshares Inc,1179.236,15.876,67.454,997.641,109.548,10.684,629.511,409.496,4.182,24.672,8.452,10.228,2024,Optimal,0.093179525,0.14739449,0.1202870074999999,0.906820475,0.7430796621657126,0.8797129925,0.9087669253373368,0.9363900117657884,3,Network Laggards
127,2024,FCBC,First Community Bancshares Inc,3261.216,51.702,526.392,2691.247,1.421,19.652,2416.089,169.849,51.604,126.468,39.39,20.539,2024,Optimal,0.10504471,0.0,0.052522355,0.89495529,1.0,0.947477645,0.9087669253373368,0.9363900117657884,2,Transformation Specialists
128,2024,FCCO,First Community Corp,1958.021,29.263,144.494,1675.901,120.72,0.864,1220.542,491.674,13.955,52.04,14.004,0.81,2024,Optimal,0.079341516,0.097040934,0.088191225,0.920658484,0.8230860289849494,0.911808775,0.9087669253373368,0.9363900117657884,4,Funding-Rich Underperformers
129,2024,FCF,First Commonwealth Financial Corp.,11584.936,149.287,1405.165,9678.019,387.778,40.918,8983.754,1584.216,142.572,378.892,99.231,63.143,2024,Optimal,0.074567643,0.029409734,0.0519886885,0.925432357,0.9428609755112342,0.9480113115,0.9087669253373368,0.9363900117657884,1,Network Leaders
130,2024,FCNCA,First Citizens BancShares Inc,223720.0,3078.0,22228.0,155229.0,37408.0,1031.0,140221.0,44237.0,2777.0,7143.0,2615.0,1248.0,2024,Optimal,0.14257835,0.0,0.071289175,0.85742165,1.0,0.928710825,0.9087669253373368,0.9363900117657884,2,Transformation Specialists
131,2024,FDBC,Fidelity D & D Bancorp Inc,2584.616,28.843,203.969,2340.82,16.991,3.323,1798.802,561.182,20.794,61.865,19.013,7.805,2024,Optimal,0.0067508472,0.063618923,0.0351848850999999,0.9932491528,0.8803727131507608,0.9648151149,0.9087669253373368,0.9363900117657884,4,Funding-Rich Underperformers
132,2024,FDVA,Freedom Financial Holdings Inc,1090.487,14.86,81.439,909.532,87.025,13.21,767.898,236.253,4.71,25.258,4.815,13.686,2024,Optimal,0.10539699,0.1041535,0.1047752449999999,0.89460301,0.8113423541201472,0.895224755,0.9087669253373368,0.9363900117657884,3,Network Laggards
133,2024,FFBB,FFB Bancorp,1504.128,24.952,168.392,1284.377,39.458,6.006,1066.879,331.077,34.147,70.042,31.948,9.894,2024,Optimal,0.093143662,0.0095385384,0.0513411002,0.906856338,0.9811031713259456,0.9486588998,0.9087669253373368,0.9363900117657884,2,Transformation Specialists
134,2024,FFBC,First Financial Bancorp.,18570.261,304.389,2438.041,14329.138,1162.762,65.859,11761.778,3375.334,228.83,612.01,223.568,66.037,2024,Optimal,0.14651541,0.065843772,0.106179591,0.85348459,0.8764476113109004,0.893820409,0.9087669253373368,0.9363900117657884,3,Network Laggards
135,2024,FFDF,FFD Financial Corp,785.661,8.539,66.97,706.188,5.017,0.463,602.55,51.147,11.614,25.017,3.2,0.533,2024,Optimal,0.015439921,0.0,0.0077199605,0.984560079,1.0,0.9922800395,0.9087669253373368,0.9363900117657884,1,Network Leaders
136,2024,FFIC,Flushing Financial Corp,9038.972,91.398,724.539,7178.933,962.497,46.153,6745.848,1587.486,-31.333,182.011,-57.445,51.318,2024,Optimal,0.10524611,0.06220005,0.08372308,0.89475389,0.8828844905439424,0.91627692,0.9087669253373368,0.9363900117657884,3,Network Laggards
137,2024,FFIN,First Financial Bankshares Inc,13979.418,153.296,1606.56,12099.174,197.019,35.096,7913.098,4617.759,223.511,426.741,123.989,63.096,2024,Optimal,0.028461653,0.0,0.0142308265,0.971538347,1.0,0.9857691735,0.9087669253373368,0.9363900117657884,1,Network Leaders
138,2024,FFMH,First Farmers and Merchants Corp,1765.311,22.312,137.673,1603.621,2.523,1.407,998.818,615.233,16.035,45.061,13.829,1.344,2024,Optimal,0.016426722,0.0,0.008213361,0.983573278,1.0,0.991786639,0.9087669253373368,0.9363900117657884,1,Network Leaders
139,2024,FFWM,First Foundation Inc,12645.265,83.917,1053.363,9870.279,1627.149,20.213,7941.393,2063.859,-92.407,182.644,-65.872,46.654,2024,Optimal,0.052432624,0.18657317,0.119502897,0.947567376,0.6855260598889154,0.880497103,0.9087669253373368,0.9363900117657884,4,Funding-Rich Underperformers
140,2024,FGBI,First Guaranty Bancshares Inc,3972.728,38.304,255.049,3476.26,213.523,41.724,2693.78,612.425,12.448,88.438,24.739,120.35,2024,Optimal,0.015094538,0.0,0.007547269,0.984905462,1.0,0.992452731,0.9087669253373368,0.9363900117657884,1,Network Leaders
141,2024,FGFH,Foresight Financial Group Inc,1633.219,24.67,153.398,1400.703,61.732,16.045,1115.351,380.8,12.664,48.987,7.193,28.472,2024,Optimal,0.082317986,0.061323587,0.0718207865,0.917682014,0.8844394155540426,0.9281792135,0.9087669253373368,0.9363900117657884,4,Funding-Rich Underperformers
142,2024,FHB,First Hawaiian Inc,23828.186,235.565,2617.486,20322.216,313.02,18.595,14408.258,5738.566,230.129,622.738,185.803,20.679,2024,Optimal,0.029080535,0.0,0.0145402675,0.970919465,1.0,0.9854597325,0.9087669253373368,0.9363900117657884,1,Network Leaders
143,2024,FHN,First Horizon Corp,82152.0,1137.0,9111.0,65581.0,4928.0,469.0,62565.0,9166.0,775.0,2511.0,679.0,608.0,2024,Optimal,0.099701991,0.0,0.0498509955,0.900298009,1.0,0.9501490045,0.9087669253373368,0.9363900117657884,2,Transformation Specialists
144,2024,FIBK,First Interstate BancSystem Inc,29137.4,343.5,3304.0,23015.6,2386.7,127.8,17844.9,7922.0,226.0,821.6,178.1,145.6,2024,Optimal,0.11547534,0.030536656,0.073005998,0.88452466,0.9407364001615872,0.926994002,0.9087669253373368,0.9363900117657884,2,Transformation Specialists
145,2024,FINW,Finwise Bancorp,745.976,35.205,173.72,544.952,5.366,27.127,460.988,42.844,12.742,58.912,22.485,36.431,2024,Optimal,0.21978845,0.0,0.109894225,0.78021155,1.0,0.890105775,0.9087669253373368,0.9363900117657884,2,Transformation Specialists
146,2024,FISI,Financial Institutions Inc,6117.085,66.126,568.984,5104.731,256.605,26.802,4479.204,1045.367,-41.646,163.589,-46.681,41.466,2024,Optimal,0.069547138,0.066962251,0.0682546944999999,0.930452862,0.8744805621056597,0.9317453055,0.9087669253373368,0.9363900117657884,4,Funding-Rich Underperformers
147,2024,FITB,Fifth Third Bancorp,212927.0,2763.0,19645.0,167252.0,19597.0,689.0,116603.0,51166.0,2314.0,5630.0,2849.0,860.0,2024,Optimal,0.014372011,0.0072741921,0.01082310155,0.985627989,0.9855566792894108,0.98917689845,0.9087669253373368,0.9363900117657884,1,Network Leaders
148,2024,FIZN,First Citizens Bancshares Inc,2506.201,30.742,182.689,2150.728,152.214,1.845,1484.274,732.077,17.482,54.823,17.3,3.263,2024,Optimal,0.063745899,0.099787134,0.0817665165,0.936254101,0.8185337309101489,0.9182334835,0.9087669253373368,0.9363900117657884,4,Funding-Rich Underperformers
149,2024,FKYS,First Keystone Corp,1428.583,17.228,106.782,1045.88,267.346,5.681,947.714,400.859,-13.203,32.279,6.697,4.97,2024,Optimal,0.20953195,0.034957612,0.122244781,0.79046805,0.9324462923028388,0.877755219,0.9087669253373368,0.9363900117657884,3,Network Laggards
150,2024,FLG,Flagstar Financial Inc,100160.0,1263.0,8168.0,75870.0,14889.0,442.0,68272.0,11562.0,-1118.0,2152.0,400.0,2629.0,2024,Optimal,0.12651428,0.0,0.06325714,0.87348572,1.0,0.93674286,0.9087669253373368,0.9363900117657884,2,Transformation Specialists
151,2024,FMAO,Farmers & Merchants Bancorp Inc,3364.723,38.711,335.211,2686.765,314.495,22.353,2561.869,440.956,25.938,85.912,15.621,3.124,2024,Optimal,0.12337324,0.0,0.06168662,0.87662676,1.0,0.93831338,0.9087669253373368,0.9363900117657884,2,Transformation Specialists
152,2024,FMBH,First Mid Bancshares Inc,7519.734,124.134,846.391,6057.096,572.584,21.292,5665.848,1070.01,78.898,228.728,96.286,32.03,2024,Optimal,0.11710966,0.057078816,0.087094238,0.88289034,0.8920065086234781,0.912905762,0.9087669253373368,0.9363900117657884,3,Network Laggards
153,2024,FMBM,F & M Bank Corp,1302.011,18.359,86.138,1195.105,7.564,6.524,839.949,330.539,7.285,33.932,10.766,7.154,2024,Optimal,0.01944343,0.10839606,0.063919745,0.98055657,0.8044091567774068,0.936080255,0.9087669253373368,0.9363900117657884,4,Funding-Rich Underperformers
154,2024,FMCB,Farmers & Merchants Bancorp,5370.196,72.472,573.072,4699.139,12.584,0.873,3678.388,1248.956,88.457,206.676,20.7,1.802,2024,Optimal,0.039667591,0.0,0.0198337955,0.960332409,1.0,0.9801662045,0.9087669253373368,0.9363900117657884,1,Network Leaders
155,2024,FMNB,Farmers National Banc Corp/OH,5118.924,58.925,406.028,4266.779,401.092,15.229,3268.346,1311.958,45.949,128.368,41.716,22.851,2024,Optimal,0.077084114,0.1044672,0.090775657,0.922915886,0.8108278815341914,0.909224343,0.9087669253373368,0.9363900117657884,4,Funding-Rich Underperformers
156,2024,FNB,F.N.B. Corp,48625.0,504.101,6302.0,37107.0,4545.7,110.0,33939.0,7775.0,465.332,1280.443,316.395,162.0,2024,Optimal,0.13391052,0.0074693865,0.07068995325,0.86608948,0.985171983188593,0.92931004675,0.9087669253373368,0.9363900117657884,2,Transformation Specialists
157,2024,FNFI,First Niles Financial Inc,156.381,4.905,14.167,83.581,57.214,0.437,104.341,19.202,0.863,3.004,4.995,0.913,2024,Optimal,0.28886961,0.0,0.144434805,0.71113039,1.0,0.8555651950000001,0.9087669253373368,0.9363900117657884,2,Transformation Specialists
158,2024,FNLC,First Bancorp Inc/ME (The),3157.01,24.23,252.493,2725.251,146.843,2.178,2340.94,651.587,27.045,63.91,16.355,4.421,2024,Optimal,0.012867607,0.016528755,0.014698181,0.987132393,0.9674800050294692,0.985301819,0.9087669253373368,0.9363900117657884,1,Network Leaders
159,2024,FNRN,First Northern Community Bancorp,1891.722,23.85,176.332,1700.089,3.645,8.334,1062.737,644.371,20.034,64.36,6.019,11.212,2024,Optimal,0.025452664,0.0,0.012726332,0.974547336,1.0,0.987273668,0.9087669253373368,0.9363900117657884,1,Network Leaders
160,2024,FNWB,First Northwest Bancorp,2232.006,32.665,153.882,1688.026,353.549,18.644,1695.635,354.779,-6.613,56.32,12.614,30.515,2024,Optimal,0.18553516,0.082449927,0.1339925435,0.81446484,0.8476605246239718,0.8660074565,0.9087669253373368,0.9363900117657884,3,Network Laggards
161,2024,FNWD,Finward Bancorp,2060.699,27.737,151.414,1760.566,120.12,12.879,1508.976,340.101,12.13,48.447,22.647,15.157,2024,Optimal,0.075418961,0.11872016,0.0970695605,0.924581039,0.7877571813848424,0.9029304395,0.9087669253373368,0.9363900117657884,4,Funding-Rich Underperformers
162,2024,FOTB,First Ottawa Bancshares Inc,1718.09,20.577,105.212,1512.951,91.279,4.908,1449.832,186.927,19.006,55.97,6.297,7.8,2024,Optimal,0.04585683,0.075152892,0.060504861,0.95414317,0.8602005490396802,0.939495139,0.9087669253373368,0.9363900117657884,4,Funding-Rich Underperformers
163,2024,FRAF,Franklin Financial Services Corp,2197.841,32.752,144.716,1815.647,223.962,0.147,1398.077,517.545,11.099,57.514,13.679,0.268,2024,Optimal,0.10964283,0.0,0.054821415,0.89035717,1.0,0.945178585,0.9087669253373368,0.9363900117657884,2,Transformation Specialists
164,2024,FRBA,First Bank,3780.346,40.693,409.156,3055.896,286.779,24.989,3144.266,152.351,42.244,122.546,7.308,17.314,2024,Optimal,0.10652474,0.071371278,0.088948009,0.89347526,0.8667664898890448,0.911051991,0.9087669253373368,0.9363900117657884,3,Network Laggards
165,2024,FRFC,First Robinson Financial Corp,477.636,7.06,32.331,395.691,44.825,1.465,260.181,154.911,3.66,12.434,3.249,1.231,2024,Optimal,0.094515584,0.15955354,0.127034562,0.905484416,0.7248017715507987,0.872965438,0.9087669253373368,0.9363900117657884,3,Network Laggards
166,2024,FRME,First Merchants Corp,18311.969,221.167,2304.983,14521.626,1182.058,58.411,12854.359,3502.385,201.402,521.114,125.58,78.721,2024,Optimal,0.11508764,0.027141003,0.0711143215,0.88491236,0.9471523326968184,0.9288856785,0.9087669253373368,0.9363900117657884,2,Transformation Specialists
167,2024,FRST,Primis Financial Corp,3690.115,66.615,364.982,3171.035,128.557,10.809,2887.447,258.388,-16.205,104.222,43.14,16.739,2024,Optimal,0.065346592,0.096288359,0.0808174755,0.934653408,0.8243375327129602,0.9191825245,0.9087669253373368,0.9363900117657884,4,Funding-Rich Underperformers
168,2024,FSBC,Five Star Bancorp,4053.278,31.709,396.624,3557.994,80.752,1.965,3532.686,124.803,45.671,119.711,6.453,1.885,2024,Optimal,0.0,0.0,0.0,1.0,1.0,1.0,0.9087669253373368,0.9363900117657884,1,Network Leaders
169,2024,FSBW,FS Bancorp Inc,3029.177,55.092,295.767,2339.418,362.956,10.952,2533.821,305.251,35.024,123.105,21.556,13.601,2024,Optimal,0.16487331,0.02500822,0.094940765,0.8351266900000001,0.9512038644919356,0.905059235,0.9087669253373368,0.9363900117657884,2,Transformation Specialists
170,2024,FSFG,First Savings Financial Group Inc,2450.368,31.986,177.115,1880.881,354.376,15.688,1985.146,274.705,13.592,58.062,12.53,17.386,2024,Optimal,0.16697791,0.07522341,0.12110066,0.83302209,0.8600785486990095,0.87889934,0.9087669253373368,0.9363900117657884,3,Network Laggards
171,2024,FULT,Fulton Financial Corp,32071.81,432.821,3197.325,26129.433,1936.224,154.237,24044.919,4946.042,288.743,960.325,275.731,222.695,2024,Optimal,0.089550308,0.0094779359,0.04951412195,0.910449692,0.9812221038956144,0.95048587805,0.9087669253373368,0.9363900117657884,1,Network Leaders
172,2024,FUNC,First United Corp,1973.022,28.029,179.295,1574.829,187.722,8.992,1480.351,275.759,20.569,59.978,19.825,11.713,2024,Optimal,0.14066005,0.10009919,0.12037962,0.85933995,0.8180178825511181,0.87962038,0.9087669253373368,0.9363900117657884,3,Network Laggards
173,2024,FUSB,First US Bancshares Inc,1101.086,15.46,98.624,972.557,22.844,3.002,823.039,169.826,8.17,36.149,3.583,5.458,2024,Optimal,0.055945007,0.11693702,0.0864410135,0.944054993,0.7906112557716102,0.9135589865,0.9087669253373368,0.9363900117657884,4,Funding-Rich Underperformers
174,2024,FVCB,FVCBankcorp Inc,2198.95,18.752,235.354,1870.605,76.333,1.829,1870.235,164.926,15.064,55.589,2.534,12.86,2024,Optimal,0.058901797,0.0,0.0294508985,0.941098203,1.0,0.9705491015,0.9087669253373368,0.9363900117657884,1,Network Leaders
175,2024,FXNC,First National Corp/VA,2010.281,25.134,166.531,1803.778,32.476,6.763,1466.595,277.329,6.966,52.452,16.38,7.024,2024,Optimal,0.025335291,0.14250292,0.0839191055,0.974664709,0.7505425719174529,0.9160808945,0.9087669253373368,0.9363900117657884,4,Funding-Rich Underperformers
176,2024,GABC,German American Bancorp Inc,6295.91,82.257,715.067,5329.075,214.615,9.191,4124.902,1532.063,83.811,190.591,62.66,11.122,2024,Optimal,0.068725743,0.046627629,0.057676686,0.931274257,0.9108992965443682,0.942323314,0.9087669253373368,0.9363900117657884,4,Funding-Rich Underperformers
177,2024,GBCI,Glacier Bancorp Inc,27902.987,336.906,3223.854,20546.994,3815.2,25.631,17261.849,7639.721,190.144,704.632,128.446,27.786,2024,Optimal,0.17715023,0.0,0.088575115,0.82284977,1.0,0.911424885,0.9087669253373368,0.9363900117657884,2,Transformation Specialists
178,2024,GCBC,Greene County Bancorp Inc,2825.788,23.836,206.0,2389.222,201.296,5.76,1499.473,1047.979,24.769,50.979,13.908,3.728,2024,Optimal,0.053551717,0.064438183,0.05899495,0.946448283,0.8789254575246668,0.94100505,0.9087669253373368,0.9363900117657884,4,Funding-Rich Underperformers
179,2024,GLBZ,Glen Burnie Bancorp,358.956,6.58,17.817,309.189,30.064,0.527,205.219,109.62,-0.112,10.941,1.157,0.36,2024,Optimal,0.048819949,0.14937735,0.0990986495,0.951180051,0.740072570596593,0.9009013505,0.9087669253373368,0.9363900117657884,4,Funding-Rich Underperformers
180,2024,GNTY,Guaranty Bancshares Inc,3115.554,46.794,319.074,2692.167,85.293,5.826,2130.855,675.036,31.537,97.879,20.737,4.935,2024,Optimal,0.062364952,0.0629931,0.062679026,0.937635048,0.8814797574885482,0.937320974,0.9087669253373368,0.9363900117657884,4,Funding-Rich Underperformers
181,2024,GSBC,Great Southern Bancorp Inc,5981.628,78.599,599.568,4605.549,685.962,11.771,4755.153,749.198,61.807,189.143,30.565,9.566,2024,Optimal,0.15414776,0.014087237,0.0841174985,0.84585224,0.9722169129321168,0.9158825015,0.9087669253373368,0.9363900117657884,2,Transformation Specialists
182,2024,HAFC,Hanmi Financial Corp,7677.925,83.368,732.174,6435.776,432.938,15.591,6251.377,922.183,62.201,202.774,31.585,14.389,2024,Optimal,0.063098717,0.00061864173,0.0318586793649999,0.936901283,0.9987634815019428,0.968141320635,0.9087669253373368,0.9363900117657884,1,Network Leaders
183,2024,HARL,Harleysville Financial Corp,862.988,9.503,86.686,665.387,104.967,3.025,683.964,139.579,8.86,25.318,2.591,2.202,2024,Optimal,0.15495334,0.029143974,0.0920486569999999,0.84504666,0.9433626883384928,0.907951343,0.9087669253373368,0.9363900117657884,2,Transformation Specialists
184,2024,HBAN,Huntington Bancshares Inc,204230.0,2701.0,19782.0,162448.0,16953.0,711.0,124588.0,44464.0,1940.0,5345.0,2040.0,822.0,2024,Optimal,0.0097398494,0.0,0.0048699247,0.9902601506,1.0,0.9951300753,0.9087669253373368,0.9363900117657884,1,Network Leaders
185,2024,HBC2,HSBC USA Inc,170731.0,567.0,12489.0,123350.0,28069.0,610.0,62753.0,42735.0,825.0,1767.0,2030.0,879.0,2024,Optimal,0.0,0.0,0.0,1.0,1.0,1.0,0.9087669253373368,0.9363900117657884,1,Network Leaders
186,2024,HBCP,Home Bancorp Inc,3443.668,51.33,396.088,2780.696,246.281,10.389,2718.185,403.857,36.427,120.262,14.625,15.608,2024,Optimal,0.12306555,0.06262229,0.09284392,0.87693445,0.8821363139295714,0.90715608,0.9087669253373368,0.9363900117657884,3,Network Laggards
187,2024,HBIA,Hills Bancorporation,4588.242,44.548,540.944,3346.133,675.656,40.344,3438.461,972.16,47.604,115.823,26.821,34.53,2024,Optimal,0.18626973,0.0,0.093134865,0.81373027,1.0,0.906865135,0.9087669253373368,0.9363900117657884,2,Transformation Specialists
188,2024,HBNC,Horizon Bancorp Inc,7801.146,88.244,763.582,5600.652,1345.467,21.78,4847.04,2155.193,35.429,188.604,2.971,27.382,2024,Optimal,0.20106268,0.043010702,0.122036691,0.7989373200000001,0.9175258663836798,0.877963309,0.9087669253373368,0.9363900117657884,3,Network Laggards
189,2024,HBT,HBT Financial Inc,5032.902,76.441,544.605,4318.254,134.602,8.709,3466.146,1208.937,71.78,188.85,35.571,8.023,2024,Optimal,0.062754884,0.01759756,0.040176222,0.937245116,0.965413517697507,0.959823778,0.9087669253373368,0.9363900117657884,1,Network Leaders
190,2024,HFBK,Harford Bank (Alberdeen MD),713.432,9.645,65.032,643.357,1.305,6.522,499.547,101.109,6.964,22.804,2.028,6.619,2024,Optimal,0.024961788,0.0,0.012480894,0.975038212,1.0,0.987519106,0.9087669253373368,0.9363900117657884,1,Network Leaders
191,2024,HFBL,Home Federal Bancorp/LA,637.512,9.524,52.803,574.007,7.861,1.596,475.426,95.953,3.593,18.951,1.584,1.937,2024,Optimal,0.031336887,0.11186846,0.0716026735,0.968663113,0.7987739305061321,0.9283973265,0.9087669253373368,0.9363900117657884,4,Funding-Rich Underperformers
192,2024,HFWA,Heritage Financial Corp,7106.278,98.527,863.527,5684.613,429.978,5.761,4802.123,1489.217,43.258,209.364,7.473,5.274,2024,Optimal,0.12188545,0.015458051,0.0686717505,0.87811455,0.9695545256945332,0.9313282495,0.9087669253373368,0.9363900117657884,2,Transformation Specialists
193,2024,HIFS,Hingham Institution for Savings,4457.771,16.91,431.755,2492.095,1497.741,1.477,3900.642,180.859,28.191,44.374,21.479,1.521,2024,Optimal,0.23118823,0.0,0.115594115,0.76881177,1.0,0.8844058850000001,0.9087669253373368,0.9363900117657884,2,Transformation Specialists
194,2024,HLFN,Home Loan Financial Corp,330.606,4.762,38.936,244.916,42.805,0.984,297.756,13.597,5.478,13.694,1.375,0.515,2024,Optimal,0.15995226,0.0,0.07997613,0.8400477399999999,1.0,0.92002387,0.9087669253373368,0.9363900117657884,2,Transformation Specialists
195,2024,HNVR,Hanover Bancorp Inc,2312.11,25.6,196.638,1954.283,141.519,15.061,1985.524,95.398,12.346,53.092,15.339,16.368,2024,Optimal,0.075881132,0.08943049,0.082655811,0.924118868,0.8358215768313956,0.917344189,0.9087669253373368,0.9363900117657884,4,Funding-Rich Underperformers
196,2024,HOMB,Home Bancshares Inc,22490.748,241.022,3961.025,17146.297,1247.537,95.372,14764.5,4347.843,402.241,848.774,168.574,142.357,2024,Optimal,0.14043474,0.0056543047,0.07304452235,0.85956526,0.988754973406718,0.92695547765,0.9087669253373368,0.9363900117657884,2,Transformation Specialists
197,2024,HONE,HarborOne Bancorp Inc,5753.133,74.016,575.011,4550.753,539.238,17.582,4852.499,306.808,27.407,125.652,46.917,29.473,2024,Optimal,0.13031108,0.032789429,0.0815502545,0.86968892,0.9365031669006364,0.9184497455,0.9087669253373368,0.9363900117657884,2,Transformation Specialists
198,2024,HONT,Honat Bancorp Inc,1042.585,15.361,133.572,891.415,1.078,1.15,781.634,180.453,13.001,36.186,5.455,1.372,2024,Optimal,0.088344373,0.0,0.0441721865,0.911655627,1.0,0.9558278135,0.9087669253373368,0.9363900117657884,1,Network Leaders
199,2024,HOPE,Hope Bancorp Inc,17054.008,177.86,2134.505,14327.489,392.643,45.528,13618.272,2132.824,99.63,427.851,47.077,90.793,2024,Optimal,0.050906875,0.0,0.0254534375,0.949093125,1.0,0.9745465625,0.9087669253373368,0.9363900117657884,1,Network Leaders
200,2024,HTB,HomeTrust Bancshares Inc,4595.43,67.9,551.758,3779.203,207.677,8.315,3648.299,180.758,54.805,168.675,33.449,27.667,2024,Optimal,0.10312366,0.0,0.05156183,0.8968763399999999,1.0,0.94843817,0.9087669253373368,0.9363900117657884,2,Transformation Specialists
201,2024,HTBK,Heritage Commerce Corp,5645.006,63.952,689.727,4820.031,70.219,7.707,3491.937,878.846,40.528,163.648,8.748,7.667,2024,Optimal,0.051769312,0.17589012,0.113829716,0.948230688,0.7008391906549908,0.886170284,0.9087669253373368,0.9363900117657884,4,Funding-Rich Underperformers
202,2024,HWBK,Hawthorn Bancshares Inc,1825.185,26.578,149.547,1533.182,132.689,14.107,1466.16,223.801,18.256,58.593,14.316,6.196,2024,Optimal,0.09731322,0.036924096,0.067118658,0.90268678,0.9287814872034762,0.932881342,0.9087669253373368,0.9363900117657884,3,Network Laggards
203,2024,HWC,Hancock Whitney Corp,35081.785,469.377,4127.636,29492.851,967.376,62.664,23299.447,7609.112,460.815,1081.921,364.129,125.132,2024,Optimal,0.059198566,0.0,0.029599283,0.940801434,1.0,0.970400717,0.9087669253373368,0.9363900117657884,1,Network Leaders
204,2024,IBCP,Independent Bank Corp,5338.104,84.955,454.686,4654.088,130.729,5.801,4038.825,914.717,66.79,166.248,56.362,6.94,2024,Optimal,0.046800398,0.0055474283,0.02617391315,0.953199602,0.9889663517724298,0.97382608685,0.9087669253373368,0.9363900117657884,1,Network Leaders
205,2024,IBOC,International Bancshares Corp,15738.852,145.944,2796.707,12111.844,654.731,74.134,8809.826,5354.445,409.167,656.719,176.922,197.687,2024,Optimal,0.1208616,0.0,0.0604308,0.8791384,1.0,0.9395692,0.9087669253373368,0.9363900117657884,2,Transformation Specialists
206,2024,INBC,InBankshares Corp,1315.519,22.134,132.097,1129.209,47.297,2.53,914.508,303.027,10.243,44.531,10.71,11.574,2024,Optimal,0.093038772,0.03916097,0.066099871,0.906961228,0.9246296365422578,0.933900129,0.9087669253373368,0.9363900117657884,3,Network Laggards
207,2024,INBK,First Internet Bancorp,5737.859,51.756,384.063,4933.206,400.15,10.354,4170.646,865.501,25.276,87.377,47.345,28.905,2024,Optimal,0.016673533,0.11715637,0.0669149515,0.983326467,0.7902596751070756,0.9330850485,0.9087669253373368,0.9363900117657884,4,Funding-Rich Underperformers
208,2024,INDB,Independent Bank Corp,19373.565,233.653,2993.12,15305.978,757.905,54.493,14508.378,2738.677,192.081,561.729,128.014,101.529,2024,Optimal,0.11809537,0.0,0.059047685,0.88190463,1.0,0.940952315,0.9087669253373368,0.9363900117657884,2,Transformation Specialists
209,2024,IROQ,IF Bancorp Inc,887.745,12.012,73.916,727.177,76.021,0.148,646.796,194.974,1.79,17.729,4.386,0.173,2024,Optimal,0.11696371,0.0,0.058481855,0.88303629,1.0,0.941518145,0.9087669253373368,0.9363900117657884,2,Transformation Specialists
210,2024,ISBA,Isabella Bank Corp,2086.241,28.576,210.276,1747.06,112.991,1.487,1423.571,501.791,13.889,55.835,14.576,0.845,2024,Optimal,0.094618907,0.019593188,0.0571060475,0.905381093,0.9615666557395636,0.9428939525,0.9087669253373368,0.9363900117657884,2,Transformation Specialists
211,2024,ISTR,Investar Holding Corp,2722.812,38.615,241.296,2345.944,103.121,10.238,2125.084,392.903,20.252,69.753,14.205,14.044,2024,Optimal,0.06454102,0.076641675,0.0705913475,0.93545898,0.857628258724055,0.9294086525,0.9087669253373368,0.9363900117657884,4,Funding-Rich Underperformers
212,2024,JDVB,JD Bancshares Inc,1196.69,21.338,82.503,1026.877,80.454,12.134,726.031,350.162,13.633,43.819,11.144,7.614,2024,Optimal,0.098410784,0.072029107,0.0852199455,0.901589216,0.8656209863525655,0.9147800545,0.9087669253373368,0.9363900117657884,3,Network Laggards
213,2024,JFBC,Jeffersonville Bancorp,629.248,10.16,91.165,530.578,0.263,2.817,339.732,186.142,11.33,27.305,3.766,1.718,2024,Optimal,0.095310595,0.0,0.0476552975,0.904689405,1.0,0.9523447025,0.9087669253373368,0.9363900117657884,2,Transformation Specialists
214,2024,JPM,JPMorgan Chase & Co,4002814.0,51357.0,344758.0,2406032.0,760046.0,7597.0,1340940.0,900866.0,58471.0,92583.0,84973.0,9300.0,2024,Optimal,0.0,0.0,0.0,1.0,1.0,1.0,0.9087669253373368,0.9363900117657884,1,Network Leaders
215,2024,JUVF,Juniata Valley Financial Corp,848.874,11.47,47.457,747.957,47.505,4.952,533.869,259.969,6.229,22.929,5.825,0.496,2024,Optimal,0.050628274,0.0,0.025314137,0.949371726,1.0,0.974685863,0.9087669253373368,0.9363900117657884,1,Network Leaders
216,2024,KEY,KeyCorp,187168.0,2714.0,18176.0,149760.0,14755.0,591.0,101524.0,46143.0,-161.0,3765.0,809.0,772.0,2024,Optimal,0.0097294055,0.0026397733,0.0061845894,0.9902705945,0.9947343535130037,0.9938154106,0.9087669253373368,0.9363900117657884,1,Network Leaders
217,2024,KFFB,Kentucky First Federal Bancorp,374.968,4.989,47.997,256.139,68.988,4.771,335.152,14.091,-1.721,6.994,0.251,3.906,2024,Optimal,0.22606949,0.0,0.113034745,0.77393051,1.0,0.886965255,0.9087669253373368,0.9363900117657884,2,Transformation Specialists
218,2024,KISB,Kish Bancorp Inc,1692.55,25.518,106.111,1298.07,257.846,0.56,1424.0,171.442,14.52,49.03,12.523,0.722,2024,Optimal,0.18116013,0.0,0.090580065,0.81883987,1.0,0.909419935,0.9087669253373368,0.9363900117657884,2,Transformation Specialists
219,2024,KRNY,Kearny Financial Corp,7683.461,69.22,753.571,5158.123,1725.111,55.583,5732.787,1288.875,-86.667,142.594,-1.993,39.882,2024,Optimal,0.23876713,0.010181626,0.124474378,0.76123287,0.9798419893255907,0.8755256220000001,0.9087669253373368,0.9363900117657884,2,Transformation Specialists
220,2024,KSBI,KS Bancorp Inc,690.849,10.066,45.303,618.156,22.392,0.892,558.779,96.415,6.157,22.202,3.488,0.782,2024,Optimal,0.037303868,0.030684008,0.033993938,0.962696132,0.9404589422910692,0.966006062,0.9087669253373368,0.9363900117657884,1,Network Leaders
221,2024,LARK,Landmark Bancorp Inc,1574.142,23.103,136.215,1328.766,88.505,3.319,1052.046,382.802,13.003,45.724,14.744,13.282,2024,Optimal,0.096903224,0.07253973,0.0847214769999999,0.903096776,0.8647327871015091,0.915278523,0.9087669253373368,0.9363900117657884,3,Network Laggards
222,2024,LCNB,LCNB Corp,2307.394,35.17,253.036,1878.292,161.268,0.152,1721.812,306.795,13.492,60.795,20.404,4.618,2024,Optimal,0.12299783,0.0,0.061498915,0.87700217,1.0,0.938501085,0.9087669253373368,0.9363900117657884,2,Transformation Specialists
223,2024,LFGP,Ledyard Financial Group Inc,950.467,18.09,56.537,807.763,74.299,1.295,579.723,270.664,3.261,18.498,16.079,1.254,2024,Optimal,0.10548408,0.11991514,0.11269961,0.89451592,0.7858495957113322,0.88730039,0.9087669253373368,0.9363900117657884,3,Network Laggards
224,2024,LKFN,Lakeland Financial Corp,6678.374,66.728,683.911,5900.966,6.777,16.096,5117.948,1144.414,93.478,196.679,56.844,56.886,2024,Optimal,0.0059180684,0.0,0.0029590342,0.9940819316,1.0,0.9970409658,0.9087669253373368,0.9363900117657884,1,Network Leaders
225,2024,LOB,Live Oak Bancshares Inc,12943.38,183.268,1003.496,11760.494,115.588,141.444,10233.374,1256.003,77.474,375.905,123.781,306.241,2024,Optimal,0.0,0.0,0.0,1.0,1.0,1.0,0.9087669253373368,0.9363900117657884,1,Network Leaders
226,2024,LSBK,Lake Shore Bancorp Inc,685.504,11.452,89.868,572.978,11.572,3.381,549.72,57.652,4.931,21.063,3.304,3.804,2024,Optimal,0.10739235,0.0522347,0.079813525,0.89260765,0.9007166366971171,0.920186475,0.9087669253373368,0.9363900117657884,3,Network Laggards
227,2024,MBCN,Middlefield Banc Corp,1853.359,24.641,210.562,1445.693,184.466,10.877,1519.614,166.657,15.519,60.68,7.213,29.984,2024,Optimal,0.15956586,0.0,0.07978293,0.8404341399999999,1.0,0.92021707,0.9087669253373368,0.9363900117657884,2,Transformation Specialists
228,2024,MBIN,Merchants Bancorp,18805.732,130.723,2243.31,11919.976,4395.425,82.015,10438.388,2862.54,320.386,522.62,148.112,287.931,2024,Optimal,0.24967867,0.0,0.124839335,0.75032133,1.0,0.875160665,0.9087669253373368,0.9363900117657884,2,Transformation Specialists
229,2024,MBKL,MBT Bancshares Inc,612.276,9.689,44.423,529.148,35.498,2.177,450.262,129.016,5.94,20.923,4.289,2.032,2024,Optimal,0.071896428,0.089283263,0.0805898455,0.928103572,0.8360697055895184,0.9194101545,0.9087669253373368,0.9363900117657884,4,Funding-Rich Underperformers
230,2024,MBWM,Mercantile Bank Corp,6052.161,77.924,584.526,4698.366,652.666,3.615,4600.781,751.865,79.593,191.086,40.389,5.743,2024,Optimal,0.14626053,0.0,0.073130265,0.8537394700000001,1.0,0.926869735,0.9087669253373368,0.9363900117657884,2,Transformation Specialists
231,2024,MCB,Metropolitan Bank Holding Corp,7300.749,77.859,729.827,5982.973,529.971,51.897,6034.076,946.387,66.686,253.084,23.829,32.6,2024,Optimal,0.083653806,0.0,0.041826903,0.916346194,1.0,0.958173097,0.9087669253373368,0.9363900117657884,1,Network Leaders
232,2024,MCBK,Madison County Financial Inc,622.248,5.961,95.183,459.462,60.3,0.82,469.665,119.889,3.817,11.393,2.484,0.745,2024,Optimal,0.16661867,0.0,0.083309335,0.83338133,1.0,0.916690665,0.9087669253373368,0.9363900117657884,2,Transformation Specialists
233,2024,MCBS,Metrocity Bankshares Inc,3594.045,33.207,421.353,2736.798,382.94,38.381,3157.935,47.942,64.504,118.146,23.063,18.437,2024,Optimal,0.15119836,0.0,0.07559918,0.84880164,1.0,0.92440082,0.9087669253373368,0.9363900117657884,2,Transformation Specialists
234,2024,MCHB,Mechanics Bancorp,16490.112,191.173,2301.868,13941.804,56.094,56.047,9643.497,4522.995,28.999,519.169,-139.12,26.293,2024,Optimal,0.053922254,0.0,0.026961127,0.946077746,1.0,0.973038873,0.9087669253373368,0.9363900117657884,1,Network Leaders
235,2024,MFBP,M&F Bancorp Inc,525.006,9.501,128.073,390.764,1.156,0.805,284.027,180.847,4.77,19.728,4.435,2.206,2024,Optimal,0.19110255,0.0,0.095551275,0.80889745,1.0,0.904448725,0.9087669253373368,0.9363900117657884,2,Transformation Specialists
236,2024,MFGI,Merchants Financial Group Inc,2782.107,41.146,275.72,2423.758,55.311,10.587,2114.775,324.603,18.539,80.697,31.729,13.462,2024,Optimal,0.055499071,0.10148637,0.0784927205,0.944500929,0.8157283235379481,0.9215072795,0.9087669253373368,0.9363900117657884,4,Funding-Rich Underperformers
237,2024,MGYR,Magyar Bancorp Inc,951.918,11.823,110.548,796.674,30.981,5.412,780.162,97.781,7.783,27.974,3.613,3.957,2024,Optimal,0.093816652,0.042451935,0.0681342935,0.906183348,0.9185536837245162,0.9318657065,0.9087669253373368,0.9363900117657884,3,Network Laggards
238,2024,MNSB,MainStreet Bancshares Inc,2228.098,30.475,207.991,1907.794,79.513,1.004,1830.006,102.448,-9.98,62.574,3.252,21.65,2024,Optimal,0.072418035,0.0,0.0362090175,0.927581965,1.0,0.9637909825,0.9087669253373368,0.9363900117657884,1,Network Leaders
239,2024,MOFG,MidWestOne Financial Group Inc,6236.329,82.228,559.696,5477.982,118.741,30.288,4315.627,1333.589,-60.289,157.537,-88.247,25.184,2024,Optimal,0.033834273,0.04985519,0.0418447314999999,0.966165727,0.9050246348736914,0.9581552685,0.9087669253373368,0.9363900117657884,4,Funding-Rich Underperformers
240,2024,MPB,Mid Penn Bancorp Inc,5470.936,64.098,655.018,4689.927,79.436,14.509,4443.07,650.813,49.437,156.671,22.493,22.654,2024,Optimal,0.050653079,0.0044258912,0.0275394850999999,0.949346921,0.9911872219966128,0.9724605149,0.9087669253373368,0.9363900117657884,1,Network Leaders
241,2024,MRBK,Meridian Corp,2385.867,47.268,171.522,2005.368,181.24,35.466,2030.437,217.914,16.346,70.996,41.339,45.284,2024,Optimal,0.094458024,0.018434128,0.056446076,0.905541976,0.9637990764582862,0.943553924,0.9087669253373368,0.9363900117657884,2,Transformation Specialists
242,2024,MSBC,Mission Bancorp/CA,1875.856,21.236,189.486,1649.325,24.675,0.35,1290.802,244.922,30.142,71.132,7.228,1.062,2024,Optimal,0.043140617,0.0,0.0215703085,0.956859383,1.0,0.9784296915,0.9087669253373368,0.9363900117657884,1,Network Leaders
243,2024,MSBI,Midland States Bancorp Inc,7506.809,93.639,710.847,6197.243,484.565,67.701,5167.574,1246.089,38.044,236.346,138.741,157.409,2024,Optimal,0.086774433,0.0,0.0433872165,0.913225567,1.0,0.9566127835,0.9087669253373368,0.9363900117657884,1,Network Leaders
244,2024,MTB,M&T Bank Corp,208105.0,3162.0,29027.0,161095.0,14342.0,2205.0,132914.0,34051.0,2588.0,6852.0,2427.0,1725.0,2024,Optimal,0.041183741,0.0,0.0205918705,0.958816259,1.0,0.9794081295,0.9087669253373368,0.9363900117657884,1,Network Leaders
245,2024,MVBF,MVB Financial Corp,3128.704,67.955,305.791,2693.615,104.623,9.092,2100.131,454.223,20.091,109.198,42.913,27.434,2024,Optimal,0.066303499,0.14500469,0.1056540944999999,0.933696501,0.7467177361518057,0.8943459055,0.9087669253373368,0.9363900117657884,4,Funding-Rich Underperformers
246,2024,MYFW,First Western Financial Inc,2919.037,45.04,252.322,2514.209,130.562,50.816,2425.565,81.588,8.473,64.324,27.68,48.681,2024,Optimal,0.067174325,0.089412872,0.0782935985,0.932825675,0.8358512657632706,0.9217064015,0.9087669253373368,0.9363900117657884,4,Funding-Rich Underperformers
247,2024,NASB,NASB Financial Inc,2860.399,30.347,413.204,1729.642,687.649,23.424,2135.851,362.668,28.257,77.939,6.103,23.739,2024,Optimal,0.33961455,0.0,0.169807275,0.6603854499999999,1.0,0.830192725,0.9087669253373368,0.9363900117657884,2,Transformation Specialists
248,2024,NBHC,National Bank Holdings Corp,9807.693,146.243,1305.075,8237.893,152.344,32.316,7751.143,1137.117,118.815,345.388,61.231,36.656,2024,Optimal,0.077290105,0.0,0.0386450525,0.922709895,1.0,0.9613549475,0.9087669253373368,0.9363900117657884,1,Network Leaders
249,2024,NBN,Northeast Bank,3132.203,41.613,376.634,2339.463,365.442,15.683,2746.651,71.742,58.231,148.572,5.88,28.261,2024,Optimal,0.18667444,0.0,0.09333722,0.81332556,1.0,0.90666278,0.9087669253373368,0.9363900117657884,2,Transformation Specialists
250,2024,NBTB,NBT Bancorp Inc,13786.666,232.487,1526.141,11546.761,445.326,37.874,9969.91,2493.914,140.641,400.122,176.824,51.799,2024,Optimal,0.078302966,0.010862341,0.0445826535,0.921697034,0.9785087631432496,0.9554173465,0.9087669253373368,0.9363900117657884,1,Network Leaders
251,2024,NECB,Northeast Community Bancorp Inc,2009.581,20.942,318.341,1670.375,4.717,5.841,1812.598,37.007,47.074,102.792,2.783,5.12,2024,Optimal,0.092401496,0.0,0.046200748,0.907598504,1.0,0.953799252,0.9087669253373368,0.9363900117657884,2,Transformation Specialists
252,2024,NEFB,Neffs Bancorp Inc,457.47,4.574,67.272,368.521,18.4,0.161,238.636,208.169,2.243,9.816,0.334,0.116,2024,Optimal,0.082086202,0.0,0.041043101,0.917913798,1.0,0.958956899,0.9087669253373368,0.9363900117657884,1,Network Leaders
253,2024,NFBK,Northfield Bancorp Inc,5666.378,49.338,704.696,4138.477,760.053,11.433,4022.224,1160.275,29.945,114.485,16.822,20.347,2024,Optimal,0.17267777,0.025553812,0.099115791,0.82732223,0.95016582903599,0.900884209,0.9087669253373368,0.9363900117657884,2,Transformation Specialists
254,2024,NIC,Nicolet Bankshares Inc,8796.795,108.414,1172.898,7403.684,170.285,27.892,6626.584,867.56,124.059,268.065,82.267,29.112,2024,Optimal,0.066456821,0.039043933,0.052750377,0.933543179,0.9248464251414864,0.947249623,0.9087669253373368,0.9363900117657884,4,Funding-Rich Underperformers
255,2024,NIDB,Northeast Indiana Bancorp Inc,522.324,6.459,48.277,428.94,41.0,6.941,397.334,89.227,4.306,15.167,3.569,5.959,2024,Optimal,0.094907271,0.063252518,0.0790798945,0.905092729,0.8810207040581868,0.9209201055,0.9087669253373368,0.9363900117657884,3,Network Laggards
256,2024,NKSH,National Bankshares Inc,1811.636,19.214,156.409,1644.752,1.523,2.629,987.95,603.746,7.623,36.397,8.96,2.222,2024,Optimal,0.0096637515,0.0,0.00483187575,0.9903362485,1.0,0.99516812425,0.9087669253373368,0.9363900117657884,1,Network Leaders
257,2024,NRIM,Northrim BanCorp Inc,3041.869,67.847,267.116,2680.189,40.842,5.81,2129.263,529.417,36.971,113.183,42.041,11.598,2024,Optimal,0.044528386,0.073450784,0.058989585,0.955471614,0.8631501600356556,0.941010415,0.9087669253373368,0.9363900117657884,4,Funding-Rich Underperformers
258,2024,NTRS,Northern Trust Corp,155508.4,2888.9,12788.4,122482.7,16642.3,65.1,43390.6,51291.7,2031.1,2177.1,6113.3,56.0,2024,Optimal,0.036826622,0.0,0.018413311,0.963173378,1.0,0.981586689,0.9087669253373368,0.9363900117657884,1,Network Leaders
259,2024,NWBI,Northwest Bancshares Inc,14408.224,214.455,1596.856,12144.554,494.676,97.186,11180.014,1880.536,100.278,435.578,87.01,78.194,2024,Optimal,0.071510222,0.016259082,0.0438846519999999,0.928489778,0.9680020926002412,0.956115348,0.9087669253373368,0.9363900117657884,1,Network Leaders
260,2024,NWFL,Norwood Financial Corp.,2317.462,25.018,213.508,1859.163,218.753,7.719,1713.638,411.212,-0.16,62.191,-11.151,7.874,2024,Optimal,0.12299504,0.072792189,0.0978936145,0.8770049600000001,0.864293961595949,0.9021063855,0.9087669253373368,0.9363900117657884,3,Network Laggards
261,2024,NWPP,New Peoples Bankshares Inc,854.925,14.508,70.741,749.982,28.399,3.691,657.536,95.984,8.204,28.521,11.254,3.387,2024,Optimal,0.073003543,0.11161849,0.0923110165,0.926996457,0.7991784213664889,0.9076889835,0.9087669253373368,0.9363900117657884,4,Funding-Rich Underperformers
262,2024,OBK,Origin Bancorp Inc,9678.702,148.823,1145.245,8223.12,230.334,34.044,7573.713,1191.778,76.492,300.366,55.379,78.637,2024,Optimal,0.066680019,0.029491,0.0480855095,0.933319981,0.942707609877114,0.9519144905,0.9087669253373368,0.9363900117657884,1,Network Leaders
263,2024,OBT,Orange County Bancorp Inc,2509.927,36.413,185.531,2153.359,146.786,4.427,1815.751,453.491,27.883,91.766,15.972,6.299,2024,Optimal,0.070924328,0.092236728,0.081580528,0.929075672,0.8311048774767075,0.918419472,0.9087669253373368,0.9363900117657884,4,Funding-Rich Underperformers
264,2024,OCFC,OceanFirst Financial Corp.,13421.247,138.341,1702.757,10066.342,1349.259,29.548,10129.036,2066.113,100.065,334.035,50.187,37.338,2024,Optimal,0.15382353,0.011649571,0.0827365505,0.84617647,0.9769691574356434,0.9172634495,0.9087669253373368,0.9363900117657884,2,Transformation Specialists
265,2024,OFED,Oconee Federal Financial Corp,665.603,6.653,78.771,526.987,55.95,1.124,473.004,133.572,6.255,12.302,6.632,1.178,2024,Optimal,0.11724096,0.062076529,0.0896587445,0.88275904,0.8831034726688701,0.9103412555,0.9087669253373368,0.9363900117657884,3,Network Laggards
266,2024,OFG,OFG Bancorp,11500.734,159.71,1254.371,9604.786,422.562,100.021,7791.962,2720.259,198.17,588.44,123.249,93.58,2024,Optimal,0.080523956,0.0,0.040261978,0.919476044,1.0,0.959738022,0.9087669253373368,0.9363900117657884,1,Network Leaders
267,2024,ONB,Old National Bancorp,53552.272,603.095,6340.35,40823.56,5611.605,284.255,36165.287,10884.041,539.188,1530.783,354.697,452.273,2024,Optimal,0.14248882,0.0,0.07124441,0.85751118,1.0,0.92875559,0.9087669253373368,0.9363900117657884,2,Transformation Specialists
268,2024,OPBK,OP Bancorp,2366.013,31.717,204.993,2027.285,102.857,8.082,1956.852,202.346,21.069,65.608,16.427,25.357,2024,Optimal,0.069787031,0.036310405,0.0530487179999999,0.930212969,0.9299236892251408,0.946951282,0.9087669253373368,0.9363900117657884,4,Funding-Rich Underperformers
269,2024,ORBN,Oregon Bancorp Inc,470.024,14.862,73.479,332.869,57.092,0.443,300.985,101.009,3.378,15.741,12.193,0.958,2024,Optimal,0.22217517,0.0,0.111087585,0.77782483,1.0,0.888912415,0.9087669253373368,0.9363900117657884,2,Transformation Specialists
270,2024,ORPB,Oregon Pacific Bancorp,776.449,14.337,65.291,676.618,28.312,0.443,571.565,157.192,7.521,26.936,7.94,0.798,2024,Optimal,0.077364639,0.0,0.0386823195,0.922635361,1.0,0.9613176805,0.9087669253373368,0.9363900117657884,1,Network Leaders
271,2024,ORRF,Orrstown Financial Services Inc,5441.589,76.581,516.682,4623.096,224.177,25.527,3931.214,849.943,22.05,155.254,37.435,24.249,2024,Optimal,0.069521278,0.10740771,0.088464494,0.930478722,0.806019573405354,0.911535506,0.9087669253373368,0.9363900117657884,4,Funding-Rich Underperformers
272,2024,OSBC,Old Second Bancorp Inc,5649.377,98.025,671.034,4768.731,141.897,73.902,3981.336,1181.142,85.264,241.635,43.819,51.904,2024,Optimal,0.076889395,0.0,0.0384446975,0.923110605,1.0,0.9615553025,0.9087669253373368,0.9363900117657884,1,Network Leaders
273,2024,OTTW,Ottawa Bancorp Inc,353.651,4.729,40.2,282.808,23.631,4.8,306.018,16.821,0.778,8.932,0.612,4.834,2024,Optimal,0.10215069,0.0,0.051075345,0.89784931,1.0,0.948924655,0.9087669253373368,0.9363900117657884,2,Transformation Specialists
274,2024,OVBC,Ohio Valley Banc Corp.,1503.412,27.782,150.328,1275.178,49.264,2.511,1061.825,280.176,10.999,48.804,13.171,4.933,2024,Optimal,0.099791973,0.071955032,0.0858735025,0.900208027,0.8657499058225421,0.9141264975,0.9087669253373368,0.9363900117657884,3,Network Laggards
275,2024,OZK,Bank OZK,38258.852,296.016,5706.194,31043.072,947.025,128.397,29968.867,2876.08,716.456,1533.724,124.413,200.875,2024,Optimal,0.044127635,0.0,0.0220638175,0.955872365,1.0,0.9779361825,0.9087669253373368,0.9363900117657884,1,Network Leaders
276,2024,PB,Prosperity Bancshares Inc,39566.738,352.353,7438.495,28381.338,3463.896,72.667,22138.519,11232.624,479.386,1026.495,165.809,81.541,2024,Optimal,0.17338836,0.0,0.08669418,0.82661164,1.0,0.91330582,0.9087669253373368,0.9363900117657884,2,Transformation Specialists
277,2024,PBBK,PB Bankshares Inc,451.317,5.375,48.658,354.19,43.996,1.421,349.169,53.229,1.772,11.094,1.313,1.122,2024,Optimal,0.12211188,0.088470724,0.105291302,0.8778881199999999,0.8374403242103184,0.894708698,0.9087669253373368,0.9363900117657884,3,Network Laggards
278,2024,PBCO,PBCO Financial Corp,798.897,12.981,87.62,673.794,28.592,0.939,546.599,133.065,8.089,28.642,4.261,0.944,2024,Optimal,0.10307243,0.089455394,0.096263912,0.89692757,0.835779611551494,0.903736088,0.9087669253373368,0.9363900117657884,3,Network Laggards
279,2024,PBHC,Pathfinder Bancorp Inc,1474.874,17.81,121.483,1204.524,136.511,17.378,918.986,436.68,3.383,40.989,9.561,22.084,2024,Optimal,0.12010716,0.090916369,0.1055117645,0.87989284,0.8333211021788235,0.8944882355,0.9087669253373368,0.9363900117657884,3,Network Laggards
280,2024,PCB,PCB Bancorp,3063.971,35.661,363.814,2615.791,33.671,6.474,2629.387,160.391,25.81,88.617,11.093,4.693,2024,Optimal,0.063551761,0.0,0.0317758805,0.936448239,1.0,0.9682241195,0.9087669253373368,0.9363900117657884,1,Network Leaders
281,2024,PDLB,Ponce Financial Group Inc,3039.938,30.91,505.5,1884.864,626.796,12.726,2309.101,502.09,10.972,76.48,7.213,27.345,2024,Optimal,0.32055332,0.0,0.16027666,0.6794466800000001,1.0,0.83972334,0.9087669253373368,0.9363900117657884,2,Transformation Specialists
282,2024,PEBK,Peoples Bancorp of North Carolina Inc.,1651.962,28.209,130.563,1484.731,19.6,3.887,1138.404,390.731,16.353,54.079,27.715,4.809,2024,Optimal,0.040526352,0.040044548,0.04028545,0.959473648,0.9229945523448868,0.95971455,0.9087669253373368,0.9363900117657884,4,Funding-Rich Underperformers
283,2024,PEBO,Peoples Bancorp Inc,9254.247,150.041,1111.59,7590.205,442.515,39.367,6358.003,1918.487,117.205,348.701,99.366,48.936,2024,Optimal,0.099469659,0.051997006,0.0757333325,0.900530341,0.9011460950868904,0.9242666675,0.9087669253373368,0.9363900117657884,3,Network Laggards
284,2024,PFBC,Preferred Bank of Los Angeles,6923.429,53.648,763.152,5916.848,165.459,45.435,5631.381,383.727,130.662,272.628,13.565,52.842,2024,Optimal,0.015351038,0.047996647,0.0316738425,0.984648962,0.908403052362056,0.9683261575,0.9087669253373368,0.9363900117657884,4,Funding-Rich Underperformers
285,2024,PFIS,Peoples Financial Services Corp,5091.657,45.746,468.95,4407.552,168.292,4.948,3993.505,617.163,8.498,115.989,18.336,23.722,2024,Optimal,0.02095894,0.018378365,0.0196686525,0.97904106,0.9639066075407052,0.9803313475,0.9087669253373368,0.9363900117657884,1,Network Leaders
286,2024,PFLC,Pacific Financial Corp,1153.563,24.944,113.856,1014.731,17.443,0.664,704.248,306.191,9.532,44.223,6.869,1.094,2024,Optimal,0.076342465,0.021193085,0.048767775,0.923657535,0.9584934811813772,0.951232225,0.9087669253373368,0.9363900117657884,1,Network Leaders
287,2024,PFS,Provident Financial Services Inc,24051.825,218.341,2601.207,18666.06,2487.269,61.29,18659.37,3228.415,115.525,600.614,94.113,81.534,2024,Optimal,0.10916308,0.017846176,0.063504628,0.89083692,0.9649334517910494,0.936495372,0.9087669253373368,0.9363900117657884,2,Transformation Specialists
288,2024,PGC,Peapack-Gladstone Financial Corp,7011.238,122.325,605.849,6129.022,178.478,61.324,5512.326,911.593,32.988,149.006,79.122,100.168,2024,Optimal,0.04173781,0.033331026,0.037534418,0.95826219,0.935488192725571,0.962465582,0.9087669253373368,0.9363900117657884,4,Funding-Rich Underperformers
289,2024,PKBK,Parke Bancorp Inc,2142.236,12.768,300.073,1631.05,190.512,8.788,1868.153,23.379,27.512,58.708,4.301,13.335,2024,Optimal,0.060964677,0.011291895,0.036128286,0.939035323,0.9776683763494416,0.963871714,0.9087669253373368,0.9363900117657884,1,Network Leaders
290,2024,PLBC,Plumas Bancorp,1623.326,21.744,177.9,1371.101,61.832,5.315,1018.571,437.735,28.619,73.691,8.78,4.307,2024,Optimal,0.091659555,0.040611738,0.0661356465,0.908340445,0.9219464157149456,0.9338643535,0.9087669253373368,0.9363900117657884,3,Network Laggards
291,2024,PNBK,Patriot National Bancorp Inc,1012.292,17.896,4.265,966.597,34.625,21.311,707.472,86.598,-39.882,20.077,8.362,28.714,2024,Optimal,0.0,0.334515,0.1672575,1.0,0.4986718021153752,0.8327424999999999,0.9087669253373368,0.9363900117657884,4,Funding-Rich Underperformers
292,2024,PNC,The PNC Financial Services Group Inc,560038.0,7302.0,54469.0,426738.0,63543.0,2216.0,309712.0,139732.0,5889.0,13499.0,8056.0,2357.0,2024,Optimal,0.0,0.0,0.0,1.0,1.0,1.0,0.9087669253373368,0.9363900117657884,1,Network Leaders
293,2024,PNFP,Pinnacle Financial Partners Inc,52589.449,621.031,6431.881,42842.992,2835.203,86.635,35485.776,8381.268,475.056,1365.59,371.178,149.103,2024,Optimal,0.085201299,0.018675215,0.0519382569999999,0.914798701,0.963334309650402,0.948061743,0.9087669253373368,0.9363900117657884,1,Network Leaders
294,2024,PPBN,Pinnacle Bankshares Corp,1043.994,16.362,78.386,950.919,11.268,1.557,711.108,177.438,9.178,35.448,7.879,1.582,2024,Optimal,0.035046881,0.11590885,0.0754778654999999,0.964953119,0.7922610793883389,0.9245221345,0.9087669253373368,0.9363900117657884,4,Funding-Rich Underperformers
295,2024,PRK,Park National Corp,9805.35,189.035,1243.848,8143.526,296.588,62.101,7817.128,1100.861,151.42,398.019,122.588,70.87,2024,Optimal,0.087707594,2.1872496e-05,0.043864733248,0.912292406,0.9999562559647912,0.956135266752,0.9087669253373368,0.9363900117657884,1,Network Leaders
296,2024,PROV,Provident Financial Holdings Inc,1272.2,17.642,129.941,888.348,239.907,1.3,1060.044,142.008,7.351,34.923,3.941,2.596,2024,Optimal,0.25173975,0.0,0.125869875,0.74826025,1.0,0.874130125,0.9087669253373368,0.9363900117657884,2,Transformation Specialists
297,2024,PSBQ,PSB Holdings Inc/WI,1465.956,19.752,116.286,1147.349,187.408,5.94,1090.546,287.441,10.289,38.983,6.07,10.413,2024,Optimal,0.16292765,0.07849206,0.120709855,0.83707235,0.8544410980642732,0.879290145,0.9087669253373368,0.9363900117657884,3,Network Laggards
298,2024,PVBC,Provident Bancorp Inc,1593.17,29.668,231.087,1308.96,48.425,16.517,1326.595,28.39,7.271,50.491,5.912,20.887,2024,Optimal,0.12707078,0.05162336,0.08934707,0.8729292200000001,0.9018215799238236,0.91065293,0.9087669253373368,0.9363900117657884,3,Network Laggards
299,2024,PVBK,Pacific Valley Bancorp,655.647,7.578,56.379,579.52,17.818,0.107,485.992,27.7,4.423,17.427,1.478,0.168,2024,Optimal,0.030808118,0.0,0.015404059,0.969191882,1.0,0.984595941,0.9087669253373368,0.9363900117657884,1,Network Leaders
300,2024,QCRH,QCR Holdings Inc,9026.03,128.186,997.387,7061.187,572.832,34.186,6782.261,1152.318,113.85,231.788,115.529,45.554,2024,Optimal,0.1410367,0.041652783,0.0913447414999999,0.8589633,0.9200255907154812,0.9086552585,0.9087669253373368,0.9363900117657884,3,Network Laggards
301,2024,QNBC,QNB Corp,1870.894,19.741,103.349,1628.541,125.838,1.94,1216.048,551.995,11.448,42.862,6.913,1.975,2024,Optimal,0.050540755,0.061673103,0.056106929,0.949459245,0.8838190346430959,0.943893071,0.9087669253373368,0.9363900117657884,4,Funding-Rich Underperformers
302,2024,QNTO,Quaint Oak Bancorp Inc,685.168,14.636,52.617,553.252,69.855,0.452,539.511,3.88,2.795,17.817,8.156,5.7,2024,Optimal,0.13818374,0.0,0.06909187,0.86181626,1.0,0.93090813,0.9087669253373368,0.9363900117657884,2,Transformation Specialists
303,2024,RBB,RBB Bancorp,3992.477,39.395,507.877,3083.789,364.39,31.619,3053.23,440.381,26.665,99.364,15.335,81.038,2024,Optimal,0.1413273,0.0,0.07066365,0.8586727000000001,1.0,0.92933635,0.9087669253373368,0.9363900117657884,2,Transformation Specialists
304,2024,RBCAA,Republic Bancorp Inc,6846.667,118.65,992.029,5210.546,535.439,21.988,5439.466,620.104,101.371,312.154,72.65,23.92,2024,Optimal,0.16698706,0.0,0.08349353,0.83301294,1.0,0.91650647,0.9087669253373368,0.9363900117657884,2,Transformation Specialists
305,2024,RBKB,Rhinebeck Bancorp Inc,1255.765,20.372,121.833,1030.208,82.314,4.206,980.318,163.907,-8.62,38.231,-9.52,4.134,2024,Optimal,0.1344601,0.086418664,0.110439382,0.8655399,0.8409109363386269,0.889560618,0.9087669253373368,0.9363900117657884,3,Network Laggards
306,2024,RF,Regions Financial Corp,157302.0,2529.0,17910.0,127603.0,7020.0,823.0,96727.0,32102.0,1893.0,4818.0,2265.0,942.0,2024,Optimal,0.011441669,0.0,0.0057208345,0.988558331,1.0,0.9942791655,0.9087669253373368,0.9363900117657884,1,Network Leaders
307,2024,RMBI,Richmond Mutual Bancorporation Inc,1504.875,18.348,132.872,1093.94,265.404,8.135,1174.67,275.597,9.377,38.707,4.758,6.814,2024,Optimal,0.21626375,0.018129634,0.117196692,0.78373625,0.9643863936485716,0.882803308,0.9087669253373368,0.9363900117657884,2,Transformation Specialists
308,2024,RNST,Renasant Corp,18034.868,283.768,2678.318,14572.612,588.017,78.992,12885.02,1957.125,195.457,512.196,203.66,121.948,2024,Optimal,0.10590488,0.061817539,0.0838612095,0.89409512,0.883562784132915,0.9161387905,0.9087669253373368,0.9363900117657884,3,Network Laggards
309,2024,RRBI,Red River Bancshares Inc,3149.594,38.623,319.739,2805.106,2.864,2.602,2075.013,687.209,34.235,89.294,20.441,3.272,2024,Optimal,0.024112999,0.0,0.0120564995,0.975887001,1.0,0.9879435005,0.9087669253373368,0.9363900117657884,1,Network Leaders
310,2024,RVSB,Riverview Bancorp Inc,1513.323,26.099,160.014,1232.328,105.59,0.178,1062.46,326.857,4.903,36.344,14.256,0.155,2024,Optimal,0.1369859,0.0,0.06849295,0.8630141,1.0,0.93150705,0.9087669253373368,0.9363900117657884,2,Transformation Specialists
311,2024,SBCF,Seacoast Banking Corp of Florida,15176.308,190.569,2183.243,12242.427,628.754,72.664,10299.95,2939.029,120.986,431.971,83.428,98.867,2024,Optimal,0.10326009,0.046473469,0.0748667795,0.89673991,0.9111807984116224,0.9251332205,0.9087669253373368,0.9363900117657884,3,Network Laggards
312,2024,SBFG,SB Financial Group Inc,1379.517,23.603,127.508,1152.605,75.585,3.329,1046.735,206.81,11.47,39.922,17.017,5.516,2024,Optimal,0.11715704,0.071590171,0.0943736055,0.88284296,0.8663851667598023,0.9056263945,0.9087669253373368,0.9363900117657884,3,Network Laggards
313,2024,SBKO,Summit Bank Group Inc,1254.851,20.058,108.728,1113.884,23.205,2.308,1047.922,45.559,11.306,50.937,1.046,2.456,2024,Optimal,0.059957538,0.059906409,0.0599319735,0.940042462,0.886959058854035,0.9400680265,0.9087669253373368,0.9363900117657884,4,Funding-Rich Underperformers
314,2024,SBNC,Southern Bancshares NC Inc,5385.584,62.646,603.651,4443.927,274.869,7.488,3248.926,1690.362,157.824,125.488,178.961,6.008,2024,Optimal,0.086457871,0.0,0.0432289355,0.913542129,1.0,0.9567710645,0.9087669253373368,0.9363900117657884,1,Network Leaders
315,2024,SBSI,Southside Bancshares Inc,8517.448,90.29,811.942,6654.248,976.447,4.001,4661.597,2856.413,88.494,216.127,41.733,3.589,2024,Optimal,0.12498561,0.0,0.062492805,0.87501439,1.0,0.937507195,0.9087669253373368,0.9363900117657884,2,Transformation Specialists
316,2024,SFBC,Sound Financial Bancorp Inc,993.633,17.59,103.666,837.799,40.772,4.131,900.171,11.65,4.64,31.002,4.655,7.491,2024,Optimal,0.11349717,0.005609024,0.059553097,0.88650283,0.988844523336338,0.940446903,0.9087669253373368,0.9363900117657884,2,Transformation Specialists
317,2024,SFBS,ServisFirst Bancshares Inc,17351.643,96.318,1616.772,13543.459,2085.524,22.528,12605.836,1887.553,227.242,446.659,35.056,44.997,2024,Optimal,0.021069417,0.012948686,0.0170090515,0.978930583,0.9744336782722278,0.9829909485,0.9087669253373368,0.9363900117657884,1,Network Leaders
318,2024,SFDL,Security Federal Corp,1611.773,21.799,182.389,1324.033,93.923,6.825,700.444,661.912,9.807,41.827,10.247,7.636,2024,Optimal,0.11785988,0.10805158,0.11295573,0.88214012,0.8049701260296926,0.88704427,0.9087669253373368,0.9363900117657884,3,Network Laggards
319,2024,SFIGA,Star Financial Group Inc,2975.885,44.878,211.651,2603.176,135.31,4.33,1713.337,1021.636,23.708,83.678,30.412,3.97,2024,Optimal,0.051477888,0.061559482,0.056518685,0.948522112,0.8840206638557442,0.943481315,0.9087669253373368,0.9363900117657884,4,Funding-Rich Underperformers
320,2024,SFNC,Simmons First National Corp,26876.049,284.124,3528.872,21885.75,1218.093,90.271,17005.937,6166.062,152.693,628.465,147.171,121.229,2024,Optimal,0.079401552,0.051311944,0.0653567479999999,0.920598448,0.9023849309563252,0.934643252,0.9087669253373368,0.9363900117657884,4,Funding-Rich Underperformers
321,2024,SFST,Southern First Bankshares Inc,4087.593,43.546,330.444,3435.765,288.129,3.963,3631.767,151.617,15.53,81.222,12.141,10.877,2024,Optimal,0.068008035,0.0,0.0340040175,0.931991965,1.0,0.9659959825,0.9087669253373368,0.9363900117657884,1,Network Leaders
322,2024,SHBI,Shore Bancshares Inc,6230.763,66.579,541.066,5528.336,135.561,13.701,4771.988,656.356,43.889,170.549,31.147,24.796,2024,Optimal,0.0089411089,0.097081597,0.05301135295,0.9910588911,0.8230184568486568,0.94698864705,0.9087669253373368,0.9363900117657884,4,Funding-Rich Underperformers
323,2024,SLBK,Skyline Bankshares Inc,1217.599,17.77,88.668,1092.203,30.776,1.731,984.459,122.321,7.425,39.47,7.285,2.703,2024,Optimal,0.046028093,0.071063341,0.058545717,0.953971907,0.867303196216852,0.941454283,0.9087669253373368,0.9363900117657884,4,Funding-Rich Underperformers
324,2024,SMBC,Southern Missouri Bancorp Inc,4604.316,53.253,488.748,3952.457,131.875,11.29,3849.803,445.705,50.182,139.483,24.844,10.568,2024,Optimal,0.05105393,0.016449503,0.0337517165,0.94894607,0.967633408346504,0.9662482835,0.9087669253373368,0.9363900117657884,1,Network Leaders
325,2024,SMBK,SmartFinancial Inc,5275.904,72.1,491.461,4686.483,60.291,9.735,3906.34,623.727,36.141,137.35,34.152,10.088,2024,Optimal,0.025712157,0.06622493,0.0459685435,0.974287843,0.8757768119340448,0.9540314565,0.9087669253373368,0.9363900117657884,4,Funding-Rich Underperformers
326,2024,SNV,Synovus Financial Corp.,60233.644,737.467,5266.251,51095.359,1864.837,288.177,42609.028,10296.861,482.46,1749.577,239.604,309.549,2024,Optimal,0.046295008,0.002808417,0.0245517125,0.953704992,0.9943988962350324,0.9754482875,0.9087669253373368,0.9363900117657884,1,Network Leaders
327,2024,SOMC,Southern Michigan Bancorp Inc,1496.555,22.388,107.223,1251.795,122.471,0.889,1116.434,219.774,10.402,41.087,8.491,0.914,2024,Optimal,0.10761736,0.071067389,0.0893423744999999,0.89238264,0.8672961389173618,0.9106576255,0.9087669253373368,0.9363900117657884,3,Network Laggards
328,2024,SOME,Somerset Trust Holding Co,2315.592,36.821,151.249,1881.406,264.349,9.691,1522.856,608.647,24.489,80.531,17.669,20.244,2024,Optimal,0.12614973,0.10420724,0.115178485,0.87385027,0.8112541989853281,0.8848215150000001,0.9087669253373368,0.9363900117657884,3,Network Laggards
329,2024,SPFI,South Plains Financial Inc,4232.239,74.338,438.949,3620.876,119.26,6.09,3055.054,577.24,49.717,147.098,48.072,24.553,2024,Optimal,0.067582771,0.028694122,0.0481384465,0.932417229,0.9442125285129216,0.9518615535,0.9087669253373368,0.9363900117657884,1,Network Leaders
330,2024,SRCE,1st Source Corp,8931.938,121.909,1181.506,7230.035,366.268,24.235,6854.808,1560.154,132.623,300.817,86.307,31.334,2024,Optimal,0.10948192,0.0,0.05474096,0.89051808,1.0,0.94525904,0.9087669253373368,0.9363900117657884,2,Transformation Specialists
331,2024,SSB,SouthState Bank Corp,46381.204,606.869,5890.415,38060.866,1010.306,184.124,33902.927,6795.313,534.783,1415.454,302.262,213.354,2024,Optimal,0.079401404,0.0,0.039700702,0.920598596,1.0,0.960299298,0.9087669253373368,0.9363900117657884,1,Network Leaders
332,2024,SSBI,Summit State Bank,1067.094,15.639,91.723,962.562,7.223,44.206,918.768,74.117,-4.193,29.476,3.459,32.191,2024,Optimal,0.039073631,0.0,0.0195368155,0.960926369,1.0,0.9804631845,0.9087669253373368,0.9363900117657884,1,Network Leaders
333,2024,STBA,S&T Bancorp Inc,9657.972,121.99,1380.294,7783.117,297.167,23.022,7742.958,1002.822,131.265,334.806,49.083,27.945,2024,Optimal,0.10740165,0.0,0.053700825,0.89259835,1.0,0.946299175,0.9087669253373368,0.9363900117657884,2,Transformation Specialists
334,2024,STD2,Santander Holdings USA Inc,165248.75,2145.506,17675.527,78114.605,60871.277,3175.729,87304.499,18596.554,1077.399,5577.558,3604.667,3318.747,2024,Optimal,0.45270791,0.0,0.226353955,0.54729209,1.0,0.773646045,0.9087669253373368,0.9363900117657884,2,Transformation Specialists
335,2024,STEL,Stellar Bancorp Inc,10905.79,165.357,1607.86,9128.384,88.378,39.191,7439.854,1681.225,115.003,407.992,23.046,38.92,2024,Optimal,0.079941567,0.0,0.0399707835,0.920058433,1.0,0.9600292165,0.9087669253373368,0.9363900117657884,1,Network Leaders
336,2024,SYBT,Stock Yards Bancorp Inc,8863.419,121.11,940.476,7166.401,527.492,19.178,6520.402,1381.888,114.539,257.04,95.23,22.224,2024,Optimal,0.11058453,0.040421859,0.0755031945,0.88941547,0.9222971746501916,0.9244968055,0.9087669253373368,0.9363900117657884,3,Network Laggards
337,2024,TBBK,Bancorp Inc (The),8727.543,131.597,789.783,7746.046,123.696,30.218,6113.628,1518.502,217.54,376.241,157.514,95.789,2024,Optimal,0.025385514,0.0,0.012692757,0.974614486,1.0,0.987307243,0.9087669253373368,0.9363900117657884,1,Network Leaders
338,2024,TCBI,Texas Capital Bancshares Inc,30731.883,466.578,3367.936,25238.599,1770.553,81.398,22450.066,4396.115,77.508,901.3,31.046,111.165,2024,Optimal,0.082649154,0.044438811,0.0635439825,0.917350846,0.9149039454835042,0.9364560175,0.9087669253373368,0.9363900117657884,4,Funding-Rich Underperformers
339,2024,TCBK,TriCo Bancshares,9673.728,140.581,1220.907,8087.576,216.238,34.595,6768.523,2036.61,114.868,331.434,64.407,46.882,2024,Optimal,0.081687874,0.007491928,0.0445899009999999,0.918312126,0.9851275671957542,0.955410099,0.9087669253373368,0.9363900117657884,1,Network Leaders
340,2024,TCBS,Texas Community Bancshares Inc,443.457,6.84,52.108,335.828,49.878,1.342,295.638,101.537,-1.305,12.55,-1.903,2.74,2024,Optimal,0.16483992,0.0873137,0.1260768099999999,0.83516008,0.8393955672590165,0.87392319,0.9087669253373368,0.9363900117657884,3,Network Laggards
341,2024,TCBX,Third Coast Bancshares Inc,4942.446,65.116,460.719,4310.498,132.534,17.319,3966.425,400.005,47.671,160.758,10.621,28.808,2024,Optimal,0.042557701,0.095648937,0.069103319,0.957442299,0.8254022182289581,0.930896681,0.9087669253373368,0.9363900117657884,4,Funding-Rich Underperformers
342,2024,TECTP,Tectonic Financial Inc,863.38,37.022,113.429,711.147,23.973,2.57,669.367,47.208,13.935,32.016,45.072,15.938,2024,Optimal,0.1294507,0.0,0.06472535,0.8705493,1.0,0.93527465,0.9087669253373368,0.9363900117657884,2,Transformation Specialists
343,2024,TFC,Truist Financial Corp,531176.0,6506.0,63679.0,390524.0,65462.0,1488.0,306383.0,119374.0,4818.0,14091.0,-813.0,1477.0,2024,Optimal,0.0052277099,0.0,0.00261385495,0.9947722901,1.0,0.99738614505,0.9087669253373368,0.9363900117657884,1,Network Leaders
344,2024,TFIN,Triumph Financial Inc,5948.975,219.58,890.919,4820.82,171.463,75.781,4546.96,401.936,16.09,350.456,65.414,120.272,2024,Optimal,0.11369998,0.0,0.05684999,0.88630002,1.0,0.94315001,0.9087669253373368,0.9363900117657884,2,Transformation Specialists
345,2024,TFSL,TFS Financial Corp,17090.785,107.782,1862.624,10195.079,4811.151,33.358,15392.061,754.745,79.588,278.458,24.702,33.784,2024,Optimal,0.27595585,0.0,0.137977925,0.72404415,1.0,0.862022075,0.9087669253373368,0.9363900117657884,2,Transformation Specialists
346,2024,THFF,First Financial Corp,5560.348,74.555,549.041,4718.914,223.006,27.665,3837.141,1213.545,47.275,174.986,42.772,16.719,2024,Optimal,0.068303771,0.032660172,0.0504819715,0.931696229,0.9367455569885192,0.9495180285,0.9087669253373368,0.9363900117657884,1,Network Leaders
347,2024,TMP,Tompkins Financial Corp,8109.08,127.811,713.444,6471.805,855.817,62.397,6019.922,1587.017,70.85,211.102,88.127,65.185,2024,Optimal,0.12474643,0.040679035,0.0827127325,0.87525357,0.9218221302978395,0.9172872675,0.9087669253373368,0.9363900117657884,3,Network Laggards
348,2024,TOWN,TowneBank,17246.89,289.248,2155.627,14437.298,349.456,7.751,11459.055,2589.876,161.757,442.605,251.145,7.867,2024,Optimal,0.073931645,0.0,0.0369658225,0.926068355,1.0,0.9630341775,0.9087669253373368,0.9363900117657884,1,Network Leaders
349,2024,TRCY,Tri City Bankshares Corp,1907.15,30.891,153.555,1738.134,11.533,6.604,1177.752,479.657,11.727,52.968,12.529,7.393,2024,Optimal,0.022041119,0.12228711,0.0721641145,0.977958881,0.7820751768235135,0.9278358855,0.9087669253373368,0.9363900117657884,4,Funding-Rich Underperformers
350,2024,TRMK,Trustmark Corp,18152.422,266.239,1962.327,15108.175,849.805,106.875,13089.942,3027.919,223.009,584.421,-23.419,86.026,2024,Optimal,0.078315833,0.033802034,0.0560589335,0.921684167,0.9346063697143006,0.9439410665,0.9087669253373368,0.9363900117657884,4,Funding-Rich Underperformers
351,2024,TRST,TrustCo Bank Corp NY,6238.744,48.149,676.343,5390.983,124.94,17.86,5098.058,370.057,48.833,151.939,19.834,20.975,2024,Optimal,0.0055964626,0.045664567,0.0256305148,0.9944035374,0.9126592438127435,0.9743694852,0.9087669253373368,0.9363900117657884,4,Funding-Rich Underperformers
352,2024,TSBK,Timberland Bancorp Inc,1923.475,23.73,245.413,1647.668,21.575,1.596,1439.001,250.257,24.283,64.167,11.136,3.936,2024,Optimal,0.070952793,0.029788669,0.050370731,0.929047207,0.942146054046357,0.949629269,0.9087669253373368,0.9363900117657884,1,Network Leaders
353,2024,UBAB,United Bancorporation of Alabama Inc,1400.678,22.651,265.706,1090.115,33.968,2.959,871.416,270.853,28.003,59.464,23.941,15.313,2024,Optimal,0.17696094,0.0,0.08848047,0.8230390599999999,1.0,0.91151953,0.9087669253373368,0.9363900117657884,2,Transformation Specialists
354,2024,UBCP,United Bancorp Inc,816.656,10.083,63.457,613.494,132.214,4.018,490.971,244.657,7.402,24.8,4.46,4.155,2024,Optimal,0.18127238,0.061226109,0.1212492445,0.81872762,0.8846125090953638,0.8787507555,0.9087669253373368,0.9363900117657884,3,Network Laggards
355,2024,UBFO,United Security Bancshares,1211.718,13.884,130.362,1057.622,14.733,16.456,928.462,160.708,14.783,46.85,4.713,17.201,2024,Optimal,0.054492168,0.085798003,0.0701450855,0.945507832,0.8419632330084512,0.9298549145,0.9087669253373368,0.9363900117657884,4,Funding-Rich Underperformers
356,2024,UBOH,United Bancshares Inc/OH,1189.33,15.34,94.74,1071.105,18.082,1.421,762.165,237.779,9.155,32.299,8.419,4.276,2024,Optimal,0.032638465,0.17005937,0.1013489175,0.967361535,0.7093149726239961,0.8986510825,0.9087669253373368,0.9363900117657884,4,Funding-Rich Underperformers
357,2024,UBSI,United Bankshares Inc,30023.545,288.239,4993.223,23961.859,803.281,48.113,21673.493,3259.296,372.996,911.068,123.695,73.727,2024,Optimal,0.088015292,0.0,0.044007646,0.911984708,1.0,0.955992354,0.9087669253373368,0.9363900117657884,1,Network Leaders
358,2024,UCB,United Community Banks Inc,27720.258,340.043,3432.127,23460.975,494.314,92.877,18175.98,6804.398,252.397,827.368,124.756,115.635,2024,Optimal,0.054993341,0.0,0.0274966705,0.945006659,1.0,0.9725033295,0.9087669253373368,0.9363900117657884,1,Network Leaders
359,2024,UMBF,UMB Financial Corp,50409.664,593.913,3466.541,43142.029,3050.128,14.95,25640.809,13621.619,441.243,1000.892,628.117,47.673,2024,Optimal,0.0,0.0,0.0,1.0,1.0,1.0,0.9087669253373368,0.9363900117657884,1,Network Leaders
360,2024,UNB,Union Bankshares Inc,1528.358,21.394,66.48,1168.894,278.453,2.02,1157.898,252.258,8.761,38.364,9.723,1.893,2024,Optimal,0.18332581,0.081091951,0.1322088805,0.81667419,0.8499813990382767,0.8677911195,0.9087669253373368,0.9363900117657884,3,Network Laggards
361,2024,UNTY,Unity Bancorp Inc,2654.017,29.749,295.583,2100.313,235.588,19.186,2248.494,157.535,41.45,98.611,8.469,15.046,2024,Optimal,0.1339417,0.049776484,0.091859092,0.8660583,0.9051674622957168,0.908140908,0.9087669253373368,0.9363900117657884,3,Network Laggards
362,2024,USB,U.S. Bancorp,678318.0,10554.0,59040.0,518309.0,74889.0,1494.0,371562.0,164626.0,6299.0,16289.0,11046.0,1832.0,2024,Optimal,0.0,0.0,0.0,1.0,1.0,1.0,0.9087669253373368,0.9363900117657884,1,Network Leaders
363,2024,UVSP,Univest Financial Corp,8128.417,123.745,887.301,6759.259,416.927,40.093,6826.583,532.958,75.931,211.17,88.055,33.205,2024,Optimal,0.087738745,0.011356551,0.049547648,0.912261255,0.97754194405767,0.950452352,0.9087669253373368,0.9363900117657884,1,Network Leaders
364,2024,UWHR,Uwharrie Capital Corp,1128.808,20.806,57.679,1030.236,31.771,1.242,666.377,361.774,9.342,35.925,9.736,0.192,2024,Optimal,0.040903602,0.0,0.020451801,0.959096398,1.0,0.979548199,0.9087669253373368,0.9363900117657884,1,Network Leaders
365,2024,VABK,Virginia National Bankshares Corp,1616.826,15.933,160.302,1423.546,29.131,2.732,1235.969,269.73,16.966,46.376,7.589,3.021,2024,Optimal,0.040800701,0.049044268,0.0449224845,0.959199299,0.9064972384940384,0.9550775155,0.9087669253373368,0.9363900117657884,4,Funding-Rich Underperformers
366,2024,VBTX,Veritex Holdings Inc,12768.341,140.971,1601.069,10752.592,251.424,95.823,9504.544,1547.158,107.241,385.245,40.402,79.172,2024,Optimal,0.055795411,0.0355605,0.0456779555,0.944204589,0.931321250665702,0.9543220445,0.9087669253373368,0.9363900117657884,4,Funding-Rich Underperformers
367,2024,VLY,Valley National Bancorp,62491.691,556.556,7435.127,50075.857,3692.631,293.386,48799.711,6972.81,380.271,1628.708,224.501,373.329,2024,Optimal,0.065935201,0.0,0.0329676005,0.934064799,1.0,0.9670323995,0.9087669253373368,0.9363900117657884,1,Network Leaders
368,2024,WABC,Westamerica Bancorporation,6076.274,50.292,889.957,5011.85,138.307,0.791,820.3,4254.671,138.636,250.595,43.155,0.735,2024,Optimal,0.057814737,0.0,0.0289073685,0.942185263,1.0,0.9710926315,0.9087669253373368,0.9363900117657884,1,Network Leaders
369,2024,WAFD,WaFd Inc,28060.33,234.148,3000.3,21373.97,3359.095,57.924,21120.107,3105.298,200.041,660.832,60.996,77.418,2024,Optimal,0.11813111,0.052243327,0.0851872185,0.88186889,0.9007010533410587,0.9148127815,0.9087669253373368,0.9363900117657884,3,Network Laggards
370,2024,WAL,Western Alliance Bancorporation,80934.0,631.1,6707.0,66341.0,6631.0,418.0,53676.0,15327.0,787.7,2618.9,543.2,656.0,2024,Optimal,0.0067148582,0.0,0.0033574291,0.9932851418,1.0,0.9966425709,0.9087669253373368,0.9363900117657884,1,Network Leaders
371,2024,WASH,Washington Trust Bancorp Inc,6930.647,86.26,499.728,5115.8,1177.259,45.301,5137.838,966.122,-28.059,128.448,-27.797,23.307,2024,Optimal,0.18522468,0.074137772,0.129681226,0.81477532,0.8619585421301057,0.870318774,0.9087669253373368,0.9363900117657884,3,Network Laggards
372,2024,WBS,Webster Financial Corp,79025.073,762.794,9133.214,64753.08,3556.649,218.6,52505.168,17772.134,768.707,2338.387,251.899,461.751,2024,Optimal,0.052479238,0.0,0.026239619,0.947520762,1.0,0.973760381,0.9087669253373368,0.9363900117657884,1,Network Leaders
373,2024,WCCB,West Coast Community Bancorp,2680.428,24.611,332.981,2310.483,18.765,9.525,2045.215,423.101,29.579,95.128,4.053,0.618,2024,Optimal,0.044235995,0.0,0.0221179975,0.955764005,1.0,0.9778820025,0.9087669253373368,0.9363900117657884,1,Network Leaders
374,2024,WCFB,WCF Bancorp Inc,227.364,2.837,22.243,161.672,41.5,0.184,168.115,29.541,-0.036,4.722,0.925,0.801,2024,Optimal,0.13957359,0.0,0.069786795,0.86042641,1.0,0.930213205,0.9087669253373368,0.9363900117657884,2,Transformation Specialists
375,2024,WFC,Wells Fargo & Co,1929845.0,35729.0,181066.0,1371804.0,286307.0,8443.0,896332.0,439300.0,19722.0,47676.0,34620.0,7936.0,2024,Optimal,0.0,3.7033795000000004e-16,1.85168975e-16,1.0,0.9999999999999992,0.9999999999999998,0.9087669253373368,0.9363900117657884,1,Network Leaders
376,2024,WNEB,Western New England Bancorp Inc,2653.09,32.686,235.91,2262.647,130.814,6.421,2070.189,371.955,11.666,59.817,12.903,5.381,2024,Optimal,0.068871536,0.060500667,0.0646861015,0.931128464,0.8859016898666412,0.9353138985,0.9087669253373368,0.9363900117657884,4,Funding-Rich Underperformers
377,2024,WSBC,WesBanco Inc,18684.298,223.657,2790.281,14133.717,1537.376,28.305,12656.429,3412.259,151.51,478.208,127.983,40.604,2024,Optimal,0.15543913,0.032669089,0.0940541095,0.84456087,0.93672883337365,0.9059458905,0.9087669253373368,0.9363900117657884,2,Transformation Specialists
378,2024,WSBF,Waterstone Financial Inc,2209.608,81.078,339.135,1359.897,446.519,5.062,1680.576,228.844,18.688,46.168,89.302,6.17,2024,Optimal,0.34511998,0.0,0.17255999,0.65488002,1.0,0.82744001,0.9087669253373368,0.9363900117657884,2,Transformation Specialists
379,2024,WSFS,WSFS Financial Corp,20814.303,332.682,2579.376,17029.808,535.971,75.754,13191.499,4555.798,263.671,705.438,340.92,127.385,2024,Optimal,0.091737468,0.0,0.045868734,0.908262532,1.0,0.954131266,0.9087669253373368,0.9363900117657884,2,Transformation Specialists
380,2024,WTBA,West Bancorporation Inc,4014.991,27.588,227.875,3357.596,397.18,0.296,3004.86,559.694,24.05,71.362,8.434,0.133,2024,Optimal,0.0,0.0,0.0,1.0,1.0,1.0,0.9087669253373368,0.9363900117657884,1,Network Leaders
381,2024,WTBFA,W T B Financial Corp,10736.971,165.911,934.181,8804.659,866.895,31.404,6882.55,3067.574,55.797,279.928,74.038,75.346,2024,Optimal,0.098802352,0.054349938,0.076576145,0.901197648,0.8969034168995227,0.923423855,0.9087669253373368,0.9363900117657884,3,Network Laggards
382,2024,WTFC,Wintrust Financial Corp.,64879.668,817.108,6344.297,52512.349,4391.571,152.339,48055.037,8251.564,695.045,1962.535,488.325,193.939,2024,Optimal,0.089880554,0.0,0.044940277,0.910119446,1.0,0.955059723,0.9087669253373368,0.9363900117657884,1,Network Leaders
383,2024,ZION,Zions Bancorporation National Association,88775.0,1287.0,6124.0,76223.0,5022.0,228.0,59033.0,18981.0,784.0,2430.0,700.0,298.0,2024,Optimal,0.0,0.013659372,0.006829686,1.0,0.973049384482976,0.993170314,0.9087669253373368,0.9363900117657884,1,Network Leaders
