DMU,Year,Ticker,Bank Name,Assets,Employee Expense,Equity,Deposits,Borrowings,NPAs (Previous Period),Performing Loans,Investment,Net Income,Net-interest Income,Non-interest Income,NPAs
1,2021,ABBB,Auburn Bancorp Inc,100.392,1.83,8.107,82.7,9.373,0.818,77.033,9.661,0.409,3.017,0.831,0.875
2,2021,ABCB,Ameris Bancorp,23858.321,337.776,2966.451,19665.553,936.875,97.207,15874.258,720.023,376.913,655.327,365.544,101.871
3,2021,ACNB,ACNB Corp,2786.987,36.816,272.114,2426.389,73.172,7.896,1468.427,448.464,27.834,71.244,22.776,6.219
4,2021,AFBI,Affinity Bancshares Inc,788.088,10.415,120.968,614.799,48.988,6.194,584.384,51.033,7.573,29.276,2.678,10.538
5,2021,ALPIB,Alpine Banks of Colorado,6218.621,78.631,418.449,5607.891,146.857,5.074,3386.69,1746.737,59.646,172.072,47.567,3.836
6,2021,ALRS,Alerus Financial Corp,3392.691,115.419,359.403,2920.551,63.208,5.143,1758.02,1212.191,52.681,87.099,147.387,3.082
7,2021,AMAL,Amalgamated Financial Corp,7077.876,69.844,563.875,6356.255,131.991,82.234,3312.224,2963.835,52.915,174.304,28.389,54.586
8,2021,AMBK,American Bank Inc,849.15,6.309,76.25,660.88,108.711,0.456,615.087,83.228,10.103,21.64,2.435,0.341
9,2021,AMFC,AMB Financial Corp.,287.955,4.683,25.418,251.519,8.093,2.256,215.087,13.071,3.781,9.36,4.138,0.46
10,2021,AMTB,Amerant Bancorp Inc,7638.399,117.585,831.873,5630.871,1075.605,88.127,5409.44,1341.241,112.921,205.141,120.621,59.501
11,2021,ARBV,American Riviera Bancorp,1306.54,16.007,96.273,1202.09,4.972,3.446,793.49,195.831,11.829,39.089,3.585,2.869
12,2021,AROW,Arrow Financial Corp,4027.952,44.798,371.186,3550.497,77.293,6.561,2667.941,763.009,49.857,110.355,32.369,11.79
13,2021,ASB,Associated Banc-Corp,35104.253,426.687,4024.853,28466.43,2255.978,225.123,24224.949,6757.596,350.994,725.855,332.364,160.062
14,2021,ASRV,AmeriServ Financial Inc,1335.56,27.847,116.549,1139.378,72.837,3.331,985.054,221.739,7.072,39.083,17.761,3.323
15,2021,ATLO,Ames National Corp,2137.041,22.281,207.778,1878.019,42.851,15.53,1160.729,834.425,23.913,55.997,10.537,13.057
16,2021,AUB,Atlantic Union Bankshares Corp,20064.796,214.929,2710.071,16611.068,566.813,45.221,13195.843,4186.475,263.917,551.26,125.806,32.796
17,2021,AUBN,Auburn National Bancorporation Inc,1105.15,11.71,103.726,994.243,4.158,0.534,458.364,421.891,8.039,23.99,4.288,0.818
18,2021,AVBH,Avidbank Holdings Inc,2162.478,25.256,137.1,1979.41,37.535,3.547,1223.344,385.303,12.264,51.029,5.313,3.244
19,2021,AX,Axos Financial Inc.,14265.565,152.576,1400.936,10815.797,644.977,94.349,11547.772,207.33,215.707,538.742,105.261,151.977
20,2021,BAC,Bank of America Corp,3169495,36140,270066,2064446,507057,5116,964299,982627,31978,42934,46179,4697
21,2021,BANC,Banc of California Inc,40443.344,368.45,3999.63,34997.757,1005.4,105.19,22941.548,10711.708,606.959,1103.824,193.927,74.017
22,2021,BANF,BancFirst Corp,9405.612,166.723,1171.734,8091.914,90.863,82.611,6169.442,545.09,167.63,315.657,170.032,69.074
23,2021,BANR,Banner Corp,16804.872,244.351,1690.327,14326.933,592.625,36.481,9084.763,4171.915,201.048,496.891,96.416,23.705
24,2021,BCAL,California BanCorp,2259.866,34.883,246.528,1973.098,29.411,0.896,1504.748,68.06,10.709,64.411,4.514,0.809
25,2021,BCBP,BCB Bancorp Inc,2967.528,26.41,274.024,2561.402,121.738,17.143,2342.061,116.457,34.24,97.393,8.695,14.964
26,2021,BCML,BayCom Corp,2350.697,33.761,262.607,1985.239,84.602,9.083,1664.89,190.47,20.691,72.807,11.268,6.909
27,2021,BCTF,Bancorp 34 Inc,527.652,7.833,40.742,437.782,43.915,2.653,415.623,75.068,3.4,18.564,1.449,4.338
28,2021,BFC,Bank First Corp,2937.552,28.515,322.653,2528.44,68.213,14.419,2235.514,227.604,45.444,90.082,23.518,8.39
29,2021,BFIN,BankFinancial Corp,1700.682,22.638,157.466,1488.431,29.467,1.378,1050.922,93.184,7.41,43.772,5.689,1.475
30,2021,BFST,Business First Bancshares Inc,4726.378,65.825,433.368,4077.283,187.59,20.039,3189.608,1037.68,52.136,153.884,35.782,14.517
31,2021,BHB,Bar Harbor Bankshares,3709.233,47.117,424.147,3048.544,188.167,12.188,2531.91,625.66,39.299,95.573,41.883,10.191
32,2021,BHLB,Berkshire Hills Bancorp Inc,11554.913,150.589,1182.435,10068.953,176.38,67.029,6825.847,2540.236,118.664,291.166,143.248,37.062
33,2021,BHRB,Burke & Herbert Financial Services Corp,3621.743,44.72,389.627,2933.417,286.165,27.83,1745.073,1617.76,36.165,96.603,17.251,26.261
34,2021,BK,Bank of New York Mellon Corp (The),444438,6337,43230,319694,39707,89,67056,159184,3759,2618,13313,120
35,2021,BKOR,Oak Ridge Financial Services Inc,586.921,8.92,51.328,509.279,20.388,3.5,429.656,48.659,7.763,21.01,4.016,3
36,2021,BKSC,Bank of South Carolina Corp,679.221,7.438,53.918,609.191,14.042,1.156,306.632,212.347,6.745,17.377,3.868,0.815
37,2021,BKU,BankUnited Inc,35815.396,243.532,3037.761,29438.102,2914.951,247.591,23765.053,10200.057,414.984,795.688,134.153,208.184
38,2021,BLFY,Blue Foundry Bancorp,1914.211,25.206,429.471,1247.04,212.196,13.479,1287.609,358.355,-36.342,42.949,2.479,11.983
39,2021,BMBN,Benchmark Bankshares Inc,1040.576,15.327,84.437,945.287,4.485,1.698,644.052,84.326,11.524,33.32,8.739,0.61
40,2021,BMRC,Bank of Marin Bancorp,4314.209,38.934,450.368,3808.55,25.848,9.233,2255.645,1509.79,33.228,104.951,10.132,9.176
41,2021,BNCC,BNCCORP Inc,1047.372,25.161,114.986,906.668,17.303,2.612,529.793,212.074,21.955,31.32,44.683,1.69
42,2021,BOH,Bank of Hawaii Corp,22784.941,228.293,1611.611,20360.108,564.091,18.481,12153.968,9007.46,253.372,497.29,171.353,18.966
43,2021,BOKF,BOK Financial Corp,50249.431,695.382,5368.371,41242.059,2743.428,476.994,20205.68,13495.144,618.121,1118.033,755.775,369.266
44,2021,BOTJ,Bank of the James Financial Group Inc,987.634,16.377,69.429,887.056,26.087,3.168,583.384,166.246,7.589,27.079,11.209,1.715
45,2021,BPOP,Popular Inc,75097.899,631.802,5969.397,67005.088,1328.999,823.658,27859.238,25229.611,934.889,1957.59,642.128,632.954
46,2021,BPRN,Princeton Bancorp Inc,1687.682,17.483,216.578,1446.143,18.561,1.676,1335.163,102.711,22.486,62.601,4.666,1.414
47,2021,BRBS,Blue Ridge Bankshares Inc,2665.139,61.891,277.139,2297.771,75.649,6.629,1807.578,409.693,52.477,92.481,87.955,16.251
48,2021,BRKL,Brookline Bancorp Inc,8602.622,106.786,995.342,7049.906,377.829,44.963,7154.457,749.847,115.44,282.373,26.989,33.177
49,2021,BSBK,Bogota Financial Corp,837.362,7.744,147.576,597.48,85.052,0.693,572.363,120.743,7.52,19.277,4.494,0.865
50,2021,BSRR,Sierra Bancorp,3371.014,42.431,362.494,2781.572,197.589,8.569,1987.861,985.707,43.012,109.026,28.079,4.615
51,2021,BUSE,First Busey Corp,12859.689,137.493,1319.112,10768.577,638.816,28.872,7188.998,3994.822,123.449,270.698,132.804,21.268
52,2021,BWB,Bridgewater Bancshares Inc,3477.659,30.889,379.272,2946.237,134.739,0.775,2809.937,444.604,45.687,109.509,5.309,0.722
53,2021,BWFG,Bankwell Financial Group Inc,2456.264,18.317,201.987,2123.998,99.606,33.416,1892.069,111.223,26.586,67.886,5.657,16.587
54,2021,BY,Byline Bancorp Inc,6696.172,101.222,836.382,5155.047,645.775,47.453,4537.128,1491.007,92.785,236.387,74.253,25.242
55,2021,CAC,Camden National Corp,5500.356,61.007,541.294,4608.889,271.696,10.706,3431.474,1519.057,69.014,137.436,49.735,6.884
56,2021,CADE,Cadence Bank,47669.751,471.815,5247.987,39817.673,1764.599,132.568,26882.988,15614.77,195.162,805.727,378.153,186.812
57,2021,CARE,Carter Bankshares Inc,4133.746,54.157,407.596,3698.476,10.4,47.726,2812.129,924.752,31.59,111.183,28.65,18.313
58,2021,CARV,Carver Bancorp Inc,735.314,11.516,55.087,628.117,30.342,7.251,579.504,73.434,-0.847,20.466,7.354,11.541
59,2021,CASH,Pathward Financial Inc,6690.65,151.09,871.884,5514.971,129.384,48.02,3609.563,1962.636,141.708,278.991,270.904,61.833
60,2021,CATY,Cathay General Bancorp,20886.723,132.795,2446.251,18058.842,192.975,77.584,16342.479,1166.878,298.304,597.755,54.603,71.653
61,2021,CBAN,Colony Bankcorp Inc,2691.715,45.596,217.707,2374.608,89.111,10.134,1337.977,952.176,18.659,66.189,36.29,5.779
62,2021,CBCY,Central Bancompany Inc,20273.174,267.118,2505.661,16128.904,1456.635,38.251,10301.371,5814.567,246.83,495.855,275.456,28.746
63,2021,CBFV,CB Financial Services Inc,1425.479,19.938,133.124,1226.613,57.744,14.696,1020.796,224.974,11.57,40.152,16.28,7.302
64,2021,CBKM,Consumers Bancorp Inc,833.804,10.852,69.9,726.849,31.43,1.233,566.427,218.652,8.988,26.583,4.466,1.771
65,2021,CBNK,Capital Bancorp Inc,2055.3,37.843,197.903,1797.137,36.797,12.563,1632.267,188.198,39.978,116.693,50.636,11.512
66,2021,CBSH,Commerce Bancshares Inc,36689.088,525.248,3448.324,29813.073,3062.722,26.633,15176.359,14653.276,530.765,835.424,590.452,9.272
67,2021,CBU,Community Financial System Inc,15552.657,241.501,2100.807,12911.168,362.718,77.734,7373.639,4979.089,189.694,374.412,246.235,46.191
68,2021,CCB,Coastal Financial Corp,2635.517,37.101,201.222,2363.787,59.193,0.712,1742.735,45.101,27.005,79.437,28.118,1.727
69,2021,CCBG,Capital City Bank Group,4263.849,101.47,383.166,3712.862,100.496,6.679,1931.465,995.073,33.396,102.861,107.545,4.339
70,2021,CCFN,Muncy Columbia Financial Corp,952.713,9.551,104.342,701.495,143.66,4.11,467.3,342.006,9.405,22.026,7.998,2.87
71,2021,CCNE,CNB Financial Corp/PA,5328.939,61.175,442.847,4715.619,125.909,31.546,3634.792,720.467,57.707,159.78,33.434,20.295
72,2021,CEFC,Commercial National Financial Corp,610.802,7.165,44.893,515.059,47.803,7.384,451.572,81.934,6.366,16.976,2.323,4.416
73,2021,CFBK,CF Bankshares Inc,1495.589,16.948,125.33,1246.352,106.642,0.695,1229.657,28.662,18.453,42.039,11.64,0.997
74,2021,CFFI,C&F Financial Corp,2264.521,58.581,211.024,1914.614,100.131,4.602,1410.06,374.1,28.667,85.369,49.163,3.949
75,2021,CFFN,Capitol Federal Financial Inc,9631.246,56.002,1242.273,6597.396,1595.672,12.673,7100.965,2088.029,76.082,175.001,28.086,13.606
76,2021,CFG,Citizens Financial Group Inc,188409,2140,23420,154361,7806,1038,128163,29042,2319,4512,2135,724
77,2021,CFR,Cullen/Frost Bankers Inc,50878.49,477.526,4439.555,42695.696,3302.317,62.299,16336.397,15673.807,443.079,984.867,386.728,57.177
78,2021,CHBH,Croghan Bancshares Inc,1112.402,16.463,140.056,908.687,57.002,0.708,642.889,364.604,15.232,38.034,8.309,0.499
79,2021,CHCO,City Holding Co,6003.695,61.85,681.105,4925.336,312.458,13.882,3543.814,1433.696,88.08,155.573,69.641,7.58
80,2021,CHMG,Chemung Financial Corp,2418.475,30.499,211.455,2155.433,25.542,10.189,1518.249,802.998,26.425,65.589,23.87,8.227
81,2021,CIVB,Civista Bancshares Inc,3011.983,44.69,355.212,2416.701,205.622,7.327,1997.879,577.957,40.546,95.425,31.452,5.37
82,2021,CIZN,Citizens Holding Co,1361.309,18.46,105.9,1111.892,131.284,13.684,571.847,632.724,7.494,33.494,12.188,6.668
83,2021,CLBK,Columbia Financial Inc,9224.097,99.534,1079.081,7570.216,396.894,8.156,6360.601,2159.432,92.049,233.134,38.831,3.939
84,2021,CLST,Catalyst Bancorp Inc,285.349,4.631,98.346,176.795,9.018,2.087,131.842,103.236,1.927,6.904,2.626,1.231
85,2021,CMA,Comerica Incorporated,94616,1133,7897,82339,3152,359,48645,17078,1168,1844,1123,269
86,2021,CMTV,Community Bancorp/VT,1019.106,11.152,84.76,879.4,51.519,5.163,689.95,183.778,13.138,31.669,6.734,5.941
87,2021,CNND,Canandaigua National Corp,4160.371,69.945,318.713,3515.99,279.541,26.811,3186.713,836.17,44.744,127.396,56.346,23.019
88,2021,CNOB,ConnectOne Bancorp Inc,8129.48,64.341,1124.212,6332.953,633.561,61.696,6828.622,576.127,130.353,262.878,15.691,61.7
89,2021,COFS,ChoiceOne Financial Services Inc,2366.682,29.3,221.669,2052.294,85.017,8.51,1059.48,1116.265,22.042,60.641,19.194,5.737
90,2021,COLB,Columbia Banking System Inc,30640.936,480.82,2749.27,26594.685,975.125,69.247,22553.18,3965.309,420.3,919.647,356.318,53.069
91,2021,CPF,Central Pacific Financial Corp.,7419.089,90.213,558.267,6639.158,146.347,6.192,5101.649,1639.663,79.894,211.047,43.06,5.881
92,2021,CPKF,Chesapeake Financial Shares Inc,1385.816,23.76,126.137,1124.971,125.134,11.911,666.221,606.192,15.01,41.555,19.312,6.737
93,2021,CSBB,CSB Bancorp Inc/OH,1144.239,12.599,97.315,1002.747,39.937,4.497,549.154,311.245,10.837,27.517,7.325,1.088
94,2021,CSHX,Cashmere Valley Bank,2224.302,22.12,239.098,1936.577,34.504,1.143,940.802,1105.625,29.033,52.749,19.9,0.404
95,2021,CTBI,Community Trust Bancorp Inc,5418.257,74.114,698.202,4344.292,342.809,34.271,3408.813,1470.708,87.939,163.079,60.463,20.111
96,2021,CUBI,Customers Bancorp Inc,19575.028,108.202,1366.217,16777.924,1194.283,71.175,14552.631,3881.734,314.647,685.074,77.867,49.76
97,2021,CVBF,CVB Financial Corp,15883.697,117.871,2081.503,12976.442,715.873,17.739,7841.78,5127.581,212.521,414.55,47.385,6.893
98,2021,CYFL,Century Financial Corp,452.215,6.255,47.585,396.44,5.5,1.589,204.244,64.392,5.339,10.848,6.802,1.204
99,2021,CZBC,Citizens Bancorp/OR,1067.265,14.151,95.522,916.445,44.526,4.713,361.166,553.231,10.315,26.807,3.097,2.226
100,2021,CZBS,Citizens Bancshares Corp,668.919,7.963,75.436,581.421,2.194,4.278,284.761,95.975,4.061,16.007,4.641,1.904
101,2021,CZFS,Citizens Financial Services Inc,2143.863,25.902,212.492,1836.151,77.243,13.093,1441.533,414.672,29.118,66.112,12.305,8.842
102,2021,CZNC,Citizens & Northern Corp,2327.648,37.603,301.405,1925.06,81.306,24.729,1564.849,517.679,30.554,77.939,25.881,21.902
103,2021,CZWI,Citizens Community Bancorp Inc,1739.628,22.723,170.866,1387.535,172.181,11.53,1310.963,290.842,21.266,53.667,15.824,13.233
104,2021,DCOM,Dime Community Bancshares Inc,12066.364,108.331,1192.62,10458.974,290.061,12.162,9244.661,1780.752,103.996,357.609,42.068,40.307
105,2021,DIMC,Dimeco Inc,958.22,13.269,100.811,796.916,48.182,18.223,657.267,220.891,11.952,31.942,6.145,13.823
106,2021,EBC,Eastern Bankshares Inc,23512.128,295.916,3406.352,19628.311,123.574,43.252,12255.068,8522.128,154.665,429.827,193.155,34.983
107,2021,EBMT,Eagle Bancorp Montana Inc,1435.926,48.766,156.729,1222.549,37.161,8.498,933.139,275.938,14.419,46.54,47.769,7.063
108,2021,ECBK,ECB Bancorp Inc,666.489,9.586,77.273,571.731,9,1.671,521.367,71.668,4.042,18.694,1.222,0.982
109,2021,EFSC,Enterprise Financial Services Corp,13537.358,124.904,1529.116,11343.799,573.627,43.837,9017.642,1855.583,133.055,360.194,67.743,31.517
110,2021,EFSI,Eagle Financial Services Inc,1303.038,21.854,110.28,1177.235,5.289,5.361,985.72,193.37,11.021,40.999,11.32,2.766
111,2021,EGBN,Eagle Bancorp Inc,11847.31,88.398,1350.775,9981.54,429.089,65.93,7065.598,2657.561,176.691,324.514,40.385,30.843
112,2021,EMYB,Embassy Bancorp Inc,1633.194,12.149,122.515,1467.025,34.838,2.833,1108.039,311.688,16.786,43.494,2.4,2.579
113,2021,ENBP,ENB Financial Corp,1717.23,24.465,137.288,1512.213,63.886,2.098,920.904,572.455,14.916,40.571,17.881,2.881
114,2021,EQBK,Equity Bancshares Inc,5137.631,54.198,500.631,4420.004,157.819,54.597,3155.627,1344.952,52.48,142.579,32.842,65.998
115,2021,EQFN,Equitable Financial Corp,422.579,8.552,39.741,365.334,11.88,1.49,354.745,24.654,4.26,13.141,7.156,1.284
116,2021,ESQ,Esquire Financial Holdings Inc,1178.77,21.741,143.735,1028.409,2.988,2.303,784.517,151.064,17.925,43.703,21.024,0.006
117,2021,EWBC,East West Bancorp Inc,60870.701,433.728,5837.218,53350.532,806.862,234.868,41693.781,10042.787,872.981,1531.571,285.895,103.482
118,2021,EXSR,Exchange Bank of Santa Rosa California,3536.751,35.622,319.202,3179.118,7.941,4.282,1510.107,1421.712,36.41,93.549,23.645,5.899
119,2021,FBAK,First National Bank Alaska,5581.34,63.207,554.53,4216.924,784.626,14.094,2127.271,2842.95,58.414,145.601,27.036,17.629
120,2021,FBIZ,First Business Financial Services Inc,2652.905,51.71,232.422,1957.923,418.933,26.651,2239.408,238.784,35.755,84.662,28.1,6.522
121,2021,FBK,FB Financial Corp,12597.686,248.318,1432.695,10836.897,218.145,84.226,7604.662,1714.109,190.285,347.37,228.255,62.983
122,2021,FBNC,First Bancorp/NC,10508.901,103.249,1230.575,9124.629,88.578,46.997,6081.715,3166.539,95.644,246.395,73.611,52.637
123,2021,FBP,First BanCorp (Puerto Rico),20785.275,200.457,2101.767,17784.894,777.534,293.506,11060.658,6655.492,281.025,729.929,121.164,158.102
124,2021,FBPI,First Bancorp of Indiana Inc,480.872,7.727,41.548,367.497,65.155,2.543,339.348,55.412,3.786,13.502,6.543,1.273
125,2021,FBSI,First Bancshares Inc,445.034,5.814,44.161,396.137,3.764,0.433,346.259,14.714,5.093,16.43,1.725,0.618
126,2021,FBTT,First Bankers Trustshares Inc,1226.137,13.947,105.831,978.624,136.583,12.063,478.398,667.157,8.17,24.124,8.329,8.634
127,2021,FCBC,First Community Bancshares Inc,3194.519,44.239,427.775,2729.391,2.306,24.568,2165.569,76.292,51.168,102.474,34.301,23.237
128,2021,FCCO,First Community Corp,1584.508,24.494,140.998,1361.291,72.13,7.022,863.702,566.624,15.465,45.279,13.904,1.415
129,2021,FCF,First Commonwealth Financial Corp.,9545.093,119.506,1109.372,7982.498,365.385,55.281,6839.23,1595.529,138.257,278.541,106.757,55.822
130,2021,FCNCA,First Citizens BancShares Inc,58308.14,758.853,4737.241,51406.094,1847.91,242.373,32371.522,13150.858,547.459,1390.334,508.002,159.634
131,2021,FDBC,Fidelity D & D Bancorp Inc,2419.104,25.249,211.729,2169.865,21.567,6.657,1433.128,742.186,24.008,61.829,18.287,6.434
132,2021,FDVA,Freedom Financial Holdings Inc,876.673,16.341,84.159,701.693,83.533,3.18,602.369,192.867,10.728,28.516,9.723,8.891
133,2021,FFBB,FFB Bancorp,1080.103,11.516,89.292,936.548,40.886,1.689,723.272,296.101,20.527,38.838,9.971,2.93
134,2021,FFBC,First Financial Bancorp.,16329.141,245.924,2258.942,12871.954,773.587,89.138,9288.299,4409.237,205.16,452.118,171.506,60.106
135,2021,FFDF,FFD Financial Corp,591.502,6.101,51.184,518.567,15.637,0.605,443.925,46.387,8.819,17.366,4.125,0.429
136,2021,FFIC,Flushing Financial Corp,8045.911,88.31,679.628,6385.445,869.699,21.108,6638.105,871.041,81.793,247.969,3.687,14.933
137,2021,FFIN,First Financial Bankshares Inc,13102.461,142.042,1759.224,10566.488,671.152,42.898,5388.972,6573.179,227.562,370.363,142.176,34.158
138,2021,FFMH,First Farmers and Merchants Corp,1972.738,26.499,158.631,1791.206,3.866,1.56,886.891,894.596,15.619,45.156,16.783,1.214
139,2021,FFWM,First Foundation Inc,10196.204,87.908,1064.051,8811.96,230.702,20.628,6906.728,1209.627,109.511,233.284,70.453,14.54
140,2021,FGBI,First Guaranty Bancshares Inc,2878.12,32.179,223.889,2596.492,49.635,30.907,2159.359,365.515,27.297,89.618,10.76,20.032
141,2021,FGFH,Foresight Financial Group Inc,1453.784,21.433,155.227,1235.444,52.718,11.976,859.832,446.532,11.386,41.23,9.494,7.585
142,2021,FHB,First Hawaiian Inc,24992.41,182.384,2656.912,21816.146,65.804,9.082,12961.999,8438.132,265.735,530.559,184.916,7.257
143,2021,FHN,First Horizon Corp,89092,1154,8494,74895,4100,406,54859,9419,999,1994,1076,285
144,2021,FIBK,First Interstate BancSystem Inc,19671.9,220.7,1986.6,16269.6,1250.5,50.5,9331.7,6508.1,192.1,488.2,150.5,29.7
145,2021,FINW,Finwise Bancorp,380.214,22.365,115.442,251.892,1.05,0.831,207.957,11.801,31.583,47.978,31.844,0.763
146,2021,FISI,Financial Institutions Inc,5520.779,60.893,505.142,4827.09,127.778,12.483,3679.436,1384.096,77.697,154.73,46.906,12.166
147,2021,FITB,Fifth Third Bancorp,211116,2616,22210,169324,13602,870,108998,38494,2770,4770,3118,542
148,2021,FIZN,First Citizens Bancshares Inc,2248.307,29.946,233.566,1919.337,81.321,4.743,1196.162,883.685,26.833,63.062,19.325,2.773
149,2021,FKYS,First Keystone Corp,1320.35,14.148,148.555,1077.969,88.892,7.119,746.835,441.797,14.688,36.9,7.323,7.066
150,2021,FLG,Flagstar Financial Inc,59527,303,7044,35059,16811,46.103,45738,6530,596,1289,61,41
151,2021,FMAO,Farmers & Merchants Bancorp Inc,2638.3,26.336,297.167,2193.462,127.804,9.475,1857.419,438.093,23.495,69.498,17.609,8.235
152,2021,FMBH,First Mid Bancshares Inc,5986.582,89.66,633.894,4956.486,361.631,30.616,3992.775,1428.849,51.49,167.751,69.767,27.055
153,2021,FMBM,F & M Bank Corp,1219.342,18.487,100.456,1080.295,22.729,6.537,662.421,413.217,10.738,31.274,11.306,5.508
154,2021,FMCB,Farmers & Merchants Bancorp,5177.72,63.86,463.136,4640.152,15.11,1.368,3237.177,1023.055,66.336,160.936,21.056,1.389
155,2021,FMNB,Farmers National Banc Corp/OH,4142.749,39.393,472.432,3547.235,94.34,13.835,2331.082,1458.136,51.844,107.99,38.193,16.195
156,2021,FNB,F.N.B. Corp,39513,418.328,5150,31726,2378.6,180,24968,7134,404.602,906.476,330.419,96
157,2021,FNFI,First Niles Financial Inc,124.497,3.589,15.305,80.607,27.216,0.441,74.319,12.086,0.586,2.152,3.507,0.418
158,2021,FNLC,First Bancorp Inc/ME (The),2527.099,21.152,245.657,2123.297,137.164,7.674,1647.649,695.971,36.269,66.303,19.383,6.721
159,2021,FNRN,First Northern Community Bancorp,1899.087,22.756,150.911,1728.302,5.664,15.211,866.669,639.31,14.186,46.264,7.863,10.197
160,2021,FNWB,First Northwest Bancorp,1921.081,33.515,190.48,1580.58,127.014,2.275,1365.384,349.408,15.418,58.298,15.638,1.4
161,2021,FNWD,Finward Bancorp,1620.743,24.241,156.615,1434.201,14.581,14.903,966.72,530.136,14.963,48.575,15.947,8.253
162,2021,FOTB,First Ottawa Bancshares Inc,970.88,18.936,63.667,839.582,58.5,2.438,823.031,67.817,11.516,36.543,8.747,7.965
163,2021,FRAF,Franklin Financial Services Corp,1773.806,24.78,157.065,1584.359,24.445,8.742,998.812,530.787,19.616,44.671,19.488,7.384
164,2021,FRBA,First Bank,2510.298,25.404,266.666,2114.602,111.455,10.81,2111.991,148.049,35.429,81.89,7.754,13.773
165,2021,FRFC,First Robinson Financial Corp,470.685,6.729,26.82,392.932,46.617,2.706,200.483,203.011,2.728,10.862,4.221,1.43
166,2021,FRME,First Merchants Corp,15453.149,166.995,1912.571,12732.577,653.869,65.651,9241.861,4553.089,205.531,410.68,109.323,43.949
167,2021,FRST,Primis Financial Corp,3407.353,36.741,411.881,2763.216,211.488,17.54,2339.986,309.793,31.248,94.203,11.135,16.475
168,2021,FSBC,Five Star Bancorp,2556.761,19.825,235.046,2285.89,28.386,0.452,1934.46,166.217,42.441,77.611,7.28,0.588
169,2021,FSBW,FS Bancorp Inc,2286.391,49.721,247.507,1915.744,96.714,7.851,1754.175,283.637,37.412,86.649,37.513,5.8
170,2021,FSFG,First Savings Financial Group Inc,1720.506,102.951,180.377,1227.58,275.801,16.684,1090.237,227.776,29.567,57.172,120.436,17.215
171,2021,FULT,Fulton Financial Corp,25796.398,329.138,2712.68,21573.499,1130.973,151.305,18089.006,4225.409,275.497,663.73,273.745,153.936
172,2021,FUNC,First United Corp,1729.838,22.061,141.9,1469.374,91.389,16.382,1153.395,344.059,19.77,52.542,20.714,7.239
173,2021,FUSB,First US Bancshares Inc,958.302,19.157,90.064,838.126,23.016,4.035,708.35,135.189,4.451,36.971,3.521,4.157
174,2021,FVCB,FVCBankcorp Inc,2202.924,18.98,209.796,1883.769,55.621,9.487,1503.849,364.41,21.933,57.947,4.302,3.508
175,2021,FXNC,First National Corp/VA,1389.437,17.792,117.039,1248.752,19.556,6.714,825.118,324.749,10.359,34.84,10.187,4.152
176,2021,GABC,German American Bancorp Inc,5608.539,68.57,668.459,4744.316,158.41,21.832,3004.264,1903.018,84.137,160.83,59.462,14.758
177,2021,GBCI,Glacier Bancorp Inc,25940.645,270.644,3177.622,21337.249,1245.409,35.433,13432.031,10380.033,284.757,662.516,144.82,67.691
178,2021,GCBC,Greene County Bancorp Inc,2200.335,19.166,149.584,2005.108,24.565,4.077,1105.615,889.202,23.942,53.145,9.667,2.365
179,2021,GLBZ,Glen Burnie Bancorp,442.066,6.504,35.716,383.247,20.499,5.105,210.392,156.989,2.516,12.443,0.627,0.353
180,2021,GNTY,Guaranty Bancshares Inc,3086.07,42.345,302.214,2670.827,101.343,13.115,1906.509,526.469,39.806,95.558,24.576,2.845
181,2021,GSBC,Great Southern Bancorp Inc,5449.944,70.29,616.752,4552.101,246.599,3.82,4068.254,507.687,74.627,177.921,38.317,6.011
182,2021,HAFC,Hanmi Financial Corp,6858.587,72.561,643.417,5786.269,402.218,85.392,5151.541,927.175,98.677,195.05,40.496,14.035
183,2021,HARL,Harleysville Financial Corp,892.639,8.452,80.702,725.936,80.512,7.628,550.226,109.059,7.284,22.49,3.176,7.293
184,2021,HBAN,Huntington Bancshares Inc,174064,2157,19318,143263,7883,563,106920,41555,1295,4102,1889,750
185,2021,HBC2,HSBC USA Inc,189232,665,17040,143032,23879,1710,55864,40501,688,2083,1237,622
186,2021,HBCP,Home Bancorp Inc,2938.244,39.151,351.903,2535.849,37.042,19.981,1840.093,329.734,48.621,100.989,16.271,14.464
187,2021,HBIA,Hills Bancorporation,4044.562,42.458,488.463,3533.994,2.782,20.729,2660.532,555.9,48.085,104.462,33.464,16.633
188,2021,HBNC,Horizon Bancorp Inc,7374.903,74.051,723.209,5802.991,793.036,28.715,3607.631,2737.695,87.091,181.69,57.952,22.58
189,2021,HBT,HBT Financial Inc,4314.254,56.131,411.881,3738.185,138.286,14.128,2499.689,1286.462,56.271,122.403,37.328,6.057
190,2021,HFBK,Harford Bank (Alberdeen MD),575.175,7.021,49.547,522.324,0.527,5.89,368.101,106.176,5.341,17.591,1.966,7.79
191,2021,HFBL,Home Federal Bancorp/LA,565.731,8.665,52.725,506.596,4.143,7.188,340.515,84.256,5.365,16.941,5.452,1.396
192,2021,HFWA,Heritage Financial Corp,7432.412,89.88,854.432,6381.337,100.86,58.092,3815.662,1285.661,98.035,205.789,34.615,23.754
193,2021,HIFS,Hingham Institution for Savings,3431.165,13.988,354.612,2392.865,665.87,8.864,3019.527,121.881,67.458,102.465,15.308,0.427
194,2021,HLFN,Home Loan Financial Corp,252.627,3.703,32.105,214.976,4.758,1.307,196.105,11.932,3.842,8.883,2.481,0.435
195,2021,HNVR,Hanover Bancorp Inc,1484.641,15.009,122.529,1164.662,184.155,1.249,1247.125,20.072,10.851,41.708,3.349,1.028
196,2021,HOMB,Home Bancshares Inc,18052.138,170.755,2765.721,14260.57,954.388,78.558,9836.089,3119.807,319.021,572.971,137.569,51.823
197,2021,HONE,HarborOne Bancorp Inc,4553.405,101.924,679.261,3682.649,118.24,34.696,3607.733,399.967,58.517,131.37,100.686,36.186
198,2021,HONT,Honat Bancorp Inc,945.107,12.675,119.312,815.183,0.571,5.249,559.717,153.31,10.925,27.681,7.408,1.667
199,2021,HOPE,Hope Bancorp Inc,17889.061,175.151,2092.983,15040.45,678.866,143.327,13952.743,2741.385,204.572,512.77,43.594,111.762
200,2021,HTB,HomeTrust Bancshares Inc,3524.723,62.956,396.519,2955.541,122.73,16.26,2733.267,180.169,15.675,103.322,39.821,12.794
201,2021,HTBK,Heritage Commerce Corp,5499.409,51.862,598.028,4759.412,39.925,7.869,3087.326,793.153,47.7,146.125,9.688,3.738
202,2021,HWBK,Hawthorn Bancshares Inc,1831.55,27.657,148.956,1516.82,152.57,46.867,1302.133,316.278,22.517,58.545,16.531,35.998
203,2021,HWC,Hancock Whitney Corp,36531.205,457.935,3670.352,30465.897,2031.36,155.789,21134.282,8605.192,463.215,933.235,364.334,66.844
204,2021,IBCP,Independent Bank Corp,4704.74,79.969,398.484,4117.09,115.56,8.639,2905.045,1431.257,62.895,129.765,76.643,5.355
205,2021,IBOC,International Bancshares Corp,16046.236,123.48,2308.481,12617.877,1010.452,80.309,7209.151,4520.281,253.922,371.272,222.326,37.253
206,2021,INBC,InBankshares Corp,745.233,14.029,77.239,627.75,36.351,0.691,431.283,233.532,2.749,24.139,3.494,0.948
207,2021,INBK,First Internet Bancorp,4210.994,38.223,380.338,3178.959,619.153,10.218,2887.662,688.259,48.114,86.556,32.844,8.618
208,2021,INDB,Independent Bank Corp,20423.405,172.586,3018.449,16917.044,216.282,66.861,13587.286,2672.546,120.992,401.559,105.85,27.82
209,2021,IROQ,IF Bancorp Inc,797.341,11.897,85.304,667.632,34.245,1.095,519.97,194.089,5.347,20.179,6.228,0.411
210,2021,ISBA,Isabella Bank Corp,2032.158,23.749,211.048,1710.339,99.32,6.07,1301.037,507.984,19.499,52.701,13.822,1.684
211,2021,ISTR,Investar Holding Corp,2513.203,35.527,242.598,2120.266,139.156,14.49,1872.012,382.567,8,83.814,12.042,32.148
212,2021,JDVB,JD Bancshares Inc,1356.576,18.011,101.229,1201.44,47.712,9.108,622.565,492.884,11.015,35.804,12.908,5.154
213,2021,JFBC,Jeffersonville Bancorp,704.868,9.654,79.074,619.161,0.501,18.302,292.491,216.878,5.944,18.576,4.33,12.464
214,2021,JPM,JPMorgan Chase & Co,3743567,38567,294127,2462303,557267,10906,1069026,878303,48334,52311,69338,8346
215,2021,JUVF,Juniata Valley Financial Corp,810.518,10.7,71.29,708.447,24.526,0.444,418.303,338.664,6.604,21.335,5.154,0.313
216,2021,KEY,KeyCorp,186346,2561,17423,152572,13479,937,97783,53542,2625,4071,3194,489
217,2021,KFFB,Kentucky First Federal Bancorp,338.063,5.44,52.296,226.843,56.873,8.035,299.524,6.993,1.82,10.011,0.595,6.737
218,2021,KISB,Kish Bancorp Inc,1232.778,19.932,77.099,1002.645,139.158,0.598,878.713,197.188,9.881,33.389,11.346,0.642
219,2021,KRNY,Kearny Financial Corp,7283.735,68.8,1042.944,5485.306,703.703,36.874,4851.394,1751.617,63.233,184.509,24.751,79.945
220,2021,KSBI,KS Bancorp Inc,571.225,7.675,36.645,487.437,43.248,0.92,350.667,89.763,6.094,17.661,2.876,1.523
221,2021,LARK,Landmark Bancorp Inc,1328.968,20.157,135.643,1148.481,29.054,12.289,662.008,383.622,18.011,38.32,22.261,7.781
222,2021,LCNB,LCNB Corp,1903.629,27.616,238.604,1628.819,16.473,3.718,1369.445,345.649,20.974,57.124,16.232,1.537
223,2021,LFGP,Ledyard Financial Group Inc,771.143,15.662,72.705,675.083,12.246,1.398,362.677,350.563,7.765,18.277,15.032,1.361
224,2021,LKFN,Lakeland Financial Corp,6557.323,57.882,704.906,5735.407,79.218,12.418,4287.841,1412.33,95.733,178.088,44.72,15.286
225,2021,LOB,Live Oak Bancshares Inc,8213.393,124.932,715.133,7112.044,320.729,50.265,5521.262,909.952,166.995,296.785,160.2,43.153
226,2021,LSBK,Lake Shore Bancorp Inc,713.739,8.999,87.976,593.184,22.484,3.161,523.324,90.422,6.187,21.994,3.188,9.8
227,2021,MBCN,Middlefield Banc Corp,1331.006,17.151,145.335,1166.61,13.779,15.245,981.691,175.416,18.633,48.27,7.206,11.851
228,2021,MBIN,Merchants Bancorp,11278.638,85.727,1155.409,8982.613,1033.954,6.321,5782.663,340.217,227.104,277.994,157.333,0.8
229,2021,MBKL,MBT Bancshares Inc,612.539,8.526,44.45,545.669,21.181,0.482,291.967,116.361,4.673,18.006,3.673,0.737
230,2021,MBWM,Mercantile Bank Corp,5257.749,66.447,456.559,4083.193,693.353,4.085,3453.459,610.745,59.021,124.062,56.22,2.468
231,2021,MCB,Metropolitan Bank Holding Corp,7116.358,45.908,556.989,6435.572,77.793,6.389,3731.929,962.994,60.555,157.001,23.697,10.286
232,2021,MCBK,Madison County Financial Inc,532.716,6.757,87.23,413.309,20.7,0.12,374.479,110.496,7.412,15.427,3.425,0.072
233,2021,MCBS,Metrocity Bankshares Inc,3106.158,30.112,290.223,2263.02,510.32,16.938,2505.07,56.82,61.701,104.169,33.803,15.416
234,2021,MCHB,Mechanics Bancorp,19422.86,221.859,2387.777,16766.625,62.932,51.911,11005.775,6077.898,206.011,621.158,70.919,42.428
235,2021,MFBP,M&F Bancorp Inc,365.063,6.863,42.902,317.021,1.115,0.879,231.908,72.503,2.783,11.285,4.177,0.824
236,2021,MFGI,Merchants Financial Group Inc,2822.549,46.698,230.639,2518.563,57.494,22.679,1607.926,210.964,28.777,77.341,40.363,16.948
237,2021,MGYR,Magyar Bancorp Inc,773.99,10.619,97.641,639.814,27.61,12.326,593.376,72.325,6.12,25.587,3.409,8.796
238,2021,MNSB,MainStreet Bancshares Inc,1647.402,19.305,188.788,1411.963,37.047,1.329,1353.457,135.871,22.171,53.536,6.11,1.051
239,2021,MOFG,MidWestOne Financial Group Inc,6025.128,69.937,527.475,5114.519,340.025,45.005,3245.012,2298.267,69.486,156.281,42.453,31.897
240,2021,MPB,Mid Penn Bancorp Inc,4689.425,41.711,490.076,4002.016,166.907,15.644,3104.396,401.753,29.319,108.568,21.533,10.497
241,2021,MRBK,Meridian Corp,1713.443,78.866,165.36,1446.413,81.852,7.93,1386.457,173.145,35.585,63.111,87.988,22.988
242,2021,MSBC,Mission Bancorp/CA,1520.178,14.227,120.279,1332.616,23.256,0.128,861.293,240.887,18.723,43.921,6.632,0.075
243,2021,MSBI,Midland States Bancorp Inc,7443.805,86.883,663.837,6110.648,586.153,75.432,5224.801,952.473,81.317,207.675,69.899,57.068
244,2021,MTB,M&T Bank Corp,155107.16,2045.501,17903.405,131543.409,3963.527,1927.967,91815.806,7155.86,1858.746,3824.778,2166.994,2083.984
245,2021,MVBF,MVB Financial Corp,2792.449,60.21,275.303,2377.605,103.015,19.443,1869.838,453.868,39.121,77.159,62.596,20.287
246,2021,MYFW,First Western Financial Inc,2527.489,40.199,219.041,2205.703,91.523,4.252,1949.137,58.795,20.61,56.509,40.15,4.327
247,2021,NASB,NASB Financial Inc,2359.371,56.772,393.346,1351.337,575.793,32.037,1416.397,167.097,73.706,97.849,146.181,30.348
248,2021,NBHC,National Bank Holdings Corp,7214.011,127.504,840.106,6228.173,82.499,25.134,4513.383,1351.599,93.606,187.144,110.364,17.837
249,2021,NBN,Northeast Bank,2174.402,22.43,232.391,1862.43,36.111,24.379,1040.624,68.176,71.503,67.086,72.033,20.397
250,2021,NBTB,NBT Bancorp Inc,12012.111,172.58,1250.453,10234.469,339.077,49.254,7498.459,2479.219,154.885,321.088,157.794,32.91
251,2021,NECB,Northeast Community Bancorp Inc,1225.07,14.996,251.382,927.164,31.1,5.568,973.335,39.393,11.905,43.303,2.354,1.996
252,2021,NEFB,Neffs Bancorp Inc,462.754,3.819,74.697,378.011,7.5,0.548,208.532,219.102,4.036,11.134,0.244,0.543
253,2021,NFBK,Northfield Bancorp Inc,5430.542,43.677,739.883,4169.334,461.606,29.524,3806.617,1241.198,70.654,155.649,14.453,8.106
254,2021,NIC,Nicolet Bankshares Inc,7695.037,70.618,891.891,6465.916,216.915,13.063,4621.836,1617.472,60.652,157.955,67.364,56.109
255,2021,NIDB,Northeast Indiana Bancorp Inc,417.657,5.413,48.694,341.948,23.001,5.413,278.265,100.988,7.297,14.246,4.646,3.224
256,2021,NKSH,National Bankshares Inc,1702.175,15.747,191.751,1494.587,1.558,5.238,803.248,686.925,20.382,41.889,8.426,3.83
257,2021,NRIM,Northrim BanCorp Inc,2724.719,60.412,237.817,2421.631,35.783,16.289,1413.886,458.211,37.517,80.827,52.263,15.031
258,2021,NTRS,Northern Trust Corp,183889.8,2414.5,12016.8,159928.4,8430.2,132.4,40469.6,61563.8,1545.3,1382.7,5081.8,125.3
259,2021,NWBI,Northwest Bancshares Inc,14501.508,193.887,1583.571,12301.165,449.448,105.649,9991.336,2330.93,154.323,391.262,142.889,159.675
260,2021,NWFL,Norwood Financial Corp.,2068.504,20.608,205.262,1756.793,95.397,4.356,1354.931,410.709,24.915,65.313,8.325,2.476
261,2021,NWPP,New Peoples Bankshares Inc,794.647,12.662,63.631,707.513,20.558,8.882,593.744,107.358,7.01,27.211,9.98,4.302
262,2021,OBK,Origin Bancorp Inc,7861.285,93.026,730.211,6570.693,495.761,28.757,5231.331,1580.184,108.546,216.252,62.193,28.517
263,2021,OBT,Orange County Bancorp Inc,2142.583,22.967,182.836,1914.384,25.414,2.002,1291.428,467.014,21.287,60.461,12.102,5.953
264,2021,OCFC,OceanFirst Financial Corp.,11739.616,120.014,1516.553,9732.816,365.352,36.516,8632.202,1861.798,110.076,305.338,51.931,19.054
265,2021,OFED,Oconee Federal Financial Corp,543.716,6.667,88.1,439.93,15,2.9,339.089,140.469,4.065,14.847,2.003,2.781
266,2021,OFG,OFG Bancorp,9899.72,133.442,1069.16,8603.118,95.069,165.606,6402.586,895.798,146.151,407.37,133.21,128.992
267,2021,ONB,Old National Bancorp,24453.564,284.098,3012.018,18569.195,2651.476,166.412,13576.746,7564.652,277.538,596.4,214.219,127.099
268,2021,OPBK,OP Bancorp,1726.691,21.253,165.222,1534.066,10.307,0.985,1314.019,161.443,28.84,61.026,16.017,3.202
269,2021,ORBN,Oregon Bancorp Inc,411.661,48.693,75.554,322.924,2.172,0.849,246.609,14.232,22.389,12.893,77.458,1.407
270,2021,ORPB,Oregon Pacific Bancorp,691.721,9.362,49.26,618.68,18.652,2.521,398.155,124.433,7.801,20.319,6.616,0.928
271,2021,ORRF,Orrstown Financial Services Inc,2834.565,44.002,271.656,2464.929,68.279,10.31,1979.986,479.69,32.881,86.974,29.152,6.449
272,2021,OSBC,Old Second Bancorp Inc,6212.184,57.691,502.021,5466.232,198.876,25.519,3421.948,1705.745,20.044,96.764,39.23,47.022
273,2021,OTTW,Ottawa Bancorp Inc,342.525,5.907,45.974,273.051,16.525,2.007,287.517,32.7,2.904,10.891,2.955,1.6
274,2021,OVBC,Ohio Valley Banc Corp.,1249.769,21.649,141.356,1059.908,29.309,6.976,831.191,194.559,11.732,41.013,9.864,4.651
275,2021,OZK,Bank OZK,26530.43,214.567,4839.36,20209.134,1287.544,56.247,18307.825,3957.521,579.001,989.72,115.538,51.339
276,2021,PB,Prosperity Bancshares Inc,37833.97,310.556,6427.236,30771.762,497.499,59.57,18608.87,12827.802,519.297,993.308,139.966,28.088
277,2021,PBBK,PB Bankshares Inc,314.929,3.994,45.834,251.13,16.681,2.815,252.341,27.382,0.785,7.862,0.79,1.653
278,2021,PBCO,PBCO Financial Corp,859.597,13.565,79.065,764.229,7.437,1.028,457.225,242.648,11.473,31.124,8.311,0.542
279,2021,PBHC,Pathfinder Bancorp Inc,1285.177,14.384,110.633,1055.346,109.697,21.333,831.946,356.387,12.407,38.295,6.231,8.292
280,2021,PCB,PCB Bancorp,2149.735,27.974,256.286,1867.134,17.444,4.564,1732.205,131.775,40.103,77.137,18.434,0.994
281,2021,PDLB,Ponce Financial Group Inc,1653.51,23.262,189.256,1204.716,121.345,11.683,1321.43,120.281,25.415,58.846,34.637,11.443
282,2021,PEBK,Peoples Bancorp of North Carolina Inc.,1624.193,24.506,142.369,1412.748,57.235,3.886,884.869,410.217,15.133,43.974,24.919,3.23
283,2021,PEBO,Peoples Bancorp Inc,7063.521,94.612,845.025,5862.552,274.631,28.679,4481.6,1683.609,47.555,172.553,68.885,47.984
284,2021,PFBC,Preferred Bank of Los Angeles,6046.303,42.606,586.718,5225.511,170.619,20.529,4418.676,480.873,95.24,185.877,7.743,14.824
285,2021,PFIS,Peoples Financial Services Corp,3369.483,29.736,340.126,2963.397,44.501,10.502,2329.173,592.719,43.519,84.635,25.636,4.961
286,2021,PFLC,Pacific Financial Corp,1319.966,27.114,117.642,1178.94,15.288,2.392,628.333,236.151,12.697,35.905,16.729,1.421
287,2021,PFS,Provident Financial Services Inc,13781.202,143.366,1697.096,11268.452,687.293,91.565,9581.624,2529.616,167.921,366.023,86.809,56.758
288,2021,PGC,Peapack-Gladstone Financial Corp,6077.993,81.864,546.388,5266.149,148.632,11.46,4806.721,933.068,56.622,138.061,72.243,15.573
289,2021,PKBK,Parke Bancorp Inc,2136.445,9.731,232.361,1768.41,122.944,8.868,1484.847,28.413,40.76,69.116,8.799,5.962
290,2021,PLBC,Plumas Bancorp,1614.074,12.792,134.082,1438.999,31.03,2.97,839.737,305.914,21.009,46.934,8.716,5.397
291,2021,PNBK,Patriot National Bancorp Inc,948.481,11.089,67.344,748.562,123.586,21.297,739.488,105.818,5.094,25.261,4.423,23.097
292,2021,PNC,The PNC Financial Services Group Inc,557191,7141,55726,457278,33004,2337,282242,132962,5674,10647,8564,2506
293,2021,PNFP,Pinnacle Financial Partners Inc,38469.399,436.006,5310.607,31304.533,1565.076,86.196,23414.262,6070.152,527.323,932.401,395.734,40.106
294,2021,PPBN,Pinnacle Bankshares Corp,1015.863,14.756,62.367,938.079,10,1.469,551.739,121.999,4.375,25.089,7.187,0.95
295,2021,PRK,Park National Corp,9560.254,166.438,1110.759,7904.528,441.335,144.209,6871.122,1815.408,153.945,329.893,129.944,106.177
296,2021,PROV,Provident Financial Holdings Inc,1183.596,15.157,127.28,937.973,103.175,4.9,858.547,235.048,7.561,30.639,4.573,8.646
297,2021,PSBQ,PSB Holdings Inc/WI,1298.711,16.143,111.262,1105.24,69.021,1.619,888.559,313.091,12.817,38.601,9.418,13.741
298,2021,PVBC,Provident Bancorp Inc,1729.283,28.782,233.782,1459.895,17.887,5.419,1453.299,37.622,16.139,61.433,5.166,2.892
299,2021,PVBK,Pacific Valley Bancorp,499.62,7.108,42.991,454.149,1.099,0.873,384.754,12.802,3.77,15.946,1.175,0.794
300,2021,QCRH,QCR Holdings Inc,6096.132,100.907,677.01,4922.772,172.105,14.839,4676.304,829.568,98.905,178.233,100.422,2.76
301,2021,QNBC,QNB Corp,1673.34,17.453,136.494,1449.745,82.228,14.109,926.47,706.099,16.492,42.127,9.781,11.672
302,2021,QNTO,Quaint Oak Bancorp Inc,554.115,15.538,36.909,447.166,63.405,0.929,409.228,6.211,6.404,20.62,11.982,0.009
303,2021,RBB,RBB Bancorp,4228.194,33.568,466.683,3385.532,360.791,19.847,2931.35,389.512,56.906,124.343,18.745,21.018
304,2021,RBCAA,Republic Bancorp Inc,6093.632,110.088,834.232,4840.418,355.639,26.094,4496.562,552.356,86.789,220.594,86.859,22.344
305,2021,RBKB,Rhinebeck Bancorp Inc,1281.166,20.11,125.969,1101.999,31.035,6.474,862.526,281.605,11.558,39.413,7.423,6.689
306,2021,RF,Regions Financial Corp,162938,2205,18326,139072,2936,776,87784,30352,2521,3914,2524,474
307,2021,RMBI,Richmond Mutual Bancorporation Inc,1267.64,18.143,180.482,900.175,180,4.832,844.954,376.571,11.145,38.244,5.416,8.058
308,2021,RNST,Renasant Corp,16810.311,280.627,2209.853,13905.724,552.223,61.442,10020.914,2802.409,175.892,424.001,226.984,53.345
309,2021,RRBI,Red River Bancshares Inc,3224.71,32.449,298.15,2910.348,3.842,4.206,1683.832,670.474,32.952,71.722,24.493,0.979
310,2021,RVSB,Riverview Bancorp Inc,1740.096,23.635,157.249,1533.878,37.422,0.571,990.408,420.901,21.82,47.625,12.744,22.099
311,2021,SBCF,Seacoast Banking Corp of Florida,9681.433,115.156,1310.736,8067.589,231.541,48.86,5925.029,2317.359,124.403,276.025,70.727,44.216
312,2021,SBFG,SB Financial Group Inc,1330.854,26.838,144.929,1113.045,50.676,7.259,822.714,268.562,18.277,37.884,30.697,6.481
313,2021,SBKO,Summit Bank Group Inc,902.51,13.591,74.208,794.669,21.386,1.773,628.183,69.479,10.871,33.806,1.949,0.389
314,2021,SBNC,Southern Bancshares NC Inc,4590.98,54.329,466.939,3919.183,156.775,4.899,2439.549,1803.567,93.546,117.919,84.849,3.516
315,2021,SBSI,Southside Bancshares Inc,7259.602,79.892,912.172,5722.327,542.727,17.48,3645.162,2881.321,113.401,189.557,49.336,11.609
316,2021,SFBC,Sound Financial Bancorp Inc,919.691,14.257,93.358,798.32,17.876,3.478,686.398,9.465,9.156,29.92,7.329,6.211
317,2021,SFBS,ServisFirst Bancshares Inc,15448.806,67.728,1152.015,12452.836,1795.032,25.451,9532.934,1312.838,207.734,384.503,33.452,13.305
318,2021,SFDL,Security Federal Corp,1301.214,19.16,115.523,1115.963,64.233,3.624,506.545,706.942,12.774,33.293,12.633,2.813
319,2021,SFIGA,Star Financial Group Inc,3107.138,40.75,248.215,2754.738,76.523,8.378,1500.906,1050.525,33.245,75.112,42.307,2.679
320,2021,SFNC,Simmons First National Corp,24724.759,246.335,3248.841,19366.548,1956.828,143.866,12012.503,8642.766,271.156,591.532,191.815,76.252
321,2021,SFST,Southern First Bankshares Inc,2925.548,28.854,277.901,2563.826,64.119,9.238,2489.877,124.302,46.711,87.732,17.101,4.864
322,2021,SHBI,Shore Bancshares Inc,3460.136,28.484,350.693,3026.236,68.607,6.259,2119.175,527.107,15.368,64.13,13.498,3.826
323,2021,SLBK,Skyline Bankshares Inc,995.848,14.68,85.194,898.226,8.753,8.763,683.532,131.686,9.482,32.327,6.568,4.59
324,2021,SMBC,Southern Missouri Bancorp Inc,2700.53,31.01,283.423,2330.803,75.542,11.227,2233.466,217.924,47.18,92.686,20.042,8.118
325,2021,SMBK,SmartFinancial Inc,4611.579,51.656,429.43,4021.938,139.396,10.401,2693.397,575.916,34.79,113.394,23.949,5.058
326,2021,SNV,Synovus Financial Corp.,57317.226,649.426,5296.8,49427.276,1468.362,192.063,39311.958,11078.27,760.467,1532.947,450.066,158.179
327,2021,SOMC,Southern Michigan Bancorp Inc,1161.154,16.492,97.749,974.352,77.921,4.959,739.877,245.846,11.757,33.319,9.009,1.521
328,2021,SOME,Somerset Trust Holding Co,1867.426,33.587,139.993,1586.85,124.719,10.954,1132.304,518.832,13.946,62.117,17.388,15.465
329,2021,SPFI,South Plains Financial Inc,3901.855,93.36,407.427,3341.222,122.168,16.317,2437.577,724.504,58.614,121.764,97.469,11.63
330,2021,SRCE,1st Source Corp,8096.289,105.808,969.464,6679.065,351.406,64.533,5346.214,1890.23,118.534,236.638,100.092,41.334
331,2021,SSB,SouthState Bank Corp,41960.032,552.03,4802.94,35054.829,1224.219,119.095,23928.166,7170.384,475.543,1033.218,354.209,83.746
332,2021,SSBI,Summit State Bank,958.08,12.72,84.282,811.6,55.623,0.264,833.316,73.687,14.698,37.606,4.901,0.487
333,2021,STBA,S&T Bancorp Inc,9488.529,100.214,1206.454,7996.524,211.38,148.929,6999.99,920.312,110.343,276.112,64.61,79.604
334,2021,STD2,Santander Holdings USA Inc,159821.231,1975.292,24467.35,81598.172,46985.199,1976.334,92075.812,19076.755,2982.362,6189.521,4452.187,2149.341
335,2021,STEL,Stellar Bancorp Inc,7104.954,90.177,816.468,6047.639,209.173,38.089,4220.486,1783.123,81.553,228.564,8.562,24.127
336,2021,SYBT,Stock Yards Bancorp Inc,6646.025,76.513,675.869,5787.514,102.248,13.46,4169.303,1189.674,74.645,171.074,65.85,14.62
337,2021,TBBK,Bancorp Inc (The),6843.239,105.998,652.454,5976.911,151.646,12.724,3747.224,955.372,110.653,210.876,104.749,5.152
338,2021,TCBI,Texas Capital Bancshares Inc,34731.738,350.93,3209.616,28109.365,3201.013,121.989,22806.954,3583.808,253.939,768.837,138.23,72.502
339,2021,TCBK,TriCo Bancshares,8614.787,106.351,1000.184,7367.159,134.446,29.708,4916.624,2427.885,117.655,271.539,63.664,32.944
340,2021,TCBS,Texas Community Bancshares Inc,364.826,5.146,60.132,274.933,28.043,1.082,221.754,92.519,0.518,8.418,1.717,1.799
341,2021,TCBX,Third Coast Bancshares Inc,2499.412,48.642,299.007,2141.199,51,15.771,2068.724,33.959,11.424,90.553,4.878,17.279
342,2021,TECTP,Tectonic Financial Inc,585.011,24.947,84.787,444.169,47.954,1.793,428.747,39.361,17.034,25.757,36.624,3.667
343,2021,TFC,Truist Financial Corp,541241,8632,69271,416488,42805,1387,289513,155683,6440,13006,9290,1163
344,2021,TFIN,Triumph Financial Inc,5956.25,173.951,858.864,4646.679,392.634,68.478,4867.572,203.023,112.974,369.13,54.501,54.788
345,2021,TFSL,TFS Financial Corp,14057.45,108.867,1732.28,8993.605,3110.276,53.554,12573.324,584.566,81.007,231.63,55.299,44.334
346,2021,THFF,First Financial Corp,5175.099,64.474,582.576,4409.569,115.529,26.045,2815.895,1380.934,52.987,143.401,42.084,18.371
347,2021,TMP,Tompkins Financial Corp,7819.982,120.21,728.941,6791.435,190.787,45.867,5075.467,2340.42,89.264,223.792,78.849,31.292
348,2021,TOWN,TowneBank,16361.387,245.844,1916.174,13573.626,538.37,16.214,9506.252,1980.215,215.383,402.369,277.961,10.556
349,2021,TRCY,Tri City Bankshares Corp,2054.499,28.999,191.632,1844.379,14.568,4.945,1014.653,822.702,15.359,51.934,18.108,3.132
350,2021,TRMK,Trustmark Corp,17595.636,278.547,1741.311,15087.16,550.968,74.779,10281.165,3581.414,147.365,418.351,221.91,67.255
351,2021,TRST,TrustCo Bank Corp NY,6196.546,48.721,601.128,5268.129,297.406,21.625,4438.779,423.24,61.519,160.408,17.937,19.118
352,2021,TSBK,Timberland Bancorp Inc,1792.18,18.75,206.899,1570.555,7.359,4.164,981.923,138.336,27.583,51.858,17.161,3.17
353,2021,UBAB,United Bancorporation of Alabama Inc,1120.943,15.35,109.71,982.731,23.508,3.476,657.155,292.959,18.533,32.927,22.683,11.632
354,2021,UBCP,United Bancorp Inc,724.456,9.698,71.701,605.136,39.366,1.347,454.372,150.017,9.451,22.112,5.706,4.624
355,2021,UBFO,United Security Bancshares,1330.944,11.713,120.207,1188.106,13.894,17.548,871.533,182.646,10.098,35.651,3.385,16.649
356,2021,UBOH,United Bancshares Inc/OH,1076.556,20.702,119.095,930.413,21.646,2.44,609.559,312.771,13.581,35.735,17.346,1.24
357,2021,UBSI,United Bankshares Inc,29328.902,333.841,4718.628,23350.263,1032.941,154.802,18023.648,4295.749,367.738,742.734,278.092,105.586
358,2021,UCB,United Community Banks Inc,20946.771,241.443,2222.245,18241.179,278.432,62.246,11760.346,5652.922,269.801,549.034,157.818,32.855
359,2021,UMBF,UMB Financial Corp,42693.484,504.442,3145.424,35599.927,3574.596,92.563,17168.704,13782.088,353.018,815.521,467.175,92.3
360,2021,UNB,Union Bankshares Inc,1205.373,19.041,84.341,1095.082,17.861,2.971,787.755,268.951,13.17,35.708,12.963,4.748
361,2021,UNTY,Unity Bancorp Inc,2033.713,24.771,205.729,1758.881,55.641,12.06,1622.075,82.872,36.119,77.039,12.054,9.686
362,2021,USB,U.S. Bancorp,573284,8728,55387,456083,45091,1298,299661,174821,7963,12494,10227,878
363,2021,UVSP,Univest Financial Corp,7122.421,104.191,773.794,6055.124,247.433,40.492,5310.017,525.175,91.801,188.383,83.224,34.038
364,2021,UWHR,Uwharrie Capital Corp,939.68,21.637,60.787,836.752,32.838,3.758,420.779,362.451,9.518,26.115,18.932,0.972
365,2021,VABK,Virginia National Bankshares Corp,1972.184,16.129,161.987,1796.17,10.475,0.145,1061.211,308.767,10.071,44.988,10.465,1.906
366,2021,VBTX,Veritex Holdings Inc,9757.249,94.748,1315.079,7363.615,1027.418,87.637,7385.023,1139.779,139.584,280.783,58.405,50.128
367,2021,VLY,Valley National Bancorp,43446.443,375.865,5084.066,35632.412,2418.921,194.557,34153.657,3832.814,473.84,1209.901,155.013,245.406
368,2021,WABC,Westamerica Bancorporation,7461.026,48.011,827.102,6413.956,164.226,4.779,1068.126,4959.478,86.509,171.488,43.345,1.031
369,2021,WAFD,WaFd Inc,19650.574,176.106,2126.064,15542.112,1749.569,37.695,14004.87,2607.147,183.615,505.109,60.988,43.625
370,2021,WAL,Western Alliance Bancorporation,55982.6,466.7,4962.6,47612,2540.5,149.8,39075.4,7540.9,899.2,1548.8,404.2,87.3
371,2021,WASH,Washington Trust Bancorp Inc,5851.127,87.295,564.808,4980.051,196.691,13.197,4272.925,1055.89,76.87,141.435,87.394,14.203
372,2021,WBS,Webster Financial Corp,34915.599,419.989,3438.325,29847.029,1393.628,170.314,22271.729,10504.815,408.864,901.089,323.372,112.59
373,2021,WCCB,West Coast Community Bancorp,1701.249,17.562,186.09,1496.336,5.052,0.031,1132.298,284.831,21.274,61.535,4.776,0.375
374,2021,WCFB,WCF Bancorp Inc,137.668,2.024,26.746,98.145,12,0.397,89.365,30.474,0.718,4.136,0.671,0.358
375,2021,WFC,Wells Fargo & Co,1948068,35541,190110,1482479,199574,8887,880535,486480,21548,35779,42713,7324
376,2021,WNEB,Western New England Bancorp Inc,2538.425,32.186,223.688,2256.898,31.25,7.841,1864.716,431.114,23.699,73.177,12.564,4.964
377,2021,WSBC,WesBanco Inc,16927.125,195.275,2693.166,13565.863,458.673,41.356,9733.478,4031.483,242.26,457.933,132.785,39.488
378,2021,WSBF,Waterstone Financial Inc,2215.858,135.115,432.773,1233.386,483.392,5.882,1205.785,203.454,70.791,55.515,203.195,5.722
379,2021,WSFS,WSFS Financial Corp,15777.327,214.167,1937.016,13240.062,399.003,60.508,7885.989,5312.544,271.442,433.649,185.48,33.133
380,2021,WTBA,West Bancorporation Inc,3500.201,23.226,260.328,3016.005,205.804,16.194,2456.196,768.787,49.607,95.059,9.729,8.948
381,2021,WTBFA,W T B Financial Corp,11089.567,141.916,832.945,9890.27,276.762,13.515,5531.792,3335.815,100.03,299.056,67.849,52.292
382,2021,WTFC,Wintrust Financial Corp.,50142.143,691.669,4498.688,42095.585,2603.75,144.071,34789.104,5495.967,466.151,1124.957,586.12,78.709
383,2021,ZION,Zions Bancorporation National Association,93200,1127,7463,82789,2137,371,50524,24600,1129,2208,703,272
1,2022,ABBB,Auburn Bancorp Inc,98.171,2.034,6.824,81.14,10,0.875,77.077,15.877,0.152,3.138,0.483,0.408
2,2022,ABCB,Ameris Bancorp,25053.286,319.719,3197.4,19462.738,2069.146,101.871,19855.253,1745.916,346.54,801.026,284.424,153.544
3,2022,ACNB,ACNB Corp,2525.507,35.979,245.042,2198.975,66.116,6.219,1538.61,621.879,35.752,83.425,21.807,4.331
4,2022,AFBI,Affinity Bancshares Inc,791.283,12.221,117.103,657.172,12.722,10.538,646.234,73.809,7.134,29.755,2.402,9.621
5,2022,ALPIB,Alpine Banks of Colorado,6317.255,81.845,425.028,5518.666,323.976,3.836,3894.684,1975.548,73.354,201.764,41.081,2.625
6,2022,ALRS,Alerus Financial Corp,3779.637,102.571,356.872,2915.484,442.825,3.082,2443.994,1063.183,40.005,99.729,111.223,3.824
7,2022,AMAL,Amalgamated Financial Corp,7843.124,74.712,508.955,6595.037,698.487,54.586,4106.002,3391.689,81.455,239.84,23.897,34.751
8,2022,AMBK,American Bank Inc,927.284,6.791,81.908,667.477,159.632,0.341,662.597,207.823,10.115,23.587,1.743,0.309
9,2022,AMFC,AMB Financial Corp.,324.819,4.745,27.177,291.736,3.093,0.46,266.371,17.108,3.178,10.51,2.204,0.404
10,2022,AMTB,Amerant Bancorp Inc,9127.804,123.51,705.726,7044.199,1199.305,59.501,6857.194,1366.68,63.31,266.665,67.277,37.599
11,2022,ARBV,American Riviera Bancorp,1282.568,18.3,87.096,1163.528,25.069,2.869,907.685,269.874,13.494,46.846,3.347,3.066
12,2022,AROW,Arrow Financial Corp,3969.509,47.003,353.538,3498.364,85.741,11.79,2983.207,757.097,48.799,118.343,30.898,12.576
13,2022,ASB,Associated Banc-Corp,39405.727,454.101,4015.49,29636.154,5202.226,160.062,28799.569,7023.135,366.122,957.321,282.37,126.466
14,2022,ASRV,AmeriServ Financial Inc,1363.874,28.492,106.178,1108.537,138.373,3.323,990.766,249.265,7.448,40.563,16.692,5.2
15,2022,ATLO,Ames National Corp,2134.926,22.909,149.098,1897.957,79.796,13.057,1241.711,791.051,19.293,53.244,9.687,14.722
16,2022,AUB,Atlantic Union Bankshares Corp,20461.138,228.926,2372.737,15931.677,1764.684,32.796,14449.142,3709.761,234.51,584.261,118.523,27.114
17,2022,AUBN,Auburn National Bancorporation Inc,1023.888,12.307,68.041,950.337,3.162,0.818,504.458,405.304,10.346,27.166,6.506,2.731
18,2022,AVBH,Avidbank Holdings Inc,2133.268,29.102,137.538,1823.235,164.953,3.244,1554.222,451.362,25.023,74.079,4.67,14.245
19,2022,AX,Axos Financial Inc.,17401.165,167.39,1642.973,13946.422,637.622,151.977,14239.678,282.886,240.716,607.158,113.363,118.992
20,2022,BAC,Bank of America Corp,3051375,36447,273197,1930341,508908,4697,1032103,862819,27528,52462,42488,3978
21,2022,BANC,Banc of California Inc,41228.936,406.839,3950.531,33936.334,2779.518,74.017,28609.129,7146.912,423.613,1290.762,74.827,108.8
22,2022,BANF,BancFirst Corp,12387.863,184.976,1250.836,10974.228,91.769,69.074,6943.563,1556.116,193.1,373.673,183.747,61.554
23,2022,BANR,Banner Corp,15833.431,242.266,1456.432,13620.059,511.808,23.705,10146.724,3918.619,195.378,553.179,75.255,23.35
24,2022,BCAL,California BanCorp,2283.927,37.069,260.355,1931.905,78.825,0.809,1897.773,181.069,16.113,87.786,3.675,0.041
25,2022,BCBP,BCB Bancorp Inc,3546.193,28.021,291.254,2811.607,433.628,14.964,3077.704,129.514,45.579,113.945,1.595,5.184
26,2022,BCML,BayCom Corp,2513.334,40.48,317.149,2085.479,89.333,6.909,2021.124,188.042,23.73,96.714,6.1,15.244
27,2022,BCTF,Bancorp 34 Inc,575.556,7.274,50.687,487.587,29.531,4.338,466.265,65.691,4.015,18.494,0.664,6.796
28,2022,BFC,Bank First Corp,3660.432,33.155,453.103,3060.229,124.207,8.39,2893.978,366.229,45.214,104.085,19.847,6.421
29,2022,BFIN,BankFinancial Corp,1575.137,21.576,151.671,1374.934,23.341,1.475,1234.872,217.828,10.494,50.815,5.976,2.112
30,2022,BFST,Business First Bancshares Inc,5990.46,85.222,580.481,4820.345,577.783,14.517,4606.176,928.218,54.255,199.577,29.31,12.823
31,2022,BHB,Bar Harbor Bankshares,3909.803,48.657,393.45,3043.431,402.747,10.191,2902.69,574.409,43.557,113.681,35.311,6.549
32,2022,BHLB,Berkshire Hills Bancorp Inc,11662.864,152.741,954.062,10327.269,188.551,37.062,8335.309,2026.637,92.533,344.597,68.937,33.323
33,2022,BHRB,Burke & Herbert Financial Services Corp,3562.898,47.138,273.453,2920.4,353.437,26.261,1887.221,1388.2,44.013,103.692,17.087,5.497
34,2022,BK,Bank of New York Mellon Corp (The),405783,6800,40741,278970,44526,120,65406,143300,2573,3504,12873,109
35,2022,BKOR,Oak Ridge Financial Services Inc,589.281,9.988,52.643,480.985,49.752,3,426.295,94.726,6.662,21.654,4.07,0.739
36,2022,BKSC,Bank of South Carolina Corp,653.346,7.547,38.812,598.67,13.434,0.815,330.982,271.172,6.655,18.897,2.065,0.631
37,2022,BKU,BankUnited Inc,37026.712,265.548,2435.981,27509.334,6411.832,208.184,24885.988,10049.499,284.971,912.96,77.636,106.951
38,2022,BLFY,Blue Foundry Bancorp,2043.338,29.247,393.718,1288.862,337.824,11.983,1545.127,364.022,2.396,51.843,2.664,7.767
39,2022,BMBN,Benchmark Bankshares Inc,1124.672,16.545,85.654,1029.193,3.168,0.61,815.911,161.393,13.24,39.314,8.613,0.54
40,2022,BMRC,Bank of Marin Bancorp,4147.464,41.653,412.092,3573.348,139.078,9.176,2092.546,1774.303,46.586,127.492,10.905,2.887
41,2022,BNCC,BNCCORP Inc,943.321,21.194,100.346,819.584,16.66,1.69,616.645,177.939,6.5,30.958,19.128,1.419
42,2022,BOH,Bank of Hawaii Corp,23606.877,235.27,1316.995,20615.696,1236.31,18.966,13576.929,8312.027,225.804,540.558,157.541,12.647
43,2022,BOKF,BOK Financial Corp,47790.642,670.918,4687.358,34480.705,7350.542,369.266,22557.15,14603.788,520.273,1211.38,643.257,299.636
44,2022,BOTJ,Bank of the James Financial Group Inc,928.571,17.682,50.226,848.138,25.143,1.715,611.625,190.813,8.959,29.703,13.244,1.199
45,2022,BPOP,Popular Inc,67637.917,719.764,4093.425,61227.227,1562.346,632.954,30492.03,26518.683,1102.641,2167.359,897.062,528.567
46,2022,BPRN,Princeton Bancorp Inc,1601.779,20.455,219.601,1347.73,26.772,1.414,1370.368,85.345,26.494,68.083,4.862,0.266
47,2022,BRBS,Blue Ridge Bankshares Inc,3130.465,56.006,248.793,2502.507,359.531,16.251,2411.059,424.046,17.333,104.567,48.092,18.779
48,2022,BRKL,Brookline Bancorp Inc,9185.836,113.487,992.125,6522.146,1452.136,33.177,7644.388,728.073,109.744,299.771,28.347,15.302
49,2022,BSBK,Bogota Financial Corp,951.099,8.435,139.659,701.411,102.319,0.865,721.604,168.019,6.877,23.078,1.124,0.857
50,2022,BSRR,Sierra Bancorp,3608.59,47.053,303.582,2846.164,420.127,4.615,2052.817,1284.533,33.659,109.615,30.77,19.579
51,2022,BUSE,First Busey Corp,12336.677,159.016,1145.977,10071.28,917.703,21.268,7725.702,3391.24,128.311,323.438,126.803,16.59
52,2022,BWB,Bridgewater Bancshares Inc,4345.662,36.941,394.064,3416.543,479.151,0.722,3560.153,568.219,53.392,129.698,6.332,0.639
53,2022,BWFG,Bankwell Financial Group Inc,3252.449,22.237,238.469,2800.818,158.959,16.587,2668.815,126.85,37.429,94.743,3.04,16.441
54,2022,BY,Byline Bancorp Inc,7362.941,118.051,765.816,5695.121,765.819,25.242,5421.258,1213.327,87.954,265.33,57.314,40.744
55,2022,CAC,Camden National Corp,5671.85,62.019,451.278,4826.929,324.841,6.884,4010.353,1255.171,61.439,147.694,40.702,5.105
56,2022,CADE,Cadence Bank,48653.414,745.023,4311.374,38956.614,4694.592,186.812,30349.277,12096.554,463.237,1351.303,493.032,116.136
57,2022,CARE,Carter Bankshares Inc,4204.519,52.399,328.627,3630.333,205.02,18.313,3148.913,846.013,50.118,139.928,21.718,15.038
58,2022,CARV,Carver Bancorp Inc,723.224,13.186,45.224,600.429,64.263,11.541,597.896,58.427,-4.401,22.789,3.595,12.321
59,2022,CASH,Pathward Financial Inc,6747.41,171.126,645.14,5866.037,68.083,61.833,3536.305,1956.237,156.386,307.324,293.807,30.92
60,2022,CATY,Cathay General Bancorp,21947.976,142.546,2474.04,18505.279,659.254,71.653,18247.383,1512.756,360.642,733.697,56.814,84.501
61,2022,CBAN,Colony Bankcorp Inc,2936.57,52.809,230.268,2490.997,205.247,5.779,1737.106,912.204,19.542,80.625,35.072,6.357
62,2022,CBCY,Central Bancompany Inc,19445.397,254.401,2387.592,15561.196,1350.582,28.746,11223.613,6529.44,258.22,555.775,231.249,25.982
63,2022,CBFV,CB Financial Services Inc,1408.938,18.469,110.155,1268.503,24.786,7.302,1049.873,190.058,11.247,42.935,9.82,5.799
64,2022,CBKM,Consumers Bancorp Inc,977.313,13.26,53.97,886.562,30.728,1.771,611.843,307.146,11.192,32.746,4.735,0.44
65,2022,CBNK,Capital Bancorp Inc,2123.655,42.898,224.015,1758.072,121.421,11.512,1730.755,259.843,41.804,140.607,29.372,9.756
66,2022,CBSH,Commerce Bancshares Inc,31875.931,554.047,2481.577,26187.44,2876.637,9.272,16303.131,12475.654,488.399,942.185,567.041,8.402
67,2022,CBU,Community Financial System Inc,15835.651,257.339,1551.705,13012.308,1168.866,46.191,8809.394,5314.888,188.081,420.63,258.725,33.867
68,2022,CCB,Coastal Financial Corp,3144.467,52.228,243.494,2817.521,52.821,1.727,2627.256,108.908,40.625,171.775,124.684,33.175
69,2022,CCBG,Capital City Bank Group,4519.223,91.519,387.281,3939.317,132.859,4.339,2547.685,1074.048,33.412,125.022,75.181,2.728
70,2022,CCFN,Muncy Columbia Financial Corp,944.014,10.406,85.942,682.325,172.063,2.87,527.729,345.351,9.514,22.327,6.071,2.654
71,2022,CCNE,CNB Financial Corp/PA,5475.179,71.46,530.762,4622.437,271.089,20.295,4275.178,816.504,63.188,189.659,34.766,23.546
72,2022,CEFC,Commercial National Financial Corp,613.754,7.917,39.313,538.732,32.403,4.416,411.294,101.705,8.081,20.417,2.208,0.688
73,2022,CFBK,CF Bankshares Inc,1820.174,15.125,139.248,1527.922,125.821,0.997,1588.317,23.384,18.164,48.79,3.21,0.761
74,2022,CFFI,C&F Financial Corp,2332.317,47.867,196.233,2003.86,101.19,3.949,1635.718,513.711,29.159,93.464,28.482,1.541
75,2022,CFFN,Capitol Federal Financial Inc,9624.897,56.6,1096.499,6194.866,2143.967,13.606,7480.579,1663.931,84.453,192.594,22.83,9.771
76,2022,CFG,Citizens Financial Group Inc,226733,2439,23690,180724,16956,724,156662,35052,2073,6012,2009,960
77,2022,CFR,Cullen/Frost Bankers Inc,52892.376,580.704,3137.228,43954.196,5256.64,57.177,17154.969,20882.688,579.15,1291.283,404.818,38.797
78,2022,CHBH,Croghan Bancshares Inc,1125.763,16.513,109.07,908.898,100.746,0.499,699.459,336.291,14.014,37.668,7.006,0.583
79,2022,CHCO,City Holding Co,5878.106,66.536,577.852,4869.866,290.964,7.58,3646.258,1529.327,102.071,180.033,72.077,6.301
80,2022,CHMG,Chemung Financial Corp,2645.553,32.722,166.388,2327.227,105.757,8.227,1829.448,646.04,28.783,74.179,21.436,8.373
81,2022,CIVB,Civista Bancshares Inc,3537.83,50.851,334.835,2619.984,541.736,5.37,2546.666,651.177,39.427,110.204,29.076,10.905
82,2022,CIZN,Citizens Holding Co,1324.003,17.649,39.025,1126.402,145.89,6.668,585.591,609.698,9.62,34.909,10.885,6.46
83,2022,CLBK,Columbia Financial Inc,10408.169,116.926,1053.595,8001.159,1145.662,3.939,7677.564,1811.655,86.173,266.777,30.4,6.721
84,2022,CLST,Catalyst Bancorp Inc,263.324,4.822,88.474,165.094,9.198,1.231,133.607,94.885,0.18,7.331,1.173,2.005
85,2022,CMA,Comerica Incorporated,85406,1208,5181,71397,6641,269,52642,19240,1151,2466,1068,244
86,2022,CMTV,Community Bancorp/VT,1056.032,11.09,75.176,922.972,51.568,5.941,749.042,194.33,13.74,33.085,6.643,7.89
87,2022,CNND,Canandaigua National Corp,4747.541,74.68,312.559,3762.068,606.781,23.019,3477.511,1100.384,47.854,144.109,50.734,10.566
88,2022,CNOB,ConnectOne Bancorp Inc,9644.948,81.289,1178.751,7356.622,1022.274,61.7,8099.689,697.299,125.211,302.119,13.243,44.718
89,2022,COFS,ChoiceOne Financial Services Inc,2385.915,30.391,168.874,2118.003,85.262,5.737,1189.782,972.802,23.64,67.314,14.072,2.667
90,2022,COLB,Columbia Banking System Inc,31848.639,441.226,2479.826,27065.612,1718.09,53.069,26155.981,3318.745,336.752,1070.016,199.528,58.843
91,2022,CPF,Central Pacific Financial Corp.,7432.763,88.781,452.871,6736.223,146.748,5.881,5555.466,1345.823,73.928,215.563,47.919,5.251
92,2022,CPKF,Chesapeake Financial Shares Inc,1328.997,25.627,79.067,1166.24,71.987,6.737,740.82,449.671,17.629,44.085,22.192,5.519
93,2022,CSBB,CSB Bancorp Inc/OH,1159.108,13.446,95.92,1023.417,35.318,1.088,627.171,401.144,13.313,32.323,6.711,0.256
94,2022,CSHX,Cashmere Valley Bank,2087.762,24.558,158.39,1900.019,17.166,0.404,1005.741,819.155,26,61.862,11.666,1.58
95,2022,CTBI,Community Trust Bancorp Inc,5380.316,72.49,628.047,4426.143,291.755,20.111,3709.29,1269.955,81.814,169.102,57.916,18.98
96,2022,CUBI,Customers Bancorp Inc,20896.112,112.365,1402.961,18156.953,1124.578,49.76,15466.359,3901.955,228.034,623.72,32.272,30.783
97,2022,CVBF,CVB Financial Corp,16476.54,131.596,1948.517,12836.245,1584.889,6.893,8998.266,5837.139,235.425,505.513,49.989,4.93
98,2022,CYFL,Century Financial Corp,454.393,6.958,43.09,403.644,5.628,1.204,201.592,167.497,5.86,13.63,5.631,0.695
99,2022,CZBC,Citizens Bancorp/OR,1055.153,16.032,58.658,955.728,29.531,2.226,378.687,464.92,9.102,29.479,3.037,0.193
100,2022,CZBS,Citizens Bancshares Corp,807.136,9.084,172.167,620.208,4.878,1.904,340.855,178.621,9.437,23.722,6.548,1.369
101,2022,CZFS,Citizens Financial Services Inc,2333.393,27.837,200.147,1844.208,262.294,8.842,1724.999,441.714,29.06,72.134,9.738,7.488
102,2022,CZNC,Citizens & Northern Corp,2454.307,41.833,249.325,1997.593,185.914,21.902,1740.04,498.033,26.618,83.128,24.432,25.597
103,2022,CZWI,Citizens Community Bancorp Inc,1816.386,22.128,167.088,1424.72,216.884,13.233,1411.784,279.998,17.761,56.369,10.43,12.721
104,2022,DCOM,Dime Community Bancshares Inc,13189.921,120.108,1169.583,10254.407,1392.983,40.307,10566.831,1625.13,152.556,379.863,38.156,34.237
105,2022,DIMC,Dimeco Inc,969.567,14.861,88.013,787.574,82.093,13.823,679.072,218.823,12.341,34.809,4.956,4.794
106,2022,EBC,Eastern Bankshares Inc,22646.858,298.186,2471.79,18974.359,787.607,34.983,13562.528,7208.788,199.759,568.054,176.161,38.604
107,2022,EBMT,Eagle Bancorp Montana Inc,1948.384,44.521,158.416,1635.272,130.222,7.063,1353.678,358.715,10.701,63.312,30.499,7.778
108,2022,ECBK,ECB Bancorp Inc,1064.462,9.928,162.73,718.149,174,0.982,892.874,89.885,2.72,23.634,1.401,0.656
109,2022,EFSC,Enterprise Financial Services Corp,13054.172,147.029,1522.263,10829.15,597.59,31.517,9737.138,2309.512,203.043,473.903,59.162,10.25
110,2022,EFSI,Eagle Financial Services Inc,1616.717,25.73,101.729,1264.075,242.335,2.766,1323.307,158.389,14.521,49.213,13.345,2.27
111,2022,EGBN,Eagle Bancorp Inc,11150.854,84.053,1228.321,8713.182,1109.162,30.843,7635.632,2757.107,140.93,332.867,23.654,8.43
112,2022,EMYB,Embassy Bancorp Inc,1640.227,13.403,88.276,1521.107,20.724,2.579,1208.613,317.987,17.702,46.282,2.343,2.374
113,2022,ENBP,ENB Financial Corp,1858.716,27.324,97.335,1638.958,116.58,2.881,1191.117,544.93,14.631,50.583,13.564,4.347
114,2022,EQBK,Equity Bancshares Inc,4981.651,62.006,410.058,4241.807,287.028,65.998,3311.548,1208.033,57.688,162.83,35.957,18.248
115,2022,EQFN,Equitable Financial Corp,454.828,7.804,42.41,396.158,11.353,1.284,395.539,33.97,4.591,15.059,6.057,0.554
116,2022,ESQ,Esquire Financial Holdings Inc,1395.639,25.774,158.158,1228.236,2.81,0.006,947.295,190.456,28.518,59.346,24.925,0.004
117,2022,EWBC,East West Bancorp Inc,64112.15,477.635,5984.612,55967.849,564.331,103.482,48202.43,9036.861,1128.083,2045.881,298.666,99.796
118,2022,EXSR,Exchange Bank of Santa Rosa California,3334.397,40.279,202.024,3066.281,28.21,5.899,1509.908,1590.648,37.48,99.135,24.368,5.966
119,2022,FBAK,First National Bank Alaska,5337.737,60.741,407.55,4224.857,674.697,17.629,2227.047,2815.357,58.235,145.37,24.608,5.697
120,2022,FBIZ,First Business Financial Services Inc,2976.611,57.742,260.64,2168.206,466.983,6.522,2443.066,242.471,40.858,98.422,29.428,3.754
121,2022,FBK,FB Financial Corp,12847.756,211.491,1325.518,10855.834,485.431,62.983,9298.212,1532.817,124.555,412.235,114.667,87.491
122,2022,FBNC,First Bancorp/NC,10625.049,117.718,1031.596,9227.529,306.898,52.637,6665.145,2895.793,146.936,324.854,67.985,38.293
123,2022,FBP,First BanCorp (Puerto Rico),18634.484,206.038,1325.54,16143.467,1015.849,158.102,11552.825,6084.06,305.072,795.293,123.092,129.158
124,2022,FBPI,First Bancorp of Indiana Inc,518.48,7.872,32.588,389.675,90.769,1.273,350.569,116.889,2.436,13.691,3.954,0.468
125,2022,FBSI,First Bancshares Inc,471.715,6.676,47.586,420.692,2.514,0.618,411.767,13.105,5.283,17.738,1.717,0.614
126,2022,FBTT,First Bankers Trustshares Inc,1118.117,14.578,56.592,913.551,140.788,8.634,551.269,483.311,8.823,27.649,7.04,7.634
127,2022,FCBC,First Community Bancshares Inc,3135.572,47.183,421.985,2678.815,2.544,23.237,2400.197,300.349,46.662,112.663,37.182,17.399
128,2022,FCCO,First Community Corp,1672.946,25.357,118.361,1385.382,158.539,1.415,980.857,564.754,14.613,47.943,11.569,5.831
129,2022,FCF,First Commonwealth Financial Corp.,9805.666,126.031,1052.074,8005.469,599.067,55.822,7642.143,1250.237,128.181,312.221,98.708,36.021
130,2022,FCNCA,First Citizens BancShares Inc,109298,1396,9662,89408,6997,159.634,70781,19624,1098,2946,2136,674
131,2022,FDBC,Fidelity D & D Bancorp Inc,2378.372,26.977,162.95,2166.913,31.026,6.434,1564.174,648.874,30.021,72.274,16.642,4.069
132,2022,FDVA,Freedom Financial Holdings Inc,990.632,15.16,74.946,848.995,52.364,8.891,700.003,202.543,10.564,31.588,5.687,8.639
133,2022,FFBB,FFB Bancorp,1294.464,15.341,92.358,1081.227,105.853,2.93,842.553,349.397,26.521,48.086,13.339,6.373
134,2022,FFBC,First Financial Bancorp.,17003.316,269.368,2041.373,12701.177,1698.305,60.106,10298.971,3636.829,217.612,519.143,189.641,39.774
135,2022,FFDF,FFD Financial Corp,652.853,6.756,52.553,578.932,15.069,0.429,509.447,40.889,9.127,19.934,2.923,0.339
136,2022,FFIC,Flushing Financial Corp,8422.946,84.374,677.157,6485.342,1099.098,14.933,6934.769,854.91,76.945,243.616,10.009,53.363
137,2022,FFIN,First Financial Bankshares Inc,12974.066,134.133,1265.737,11005.507,642.507,34.158,6441.868,5474.359,234.475,401.414,131.665,24.325
138,2022,FFMH,First Farmers and Merchants Corp,1942.289,23.115,96.665,1798.628,28.371,1.214,966.167,828.183,18.05,47.984,14.147,0.705
139,2022,FFWM,First Foundation Inc,13014.179,110.222,1134.378,10362.612,1402.352,14.54,10726.193,1114.06,110.512,318.69,48.234,16.541
140,2022,FGBI,First Guaranty Bancshares Inc,3151.347,36.699,234.991,2723.792,183.369,20.032,2519.077,458.054,28.884,100.042,11.009,14.821
141,2022,FGFH,Foresight Financial Group Inc,1477.46,22.627,127.231,1294.707,43.664,7.585,968.967,399.353,13.626,45.673,8.409,6.822
142,2022,FHB,First Hawaiian Inc,24577.223,199.129,2269.005,21689.029,75,7.257,14092.012,7481.872,265.685,613.549,179.525,11.996
143,2022,FHN,First Horizon Corp,78953,1101,8547,63489,4474,285,58102,10207,900,2392,815,327
144,2022,FIBK,First Interstate BancSystem Inc,32287.8,359.6,3073.8,25073.6,3663.8,29.7,18099.2,10596.5,202.2,942.6,163.2,78.3
145,2022,FINW,Finwise Bancorp,400.78,24.489,140.459,242.998,7.334,0.763,236.202,14.741,25.115,50.895,37.411,0.1
146,2022,FISI,Financial Institutions Inc,5797.272,69.633,405.605,4929.424,312.451,12.166,4050.449,1143.346,56.573,167.372,46.271,10.217
147,2022,FITB,Fifth Third Bancorp,207452,2554,17327,163690,19331,542,118776,51825,2446,5609,2766,539
148,2022,FIZN,First Citizens Bancshares Inc,2404.31,29.62,155.41,2075.5,157.436,2.773,1335.313,752.329,27.064,68.051,18.294,4.212
149,2022,FKYS,First Keystone Corp,1329.194,14.554,120.386,993.499,205.453,7.066,858.398,382.279,14.024,37.5,5.331,5.359
150,2022,FLG,Flagstar Financial Inc,90144,354,8824,58721,21454,41,69001,10341,650,1396,247,153
151,2022,FMAO,Farmers & Merchants Bancorp Inc,3015.351,29.603,298.14,2468.864,226.277,8.235,2356.387,400.588,32.515,86.787,15.537,4.689
152,2022,FMBH,First Mid Bancshares Inc,6744.215,98.594,633.155,5257.001,816.437,27.055,4825.874,1222.25,72.952,184.277,74.682,23.539
153,2022,FMBM,F & M Bank Corp,1245.902,20.032,70.792,1083.377,77.776,5.508,743.604,403.537,8.318,34.939,9.634,2.262
154,2022,FMCB,Farmers & Merchants Bancorp,5327.399,64.25,485.308,4759.269,13.81,1.389,3512.361,1013.366,75.09,193.573,6.178,1.444
155,2022,FMNB,Farmers National Banc Corp/OH,4082.2,45.013,292.295,3561.768,191.973,16.195,2404.75,1301.469,60.597,124.166,44.202,14.876
156,2022,FNB,F.N.B. Corp,43725,426.237,5653,34770,2633.3,96,30255,7630,439.109,1119.78,323.553,119
157,2022,FNFI,First Niles Financial Inc,133.89,4.913,13.144,83.492,35.092,0.418,91.644,19.486,0.252,3.011,4.082,0.15
158,2022,FNLC,First Bancorp Inc/ME (The),2739.178,23.316,228.923,2378.877,104.22,6.721,1914.674,682.288,38.99,76.166,16.874,1.755
159,2022,FNRN,First Northern Community Bancorp,1871.361,24.204,125.04,1726.874,5.422,10.197,984.93,627.532,15.884,54.696,6.933,8.579
160,2022,FNWB,First Northwest Bancorp,2042.07,35.94,158.282,1564.255,292.271,1.4,1547.551,338.25,15.645,69.863,10.327,1.79
161,2022,FNWD,Finward Bancorp,2070.339,28.99,136.393,1775.017,135.503,8.253,1513.631,377.443,15.08,67.149,11.509,11.182
162,2022,FOTB,First Ottawa Bancshares Inc,1354.688,21.45,71.501,1082.765,194.131,7.965,1104.798,113.045,12.243,44.13,6.824,6.003
163,2022,FRAF,Franklin Financial Services Corp,1699.579,28.094,114.197,1551.448,25.767,7.384,1051.041,487.891,14.938,51.586,15.25,0.12
164,2022,FRBA,First Bank,2732.94,27.383,289.562,2293.952,127.963,13.773,2337.814,160.735,36.287,92.373,5.12,6.25
165,2022,FRFC,First Robinson Financial Corp,471.987,5.965,22.828,369.925,74.696,1.43,236.218,186.272,2.591,10.519,3.065,0.936
166,2022,FRME,First Merchants Corp,17938.306,206.893,2034.77,14382.745,1339.261,43.949,12003.894,4302.313,222.089,520.203,107.941,48.979
167,2022,FRST,Primis Financial Corp,3566.664,49.005,388.968,2722.467,432.524,16.475,2946.637,275.65,14.148,101.7,18.352,38.845
168,2022,FSBC,Five Star Bancorp,3227.159,22.571,252.825,2782.004,177.849,0.588,2791.326,136.314,44.801,103.07,7.157,0.404
169,2022,FSBW,FS Bancorp Inc,2632.898,47.632,231.697,2127.741,242.463,5.8,2218.852,248.332,29.649,104.28,18.108,9.222
170,2022,FSFG,First Savings Financial Group Inc,2093.725,61.207,151.565,1515.834,400.063,17.215,1489.904,338.079,15.386,60.652,51.227,13.57
171,2022,FULT,Fulton Financial Corp,26931.702,356.884,2579.757,20649.538,2965.09,153.936,20019.404,4098.209,286.981,781.634,227.13,177.696
172,2022,FUNC,First United Corp,1848.169,24.13,151.793,1570.733,97.867,7.239,1279.32,362.575,25.048,57.633,18.05,8.535
173,2022,FUSB,First US Bancshares Inc,994.667,16.418,85.135,870.025,32.725,4.157,773.873,134.016,6.864,36.941,3.451,2.337
174,2022,FVCB,FVCBankcorp Inc,2344.322,20.316,202.382,1830.162,294.959,3.508,1840.434,293.945,24.984,65.244,2.834,4.493
175,2022,FXNC,First National Corp/VA,1369.383,20.709,108.36,1241.332,14.811,4.152,920.522,317.973,16.797,45.575,12.621,2.858
176,2022,GABC,German American Bancorp Inc,6155.991,82.665,558.393,5350.051,210.253,14.758,3784.934,1777.059,81.825,200.584,59.133,14.315
177,2022,GBCI,Glacier Bancorp Inc,26635.375,319.303,2843.305,20606.555,3002.57,67.691,15246.812,9104.374,303.202,788.379,120.732,32.742
178,2022,GCBC,Greene County Bancorp Inc,2571.74,20.667,157.714,2212.604,175.05,2.365,1252.116,1176.99,27.986,58.005,12.137,6.385
179,2022,GLBZ,Glen Burnie Bancorp,381.436,6.406,16.054,362.947,0.377,0.353,186.44,144.354,1.745,11.859,1.354,0.498
180,2022,GNTY,Guaranty Bancshares Inc,3351.495,47.477,295.558,2681.154,359.894,2.845,2376.219,697.935,40.447,107.829,23.485,10.886
181,2022,GSBC,Great Southern Bancorp Inc,5680.702,75.3,533.087,4684.91,374.08,6.011,4570.316,723.901,75.948,199.614,34.14,3.72
182,2022,HAFC,Hanmi Financial Corp,7378.262,76.14,637.515,6168.072,523.634,14.035,5967.133,870.223,101.394,237.647,34.2,9.963
183,2022,HARL,Harleysville Financial Corp,912.127,8.81,84.839,755.886,64.726,7.293,567.131,181.537,8.79,24.158,2.993,2.902
184,2022,HBAN,Huntington Bancshares Inc,182906,2393,17769,147914,12114,750,114271,41329,2238,5273,1981,594
185,2022,HBC2,HSBC USA Inc,164655,591,12113,123223,23753,622,59380,34662,548,2069,1595,441
186,2022,HBCP,Home Bancorp Inc,3228.28,47.75,329.954,2633.181,245.087,14.464,2430.75,487.593,34.072,118.015,13.885,10.976
187,2022,HBIA,Hills Bancorporation,3980.481,43.468,479.271,3357.367,124.253,16.633,3108.421,782.565,47.753,115.002,27.78,13.58
188,2022,HBNC,Horizon Bancorp Inc,7872.518,80.283,677.375,5857.774,1258.872,22.58,4157.998,3046.983,93.408,199.518,47.451,23.98
189,2022,HBT,HBT Financial Inc,4286.734,60.092,373.632,3587.024,280.256,6.057,2620.253,1398.095,56.456,145.874,34.717,5.186
190,2022,HFBK,Harford Bank (Alberdeen MD),595.469,8.903,54.046,538.521,0.363,7.79,428.616,120.421,5.126,19.348,1.817,6.997
191,2022,HFBL,Home Federal Bancorp/LA,590.48,9.019,52.347,531.991,4.053,1.396,392.324,108.049,4.873,17.357,3.476,2.183
192,2022,HFWA,Heritage Financial Corp,6980.1,92.092,797.893,5924.84,92.439,23.754,4050.858,2106.755,81.875,219.385,29.591,5.906
193,2022,HIFS,Hingham Institution for Savings,4193.799,15.831,385.966,2505.289,1276.647,0.427,3682.771,119.302,37.519,106.134,-20.719,1.168
194,2022,HLFN,Home Loan Financial Corp,254.569,3.662,33.1,215.279,4.254,0.435,220.85,17.055,4.156,9.78,1.792,0.43
195,2022,HNVR,Hanover Bancorp Inc,1840.058,19.665,172.584,1528.106,126.32,1.028,1623.531,22.979,23.556,61.254,8.872,13.512
196,2022,HOMB,Home Bancshares Inc,22883.588,238.885,3526.362,17938.783,1267.52,51.823,14409.48,5329.295,305.262,758.676,175.111,61.476
197,2022,HONE,HarborOne Bancorp Inc,5359.545,83.273,616.976,4189.499,463.55,36.186,4549.67,341.169,45.589,148.986,57.309,14.84
198,2022,HONT,Honat Bancorp Inc,921.671,13.739,113.572,780.035,16.609,1.667,636.514,226.21,13.147,31.503,8.394,1.705
199,2022,HOPE,Hope Bancorp Inc,19164.491,204.719,2019.328,15738.801,1247.801,111.762,15403.54,2304.221,218.277,578.421,51.397,69.437
200,2022,HTB,HomeTrust Bancshares Inc,3549.204,59.591,388.845,3099.761,8.404,12.794,2769.295,149.062,35.653,110.774,39.196,6.32
201,2022,HTBK,Heritage Commerce Corp,5157.58,55.331,632.456,4389.604,72.381,3.738,3298.55,1237.108,66.555,179.88,10.111,2.425
202,2022,HWBK,Hawthorn Bancshares Inc,1923.54,27.058,127.411,1632.079,154.206,35.998,1521.252,257.1,20.751,58.763,13.964,30.16
203,2022,HWC,Hancock Whitney Corp,35183.825,460.635,3342.628,29070.349,2229.77,66.844,23114.046,8474.002,524.089,1050.003,331.486,42.915
204,2022,IBCP,Independent Bank Corp,4999.787,81.007,347.596,4379.069,170.868,5.355,3465.352,1171.818,63.351,149.561,61.909,4.176
205,2022,IBOC,International Bancshares Corp,15501.476,127.722,2044.759,12660.007,576.777,37.253,7430.603,4785.464,300.232,487.625,187.134,81.792
206,2022,INBC,InBankshares Corp,1245.212,16.857,110.554,1060.327,66.342,0.948,846.74,323.635,8.814,42.036,4.225,1.314
207,2022,INBK,First Internet Bancorp,4543.104,41.553,364.974,3441.245,719.46,8.618,3499.401,607.902,35.541,97.093,21.257,7.571
208,2022,INDB,Independent Bank Corp,19294.174,204.711,2886.701,15879.007,174.084,27.82,13928.675,3130.611,263.813,613.249,114.667,54.881
209,2022,IROQ,IF Bancorp Inc,857.558,13.051,71.658,752.02,24.244,0.411,525.983,224.048,5.784,22.263,5.504,1.294
210,2022,ISBA,Isabella Bank Corp,2030.267,24.887,186.21,1744.275,87.016,1.684,1264.173,596.227,22.238,60.481,13.666,0.973
211,2022,ISTR,Investar Holding Corp,2753.807,34.974,215.782,2082.365,442.64,32.148,2104.767,440.726,35.709,89.785,18.35,11.382
212,2022,JDVB,JD Bancshares Inc,1236.136,18.936,57.096,1143.995,30.728,5.154,672.633,455.09,12.096,40.511,11.711,14.74
213,2022,JFBC,Jeffersonville Bancorp,693.027,9.403,68.781,616.932,0.427,12.464,324.747,254.097,9.304,23.353,3.733,6.127
214,2022,JPM,JPMorgan Chase & Co,3665743,41636,292332,2340179,550688,8346,1131677,816531,37676,66710,61985,7247
215,2022,JUVF,Juniata Valley Financial Corp,830.875,10.815,36.949,711.512,76.113,0.313,484.512,287.823,8.32,24.133,5.225,0.178
216,2022,KEY,KeyCorp,189813,2566,13454,142595,29371,489,115458,49135,1917,4527,2718,420
217,2022,KFFB,Kentucky First Federal Bancorp,328.08,4.853,52.025,239.857,34.066,6.737,276.112,17.314,1.59,9.16,0.515,5.829
218,2022,KISB,Kish Bancorp Inc,1295.448,21.14,71.972,1037.12,157.159,0.642,1023.505,176.187,12.86,38.245,12.107,0.555
219,2022,KRNY,Kearny Financial Corp,7719.883,76.264,894,5862.256,920.522,79.945,5417.845,1509.528,67.547,196.603,13.934,92.244
220,2022,KSBI,KS Bancorp Inc,546.35,8.603,32.236,481.565,28.276,1.523,418.809,99.597,7.558,20.403,3.276,0.859
221,2022,LARK,Landmark Bancorp Inc,1502.867,20.405,111.433,1300.649,68.253,7.781,849.94,498.3,9.878,38.88,13.7,4.26
222,2022,LCNB,LCNB Corp,1919.121,28.483,200.675,1604.97,96.897,1.537,1401.278,323.167,22.128,61.042,14.288,0.43
223,2022,LFGP,Ledyard Financial Group Inc,743.465,16.071,52.999,570.332,111.124,1.361,362.057,306.049,6.981,18.686,11.214,1.446
224,2022,LKFN,Lakeland Financial Corp,6432.371,58.53,568.887,5460.62,302.296,15.286,4710.396,1329.565,103.817,202.887,41.862,17.187
225,2022,LOB,Live Oak Bancshares Inc,9855.498,170.822,811.033,8884.928,85.761,43.153,7344.178,1018.819,176.208,327.501,237.992,73.392
226,2022,LSBK,Lake Shore Bancorp Inc,699.914,9.854,81.184,570.119,38.49,9.8,580.602,75.377,5.708,24.339,2.704,3
227,2022,MBCN,Middlefield Banc Corp,1687.682,17.548,197.691,1402.019,77.782,11.851,1352.872,171.659,15.673,50.177,6.746,7.932
228,2022,MBIN,Merchants Bancorp,12615.227,89.085,1459.739,10071.345,942.384,0.8,7470.872,1481.545,219.721,318.551,125.936,26.683
229,2022,MBKL,MBT Bancshares Inc,590.579,8.612,33.464,535.275,20.548,0.737,351.405,176.209,3.498,18.055,3.565,0.555
230,2022,MBWM,Mercantile Bank Corp,4872.619,65.124,441.408,3712.811,643.704,2.468,3916.619,620.657,61.063,158.244,32.077,7.728
231,2022,MCB,Metropolitan Bank Holding Corp,6267.337,57.29,575.897,5277.912,326.709,10.286,4840.523,980.33,59.425,229.158,26.593,0.024
232,2022,MCBK,Madison County Financial Inc,596.27,6.717,90.79,485.249,13.2,0.072,430.733,117.827,7.699,14.001,2.781,0.652
233,2022,MCBS,Metrocity Bankshares Inc,3427.239,30.502,349.421,2666.838,384.277,15.416,3055.689,47.038,62.602,119.611,19.204,24.492
234,2022,MCHB,Mechanics Bancorp,18135.692,205.922,2131.28,15495.75,331.018,42.428,12042.91,4331.34,216.582,631.234,63.733,40.106
235,2022,MFBP,M&F Bancorp Inc,450.997,7.098,118.058,327.395,1.555,0.824,246.909,92.438,4.512,14.907,5.218,0.885
236,2022,MFGI,Merchants Financial Group Inc,2580.372,42.326,241.159,2257.301,65.393,16.948,1878.067,319.364,30.424,85.947,27.972,9.328
237,2022,MGYR,Magyar Bancorp Inc,798.543,11.03,98.502,667.733,19.23,8.796,628.276,102.322,7.919,27.019,2.715,3.59
238,2022,MNSB,MainStreet Bancshares Inc,1925.751,23.801,198.282,1512.889,179.587,1.051,1594.064,104.598,26.674,70.009,4.834,0.021
239,2022,MOFG,MidWestOne Financial Group Inc,6577.876,77.632,492.793,5468.942,534.442,31.897,3840.524,2302.216,60.835,166.358,47.519,15.924
240,2022,MPB,Mid Penn Bancorp Inc,4497.954,52.601,512.099,3778.331,173.722,10.497,3514.119,646.117,54.806,147.833,23.657,8.628
241,2022,MRBK,Meridian Corp,2062.228,54.378,153.28,1712.479,171.292,22.988,1743.682,181.842,21.829,70.128,41.724,22.939
242,2022,MSBC,Mission Bancorp/CA,1496.526,16.22,123.785,1339.043,23.396,0.075,1069.268,250.328,24.253,55.268,8.013,0.058
243,2022,MSBI,Midland States Bancorp Inc,7855.501,90.305,758.574,6364.652,661.003,57.068,6306.467,823.061,99.025,245.735,79.891,57.824
244,2022,MTB,M&T Bank Corp,200729.841,2685.201,25317.99,163514.868,8228.689,2083.984,128982.311,25210.871,1991.663,5821.956,2356.603,2479.81
245,2022,MVBF,MVB Financial Corp,3068.85,72.162,261.391,2570.482,210.431,20.287,2372.645,418.558,15.047,111.803,38.294,12.359
246,2022,MYFW,First Western Financial Inc,2866.748,48.248,240.864,2405.229,210.181,4.327,2469.413,88.166,21.698,83.204,28.412,12.349
247,2022,NASB,NASB Financial Inc,2644.364,49.628,378.878,1496.041,729.588,30.348,1998.969,234.031,32.09,89.168,63.224,26.525
248,2022,NBHC,National Bank Holdings Corp,9573.243,124.971,1092.202,7872.626,495.618,17.837,7220.469,1446.865,71.274,266.835,67.312,20.243
249,2022,NBN,Northeast Bank,1582.759,31.138,248.321,1287.693,19.451,20.397,1304.866,63.319,42.163,83.424,24.445,12.946
250,2022,NBTB,NBT Bancorp Inc,11739.296,187.83,1173.554,9495.933,813.502,32.91,8150.147,2522.239,151.995,362.19,155.578,21.161
251,2022,NECB,Northeast Community Bancorp Inc,1424.963,15.549,261.989,1121.955,23.896,1.996,1217.693,45.675,24.843,63.875,1.683,1.456
252,2022,NEFB,Neffs Bancorp Inc,468.211,4.232,67.634,371.569,26.375,0.543,237.334,214.044,4.528,12.344,0.387,0.057
253,2022,NFBK,Northfield Bancorp Inc,5601.293,41.961,701.39,4150.219,684.645,8.106,4243.693,1003.758,61.119,158.306,7.983,10.238
254,2022,NIC,Nicolet Bankshares Inc,8763.969,88.713,972.529,7178.921,553.479,56.109,6180.499,1662.032,94.26,239.961,57.92,40.055
255,2022,NIDB,Northeast Indiana Bancorp Inc,445.528,5.768,43.127,366.817,32,3.224,324.753,92.437,6.553,15.307,3.345,2.989
256,2022,NKSH,National Bankshares Inc,1677.551,16.519,122.687,1542.725,1.444,3.83,852.744,657.793,25.932,47.026,12.401,3.509
257,2022,NRIM,Northrim BanCorp Inc,2674.318,58.172,218.629,2387.211,34.27,15.031,1501.785,728.335,30.741,95.115,34.077,6.43
258,2022,NTRS,Northern Trust Corp,155036.7,2627.3,11259.5,123932.1,15473,125.3,42893.3,51720,1336,1887.2,4874,45.9
259,2022,NWBI,Northwest Bancshares Inc,14113.324,188.359,1491.486,11464.548,982.057,159.675,10910.539,2139.5,133.666,420.681,110.849,82.393
260,2022,NWFL,Norwood Financial Corp.,2047.07,22.071,167.085,1727.727,137.41,2.476,1473.945,424.345,29.233,68.397,9.932,1.459
261,2022,NWPP,New Peoples Bankshares Inc,775.358,13.365,57.219,692.707,20.221,4.302,584.613,96.076,8.082,28.285,9.24,3.674
262,2022,OBK,Origin Bancorp Inc,9686.067,118.971,949.943,7775.702,878.167,28.517,7090.022,1726.505,87.715,275.278,57.274,14.679
263,2022,OBT,Orange County Bancorp Inc,2287.334,28.04,138.138,1974.387,154.976,5.953,1569.43,543.023,24.363,78.088,11.996,8.451
264,2022,OCFC,OceanFirst Financial Corp.,13103.896,131.915,1585.464,9675.206,1495.719,19.054,9925.542,1890.101,146.603,377.477,59.094,23.265
265,2022,OFED,Oconee Federal Financial Corp,544.792,6.775,75.257,459.682,9,2.781,345.112,152.488,4.099,15.338,1.625,2.087
266,2022,OFG,OFG Bancorp,9818.78,142.93,1042.406,8568.364,54.404,128.992,6835.322,1971.513,166.239,482.08,131.69,115.702
267,2022,ONB,Old National Bancorp,46763.372,575.626,5128.595,35000.83,5798.278,127.099,30935.541,10229.534,428.287,1327.936,399.779,264.336
268,2022,OPBK,OP Bancorp,2094.497,27.189,176.916,1885.771,10.263,3.202,1678.292,221.907,33.31,76.911,17.619,3.081
269,2022,ORBN,Oregon Bancorp Inc,401.95,26.946,73.129,318.651,2.456,1.407,260.638,23.943,6.898,15.506,31.418,1.242
270,2022,ORPB,Oregon Pacific Bancorp,754.181,10.83,46.088,682.867,20.248,0.928,482.979,197.87,7.144,23.371,5.526,0.052
271,2022,ORRF,Orrstown Financial Services Inc,2922.408,48.004,228.896,2476.246,165.392,6.449,2151.232,524.37,22.037,99.63,26.952,20.583
272,2022,OSBC,Old Second Bancorp Inc,5888.317,86.573,461.141,5110.723,260.811,47.022,3869.609,1559.889,67.405,206.156,43.116,35.33
273,2022,OTTW,Ottawa Bancorp Inc,357.847,4.905,41.467,289.683,20.85,1.6,312.051,20.898,2.477,11.331,1.739,2.3
274,2022,OVBC,Ohio Valley Banc Corp.,1210.787,21.615,135.028,1027.655,27.739,4.651,885.049,199.253,13.338,44.778,10.162,3.771
275,2022,OZK,Bank OZK,27656.568,226.373,4690.938,21500.143,1131.672,51.339,20778.791,3534.019,564.141,1142.242,114.503,49.555
276,2022,PB,Prosperity Bancshares Inc,37689.829,314.713,6699.374,28533.531,2326.689,28.088,18839.273,14566.03,524.516,1005.231,145.128,27.494
277,2022,PBBK,PB Bankshares Inc,386.547,4.285,45.987,289.495,48.548,1.653,304.847,55.06,2.114,10.864,1.417,1.049
278,2022,PBCO,PBCO Financial Corp,804.25,14.796,68.411,692.795,34.449,0.542,475.024,237.515,9.857,31.962,5.817,2.939
279,2022,PBHC,Pathfinder Bancorp Inc,1399.921,16.022,111.582,1125.43,152.569,8.292,897.735,393.972,12.932,41.403,5.914,9.236
280,2022,PCB,PCB Bancorp,2420.036,33.056,335.442,2045.983,26.809,0.994,2046.063,152.046,34.987,89.632,14.499,7.36
281,2022,PDLB,Ponce Financial Group Inc,2311.989,27.914,492.7,1252.412,551.907,11.443,1527.719,664.986,-30.001,66.603,6.419,13.709
282,2022,PEBK,Peoples Bancorp of North Carolina Inc.,1620.927,26.13,105.195,1435.215,68.337,3.23,1032.608,448.05,16.123,51.108,26.689,3.728
283,2022,PEBO,Peoples Bancorp Inc,7207.304,112.69,785.328,5716.941,608.782,47.984,4707.15,1743.22,101.292,253.442,78.836,45.21
284,2022,PFBC,Preferred Bank of Los Angeles,6425.358,48.607,630.426,5556.997,168.944,14.824,5064.854,465.754,128.845,247.358,9.862,27.47
285,2022,PFIS,Peoples Financial Services Corp,3553.515,33.553,315.35,3046.598,156.785,4.961,2730.116,578.622,38.09,95.749,11.845,4.134
286,2022,PFLC,Pacific Financial Corp,1306.203,22.401,103.162,1180.362,13.403,1.421,639.958,288.88,10.888,40.946,7.227,0.899
287,2022,PFS,Provident Financial Services Inc,13783.436,147.203,1597.703,10598.729,1411.235,56.758,10248.883,2261.172,175.648,417.552,87.789,60.633
288,2022,PGC,Peapack-Gladstone Financial Corp,6353.593,89.476,532.98,5205.164,530.917,15.573,5285.246,700.596,74.246,176.08,66.417,19.09
289,2022,PKBK,Parke Bancorp Inc,1984.915,10.835,266.034,1575.981,128.727,5.962,1751.459,24.183,41.823,73.327,8.382,17.826
290,2022,PLBC,Plumas Bancorp,1621.044,17.451,119.004,1457.809,32.33,5.397,914.685,444.703,26.444,58.509,11.05,1.19
291,2022,PNBK,Patriot National Bancorp Inc,1043.359,15.506,59.583,860.446,117.553,23.097,848.316,95.471,6.161,33.259,3.605,19.748
292,2022,PNC,The PNC Financial Services Group Inc,557263,7244,45812,436282,60873,2506,319511,139334,6041,13014,8106,2019
293,2022,PNFP,Pinnacle Financial Partners Inc,41970.021,510.175,5519.392,34961.238,1218.967,40.106,29041.605,6637.92,560.742,1129.293,416.124,46.068
294,2022,PPBN,Pinnacle Bankshares Corp,969.931,14.742,57.008,899.238,10,0.95,632.324,252.515,8.242,30.44,7.023,1.695
295,2022,PRK,Park National Corp,9854.993,173.042,1069.226,8234.715,435.3,106.177,7139.742,1820.787,148.351,347.059,135.935,102.465
296,2022,PROV,Provident Financial Holdings Inc,1187.038,15.833,128.65,955.504,86.998,8.646,945.556,196.66,9.093,31.595,4.716,1.423
297,2022,PSBQ,PSB Holdings Inc/WI,1337.689,17.94,101.942,1148.755,74.546,13.741,974.158,284.561,13.637,40.003,7.444,6.371
298,2022,PVBC,Provident Bancorp Inc,1636.381,31.737,207.542,1279.582,131.111,2.892,1444.116,32.866,-21.468,75.03,6.149,33.434
299,2022,PVBK,Pacific Valley Bancorp,559.03,8.047,47.396,492.496,17.468,0.794,409.322,29.928,5.207,19.362,1.496,0.188
300,2022,QCRH,QCR Holdings Inc,7948.837,115.368,772.724,5984.217,828.894,2.76,6137.391,970.603,99.066,231.12,80.729,8.903
301,2022,QNBC,QNB Corp,1668.497,17.306,70.958,1418.369,174.554,11.672,1039.385,563.774,15.921,44.497,5.731,9.121
302,2022,QNTO,Quaint Oak Bancorp Inc,792.35,20.137,49.082,549.248,179.677,0.009,629.542,9.571,7.863,23.689,19.411,2
303,2022,RBB,RBB Bancorp,3919.058,35.488,484.563,2977.683,434.828,21.018,3336.449,277.559,64.327,149.554,11.252,24.1
304,2022,RBCAA,Republic Bancorp Inc,5835.543,111.24,856.613,4537.845,349.765,22.344,4515.802,717.008,91.106,236.691,89.81,17.899
305,2022,RBKB,Rhinebeck Bancorp Inc,1335.977,21.599,108.132,1129.933,69.774,6.689,1002.311,226.917,6.997,41.836,5.896,4.424
306,2022,RF,Regions Financial Corp,155220,2318,15951,131743,2837,474,97009,29716,2245,4786,2429,516
307,2022,RMBI,Richmond Mutual Bancorporation Inc,1328.62,18.478,132.978,1005.261,180.507,8.058,974.104,301.519,12.965,41.639,4.867,9.233
308,2022,RNST,Renasant Corp,16988.176,261.654,2136.016,13486.966,1197.734,53.345,11578.304,2857.982,166.068,481.298,149.253,58.639
309,2022,RRBI,Red River Bancshares Inc,3082.686,34.56,265.753,2798.936,4.258,0.979,1916.267,779.547,36.916,86.639,18.747,2.366
310,2022,RVSB,Riverview Bancorp Inc,1589.712,23.982,155.239,1265.217,159.965,22.099,1008.856,462.209,18.069,51.606,12.194,1.852
311,2022,SBCF,Seacoast Banking Corp of Florida,12145.762,149.126,1607.775,9981.595,457.332,44.216,8144.724,2664.75,106.507,366.162,66.091,31.144
312,2022,SBFG,SB Financial Group Inc,1335.633,24.142,118.428,1086.665,104.827,6.481,962.075,245.106,12.521,39.399,18.231,5.113
313,2022,SBKO,Summit Bank Group Inc,968.984,15.368,84.624,857.119,21.759,0.389,743.8,64.478,13.553,41.242,2.76,0.644
314,2022,SBNC,Southern Bancshares NC Inc,4726.557,57.839,284.283,4125.982,300.758,3.516,2850.367,1562.103,29.919,129.782,11.416,2.716
315,2022,SBSI,Southside Bancshares Inc,7558.636,82.633,745.997,6198.019,550.52,11.609,4147.691,2646.114,105.02,212.341,40.857,10.862
316,2022,SFBC,Sound Financial Bancorp Inc,976.351,16.415,97.705,808.763,60.124,6.211,865.981,15.238,8.804,35.295,4.582,3.618
317,2022,SFBS,ServisFirst Bancshares Inc,14595.753,77.952,1297.896,11546.805,1703.138,13.305,11687.968,1686.67,251.504,470.892,33.359,18.089
318,2022,SFDL,Security Federal Corp,1381.366,20.05,160.233,1110.085,105.227,2.813,560.182,718.237,10.228,37.55,9.612,6.421
319,2022,SFIGA,Star Financial Group Inc,3011.251,42.936,153.444,2523.807,311.13,2.679,1598.869,1147.643,23.129,81.983,24.87,3.066
320,2022,SFNC,Simmons First National Corp,27461.061,286.982,3269.362,22548.094,1433.538,76.252,16142.124,7612.56,256.412,717.316,170.066,62.472
321,2022,SFST,Southern First Bankshares Inc,3691.981,38.79,294.512,3133.864,237.041,4.864,3273.363,104.18,29.115,97.621,9.58,2.627
322,2022,SHBI,Shore Bancshares Inc,3477.276,45.839,364.285,3009.784,92.98,3.826,2556.107,655.444,31.177,101.302,23.086,3.946
323,2022,SLBK,Skyline Bankshares Inc,997.734,14.823,72.936,920.327,0.739,4.59,754.872,137.101,10.281,34.637,6.257,4.288
324,2022,SMBC,Southern Missouri Bancorp Inc,3214.782,35.611,320.772,2815.075,64.861,8.118,2719.391,247.077,47.169,103.567,21.203,6.309
325,2022,SMBK,SmartFinancial Inc,4637.498,63.42,432.452,4077.1,93.332,5.058,3253.627,785.372,43.022,137.501,27.715,4.808
326,2022,SNV,Synovus Financial Corp.,59731.378,681.71,4475.801,48871.559,4859.569,158.179,43716.353,9986.424,757.902,1796.9,409.336,143.381
327,2022,SOMC,Southern Michigan Bancorp Inc,1276.523,18.134,86.164,1091.051,89.251,1.521,886.626,247.815,13.491,38.102,7.38,1.129
328,2022,SOME,Somerset Trust Holding Co,2017.477,32.446,102.869,1657.822,242.867,15.465,1263.828,613.204,20.856,70.489,13.608,10.66
329,2022,SPFI,South Plains Financial Inc,3944.063,86.323,357.014,3406.43,131.251,11.63,2748.081,701.711,58.24,138.476,76.145,7.959
330,2022,SRCE,1st Source Corp,8339.416,105.11,923.766,6928.265,340.482,41.334,6011.162,1800.421,120.509,263.469,91.262,26.927
331,2022,SSB,SouthState Bank Corp,43918.696,554.704,5074.927,36350.623,1064.302,83.746,30177.862,8186.217,496.049,1335.671,309.247,109.742
332,2022,SSBI,Summit State Bank,1115.343,14.651,88.546,962.655,48.329,0.487,928.546,88.522,16.968,42.427,7.495,3.756
333,2022,STBA,S&T Bancorp Inc,9110.567,103.221,1184.659,7219.97,488.891,79.604,7183.969,1025.813,135.52,315.783,58.259,22.117
334,2022,STD2,Santander Holdings USA Inc,168194.32,2001.243,17929.722,79128.541,59578.524,2149.341,97338.329,17591.437,1405.007,6174.463,3729.263,2575.951
335,2022,STEL,Stellar Bancorp Inc,10900.437,107.554,1383.176,9267.632,196.428,24.127,7754.751,1822.644,51.432,288.958,20.354,45.048
336,2022,SYBT,Stock Yards Bancorp Inc,7496.261,103.208,760.432,6391.252,239.482,14.62,5205.918,1628.762,92.972,233.383,89.149,15.811
337,2022,TBBK,Bancorp Inc (The),7903,105.368,694.031,7030.113,122.521,5.152,5486.853,778.645,130.213,248.841,105.683,39.341
338,2022,TCBI,Texas Capital Bancshares Inc,28414.642,436.809,3055.351,22856.88,2239.275,72.502,19287.34,3585.114,332.478,875.758,349.529,48.338
339,2022,TCBK,TriCo Bancshares,9930.986,129.852,1046.416,8329.013,394.649,32.944,6450.447,2633.269,125.419,345.976,63.046,24.76
340,2022,TCBS,Texas Community Bancshares Inc,417.346,5.798,55.87,296.077,62.91,1.799,253.029,137.785,1.754,10.283,1.868,1.182
341,2022,TCBX,Third Coast Bancshares Inc,3773.148,56.51,381.78,3236.146,129.432,17.279,3107.551,191.472,18.659,116.454,7.223,12.261
342,2022,TECTP,Tectonic Financial Inc,612.536,31.093,96.498,493.025,13.665,3.667,450.332,49.491,17.03,27.481,40.04,2.804
343,2022,TFC,Truist Financial Corp,555255,8467,60537,413495,68170,1163,325991,131691,6260,14316,8719,1250
344,2022,TFIN,Triumph Financial Inc,5333.783,201.487,888.971,4171.336,213.333,54.788,4120.291,270.024,102.311,400.492,84.068,54.581
345,2022,TFSL,TFS Financial Corp,15790.198,109.339,1844.339,8921.017,4808.996,44.334,14329.962,670.198,74.565,267.396,23.804,36.797
346,2022,THFF,First Financial Corp,4989.281,65.555,475.293,4368.871,86.349,18.371,3067.438,1345.859,71.109,165.042,46.716,16.726
347,2022,TMP,Tompkins Financial Corp,7670.686,123.23,617.39,6602.295,382.079,31.292,5268.911,1925.808,85.03,230.281,77.972,32.996
348,2022,TOWN,TowneBank,15845.267,255.625,1888.757,13294.223,400.187,10.556,10794.602,2405.335,188.987,461.365,225.57,6.833
349,2022,TRCY,Tri City Bankshares Corp,2038.496,30.286,128.57,1891.341,12.717,3.132,1177.932,694.862,17.466,57.593,18.272,8.118
350,2022,TRMK,Trustmark Corp,18015.478,287.44,1492.268,14437.648,1724.319,67.255,12204.039,3518.596,71.887,494.708,205.144,67.958
351,2022,TRST,TrustCo Bank Corp NY,6000.052,45.904,599.987,5192.81,171.68,19.118,4733.201,495.017,75.234,180.135,19.26,19.554
352,2022,TSBK,Timberland Bancorp Inc,1860.508,20.816,218.569,1632.176,2.066,3.17,1146.129,314.052,23.6,55.834,12.624,2.165
353,2022,UBAB,United Bancorporation of Alabama Inc,1407.237,17.201,212.607,1169.038,18.939,11.632,722.515,339.042,18.685,43.392,14.664,7.063
354,2022,UBCP,United Bancorp Inc,757.4,10.305,59.737,649.913,41.832,4.624,460.875,220.123,8.657,24.388,4.083,3.701
355,2022,UBFO,United Security Bancshares,1299.193,11.833,112.463,1165.484,12.976,16.649,980.178,210.86,15.686,46.062,1.838,19.519
356,2022,UBOH,United Bancshares Inc/OH,1087.293,18.452,82.691,953.883,45.746,1.24,683.575,285.146,11.31,35.684,9.954,1.737
357,2022,UBSI,United Bankshares Inc,29489.38,288.352,4516.193,22303.166,2434.103,105.586,20558.166,4872.604,379.627,896.431,153.261,60.69
358,2022,UCB,United Community Banks Inc,24008.884,276.205,2700.674,19876.507,1075.284,32.855,15334.627,6227.981,277.472,752.357,137.707,44.281
359,2022,UMBF,UMB Financial Corp,38512.461,524.431,2667.093,32639.133,2666.978,92.3,21029.253,13215.297,431.682,913.797,554.233,19.337
360,2022,UNB,Union Bankshares Inc,1336.489,19.113,55.22,1201.912,68.46,4.748,959.493,251.531,12.615,39.424,8.987,2.397
361,2022,UNTY,Unity Bancorp Inc,2444.948,26.949,239.231,1787.528,398.951,9.686,2078.631,160.01,38.457,90.108,8.045,9.065
362,2022,USB,U.S. Bancorp,674805,9157,51232,524976,72545,878,378132,161650,5825,14728,9456,1016
363,2022,UVSP,Univest Financial Corp,7222.016,115.806,776.5,5913.526,473.554,34.038,6123.23,541.403,78.12,218.297,77.885,33.535
364,2022,UWHR,Uwharrie Capital Corp,1019.49,19.655,37.397,939.856,32.644,0.972,497.889,356.709,7.684,27.74,10.133,0.399
365,2022,VABK,Virginia National Bankshares Corp,1623.359,17.26,133.416,1478.338,9.586,1.906,936.415,543.323,23.438,53.547,13.661,1.378
366,2022,VBTX,Veritex Holdings Inc,12154.361,117.841,1449.773,9123.234,1421.102,50.128,9482.651,1403.892,146.315,364.657,52.822,43.667
367,2022,VLY,Valley National Bancorp,57462.749,526.737,6400.802,47636.914,2097.431,245.406,46917.2,5137.466,568.851,1655.64,206.793,271.984
368,2022,WABC,Westamerica Bancorporation,6950.317,46.125,602.11,6225.29,73.538,1.031,958.488,5259.557,122.034,219.831,45.121,0.774
369,2022,WAFD,WaFd Inc,20772.131,193.917,2274.26,16029.57,2152.974,43.625,16286.372,2609.409,236.33,594.589,67.023,44.554
370,2022,WAL,Western Alliance Bancorporation,67734,539.5,5356,53644,7377,87.3,51862,8760,1057.3,2216.3,324.6,98
371,2022,WASH,Washington Trust Bancorp Inc,6660.051,83.804,453.669,5018.962,1032.239,14.203,5110.139,1037.391,71.681,155.99,62.602,12.846
372,2022,WBS,Webster Financial Corp,71277.521,723.62,8056.186,54054.34,7924.791,112.59,49764.426,14903.294,644.283,2034.286,440.783,206.136
373,2022,WCCB,West Coast Community Bancorp,1744.487,17.076,197.676,1530.782,4.811,0.375,1222.476,332.2,30.944,70.209,4.544,3.153
374,2022,WCFB,WCF Bancorp Inc,161.128,2.587,23.112,118.666,18.388,0.358,119.272,26.935,0.617,4.602,0.763,0.547
375,2022,WFC,Wells Fargo & Co,1881016,34340,181875,1383985,230480,7324,940963,438488,13182,44950,28835,5763
376,2022,WNEB,Western New England Bancorp Inc,2553.15,32.697,228.143,2229.443,71.658,4.964,1991.4,386.754,25.887,79.232,13.332,5.694
377,2022,WSBC,WesBanco Inc,16931.905,204.799,2426.662,13131.09,1174.185,39.488,10702.728,3789.055,192.113,474.313,117.391,42.901
378,2022,WSBF,Waterstone Financial Inc,2031.672,99.565,370.486,1199.012,386.784,5.722,1510.178,213.945,19.487,56.954,105.555,4.452
379,2022,WSFS,WSFS Financial Corp,19914.755,283.905,2201.886,16203.569,885.163,33.133,11911.853,5254.915,222.375,662.89,260.134,43.372
380,2022,WTBA,West Bancorporation Inc,3613.218,25.838,211.112,2880.408,490.536,8.948,2742.836,683.451,46.399,91.74,10.208,0.322
381,2022,WTBFA,W T B Financial Corp,10423.09,154.433,867.129,9217.086,222.493,52.292,6042.262,3769.223,114.053,323.12,58.183,3.062
382,2022,WTFC,Wintrust Financial Corp.,52949.649,696.107,4796.838,42902.544,3770.381,78.709,39196.485,7218.708,509.682,1495.362,461.053,110.597
383,2022,ZION,Zions Bancorporation National Association,89545,1235,4893,71652,11266,272,55267,23422,907,2520,632,149
1,2023,ABBB,Auburn Bancorp Inc,103.72,1.868,6.207,78.983,18.33,0.408,81.054,15.924,0.035,2.907,0.35,0.266
2,2023,ABCB,Ameris Bancorp,25203.699,320.11,3426.747,20708.509,698.422,153.544,20269.303,1616.25,269.105,835.044,242.828,174.321
3,2023,ACNB,ACNB Corp,2418.847,40.931,277.461,1861.813,254.789,4.331,1627.988,526.898,31.688,88.32,18.445,4.64
4,2023,AFBI,Affinity Bancshares Inc,843.258,12.252,121.516,674.443,42.158,9.621,659.876,88.201,6.448,27.198,2.466,10.276
5,2023,ALPIB,Alpine Banks of Colorado,6419.559,88.179,466.933,5700.099,191.179,2.625,4042.975,1873.641,57.044,193.5,46.987,25.379
6,2023,ALRS,Alerus Financial Corp,3907.713,96.341,369.127,3095.611,378.877,3.824,2759.583,807.44,11.696,87.839,80.229,8.767
7,2023,AMAL,Amalgamated Financial Corp,7972.324,85.774,585.364,7011.988,335.573,34.751,4411.319,3197.289,87.978,261.311,29.336,34.203
8,2023,AMBK,American Bank Inc,918.877,6.951,89.811,701.538,111.897,0.309,739.588,96.539,9.312,22.925,1.768,3.164
9,2023,AMFC,AMB Financial Corp.,352.445,4.849,28.656,300.431,20.093,0.404,298.469,17.43,2.189,9.831,2.115,2.155
10,2023,AMTB,Amerant Bancorp Inc,9716.327,133.506,736.068,7894.863,921.325,37.599,6873.493,1496.975,32.49,326.464,87.496,54.581
11,2023,ARBV,American Riviera Bancorp,1265.036,18.966,100.64,1049.682,109.218,3.066,946.411,255.296,10.513,44.286,2.476,0.595
12,2023,AROW,Arrow Financial Corp,4169.868,47.667,379.772,3687.566,56.718,12.576,3212.908,636.138,30.075,104.832,29.117,21.463
13,2023,ASB,Associated Banc-Corp,41015.855,468.355,4173.973,33446.049,2835.554,126.466,29216.218,7731.874,182.956,1039.573,63.182,160.421
14,2023,ASRV,AmeriServ Financial Inc,1389.638,29.628,102.277,1158.36,115.556,5.2,1038.271,237.025,-3.346,36.02,16.389,12.393
15,2023,ATLO,Ames National Corp,2155.481,23.664,165.788,1811.831,164.582,14.722,1294.588,739.475,10.817,44.625,9.215,13.919
16,2023,AUB,Atlantic Union Bankshares Corp,21166.197,236.682,2556.327,16818.129,1396.953,27.114,15635.043,3184.111,201.818,611.013,90.877,36.889
17,2023,AUBN,Auburn National Bancorporation Inc,975.255,12.101,76.507,896.243,1.995,2.731,557.294,270.91,1.395,26.328,-2.981,0.911
18,2023,AVBH,Avidbank Holdings Inc,2230.836,30.572,165.312,1654.329,392.335,14.245,1740.647,333.729,16.801,72.869,-1.962,1.378
19,2023,AX,Axos Financial Inc.,20348.469,204.271,1917.159,17123.108,521.409,118.992,16623.408,253.86,307.165,783.121,120.488,95.259
20,2023,BAC,Bank of America Corp,3180151,38330,291646,1923827,627971,3978,1038878,871407,26515,56931,41650,5630
21,2023,BANC,Banc of California Inc,38534.064,332.353,3390.765,30401.769,4009.229,108.8,25489.687,4760.501,-1899.137,747.128,-448.285,81.671
22,2023,BANF,BancFirst Corp,12372.042,199.986,1433.891,10700.122,95.289,61.554,7656.645,1568.239,212.465,424.456,185.408,68.315
23,2023,BANR,Banner Corp,15670.391,244.563,1652.691,13029.497,713.8,23.35,10810.455,3456.866,183.624,576.005,44.409,30.128
24,2023,BCAL,California BanCorp,2360.252,39.249,288.152,1943.556,114.982,0.041,1957.442,199.706,25.91,94.138,3.379,13.004
25,2023,BCBP,BCB Bancorp Inc,3832.397,30.827,314.055,2979.08,523.75,5.184,3313.316,121.779,29.483,104.062,4.088,18.783
26,2023,BCML,BayCom Corp,2551.96,41.001,312.869,2132.75,87.198,15.244,1927.829,196.676,27.425,97.874,6.977,12.977
27,2023,BCTF,Bancorp 34 Inc,581.265,6.124,60.721,459.999,55.606,6.796,457.027,66.437,-3.402,15.175,0.73,5.244
28,2023,BFC,Bank First Corp,4221.842,40.355,619.798,3432.92,128.724,6.421,3342.974,266.887,74.514,133.48,48.081,9.128
29,2023,BFIN,BankFinancial Corp,1487.384,22.232,155.383,1261.623,48.621,2.112,1059.106,190.206,9.393,51.829,4.417,25.115
30,2023,BFST,Business First Bancshares Inc,6584.55,90.611,644.259,5248.79,656.237,12.823,4992.785,913.513,71.043,215.129,36.642,18.755
31,2023,BHB,Bar Harbor Bankshares,3970.885,52.516,432.059,3141.157,338.827,6.549,2999.049,547.362,44.852,117.675,35.647,5.528
32,2023,BHLB,Berkshire Hills Bancorp Inc,12430.821,159.281,1012.221,10633.384,568.293,33.323,9039.686,1601.286,69.598,369.047,42.782,24.008
33,2023,BHRB,Burke & Herbert Financial Services Corp,3617.579,48.648,314.75,3001.881,281.167,5.497,2087.756,1254.403,22.692,93.759,17.952,3.744
34,2023,BK,Bank of New York Mellon Corp (The),409953,7095,40924,283669,47599,109,66280,126882,3286,4345,13157,237
35,2023,BKOR,Oak Ridge Financial Services Inc,619.394,9.954,58.347,493.144,60.657,0.739,466.796,112.959,5.742,22.057,3.909,0.457
36,2023,BKSC,Bank of South Carolina Corp,633.816,8.016,47.081,525.703,58.8,0.631,346.99,241.217,5.494,18.521,1.765,0.576
37,2023,BKU,BankUnited Inc,35761.607,280.744,2577.921,26538.478,5896.364,106.951,24633.684,9187.438,178.671,873.804,86.838,130.58
38,2023,BLFY,Blue Foundry Bancorp,2044.963,28.439,355.64,1244.904,424.277,7.767,1560.73,337.366,-7.397,41.919,1.805,6.711
39,2023,BMBN,Benchmark Bankshares Inc,1162.325,18.586,98.692,1053.629,1.948,0.54,892.227,118.74,15.38,44.741,9.359,2.119
40,2023,BMRC,Bank of Marin Bancorp,3803.903,43.448,439.062,3290.075,49.204,2.887,2073.72,1477.226,19.895,102.761,4.989,7.992
41,2023,BNCC,BNCCORP Inc,968.205,17.517,108.418,837.203,16.512,1.419,668.808,162.144,5.705,32.31,10.004,3.384
42,2023,BOH,Bank of Hawaii Corp,23733.296,234.079,1414.242,21055.045,805.373,12.647,13905.087,7468.54,171.202,497.025,176.609,11.747
43,2023,BOKF,BOK Financial Corp,49824.83,766.61,5145.419,34019.701,9211.752,299.636,23904.968,14974.604,530.746,1272.18,789.949,148.344
44,2023,BOTJ,Bank of the James Financial Group Inc,969.371,18.311,60.039,878.459,19.932,1.199,609.333,221.673,8.704,29.74,12.867,0.391
45,2023,BPOP,Popular Inc,70758.155,778.045,5146.953,63618.243,1231.056,528.567,33333.162,25111.325,541.342,2131.524,650.724,438.027
46,2023,BPRN,Princeton Bancorp Inc,1916.497,23.386,240.211,1635.741,24.28,0.266,1548.335,92.955,25.765,65.016,17.121,6.708
47,2023,BRBS,Blue Ridge Bankshares Inc,3117.554,58.158,185.989,2566.032,324.474,18.779,2430.947,382.074,-51.773,93.041,28.541,63.063
48,2023,BRKL,Brookline Bancorp Inc,11382.256,138.895,1198.644,8548.125,1408.668,15.302,9641.589,993.755,74.999,339.711,31.934,45.324
49,2023,BSBK,Bogota Financial Corp,939.324,9.82,137.173,625.347,167.69,0.857,717.475,150.16,0.643,14.973,1.139,12.8
50,2023,BSRR,Sierra Bancorp,3729.799,50.977,338.097,2761.223,574.531,19.579,2090.384,1353.915,34.844,112.405,30.4,7.985
51,2023,BUSE,First Busey Corp,12283.415,162.597,1271.981,10291.156,523.579,16.59,7651.034,2970.011,122.565,319.451,122.384,7.941
52,2023,BWB,Bridgewater Bancshares Inc,4611.99,36.538,425.515,3709.948,412.538,0.639,3717.709,621.201,39.96,105.174,6.493,0.919
53,2023,BWFG,Bankwell Financial Group Inc,3215.482,24.595,265.752,2736.757,159.205,16.441,2713.247,133.319,36.663,94.468,4.842,49.207
54,2023,BY,Byline Bancorp Inc,8881.967,126.979,990.151,7176.999,553.776,40.744,6684.306,1368.684,107.878,330.621,56.315,65.307
55,2023,CAC,Camden National Corp,5714.506,60.009,495.064,4597.36,544.365,5.105,4098.094,1186.133,43.383,132.263,31.034,7.438
56,2023,CADE,Cadence Bank,48934.51,634.722,5167.843,38497.137,4581.519,116.136,32497.022,8131.279,542.304,1351.356,-116.343,222.387
57,2023,CARE,Carter Bankshares Inc,4512.539,55.856,351.243,3721.915,401.128,15.038,3505.91,800.629,23.384,122.31,18.278,311.998
58,2023,CARV,Carver Bancorp Inc,756.796,13.548,42.309,646.999,57.152,12.321,622.878,52.042,-2.977,22.561,6.723,11.827
59,2023,CASH,Pathward Financial Inc,7535.543,184.318,650.625,6589.182,75.706,30.92,4366.116,1872.407,163.615,387.861,316.599,57.976
60,2023,CATY,Cathay General Bancorp,23081.534,154.149,2736.575,19325.447,709.72,84.501,19537.42,1662.722,354.124,741.746,68.292,93.279
61,2023,CBAN,Colony Bankcorp Inc,3053.422,49.233,254.935,2544.79,240.274,6.357,1883.47,873.281,21.747,78.244,35.634,10.657
62,2023,CBCY,Central Bancompany Inc,19020.505,271.667,2743.798,14869.51,1259.653,25.982,11485.288,5083.584,273.693,633.179,206.88,22.708
63,2023,CBFV,CB Financial Services Inc,1456.091,21.212,139.834,1267.159,36.463,5.799,1110.396,207.095,22.55,44.553,24.012,2.402
64,2023,CBKM,Consumers Bancorp Inc,1060.024,14.02,55.484,952.533,36.094,0.44,710.362,289.129,10.674,33.715,4.747,0.228
65,2023,CBNK,Capital Bancorp Inc,2226.176,48.754,254.86,1895.996,52.853,9.756,1903.288,212.682,35.871,141.526,24.975,16.042
66,2023,CBSH,Commerce Bancshares Inc,31701.061,584.063,2964.23,25363.898,2937.113,8.402,17205.479,9919.934,477.06,998.129,588.03,7.582
67,2023,CBU,Community Financial System Inc,15555.753,281.803,1697.937,12928.121,806.607,33.867,9704.598,4165.312,131.924,437.285,214.834,55.732
68,2023,CCB,Coastal Financial Corp,3753.366,65.967,294.978,3360.363,53.858,33.175,3026.092,160.591,44.579,238.727,207.175,53.839
69,2023,CCBG,Capital City Bank Group,4304.477,93.787,440.625,3701.822,115.934,2.728,2733.918,966.374,52.258,158.988,71.61,6.243
70,2023,CCFN,Muncy Columbia Financial Corp,1639.779,11.618,153.825,1150.669,323.465,2.654,1068.429,424.991,3.387,23.262,7.121,4.475
71,2023,CCNE,CNB Financial Corp/PA,5752.957,71.062,571.247,4998.75,142.831,23.546,4468.476,770.235,58.02,189.829,33.335,31.805
72,2023,CEFC,Commercial National Financial Corp,579.161,7.95,46.81,501.647,28.071,0.688,417.403,94.308,6.173,18.366,1.999,0.939
73,2023,CFBK,CF Bankshares Inc,2058.615,14.513,155.374,1744.057,130.258,0.761,1710.998,21.574,16.937,47.64,4.031,5.722
74,2023,CFFI,C&F Financial Corp,2438.498,54.876,217.516,2066.13,118.337,1.541,1742.139,465.369,23.604,97.707,29.615,1.944
75,2023,CFFN,Capitol Federal Financial Inc,10177.461,51.491,1044.054,6051.22,2890.747,9.771,7994.708,1495.196,-101.659,153.272,-171.455,9.628
76,2023,CFG,Citizens Financial Group Inc,221964,2532,24342,177342,14949,960,145959,40003,1608,6241,1983,1378
77,2023,CFR,Cullen/Frost Bankers Inc,50845.038,663.024,3716.447,41920.568,4680.398,38.797,18824.251,20197.799,597.973,1558.664,428.542,61.632
78,2023,CHBH,Croghan Bancshares Inc,1118.128,17.606,119.657,887.202,105.33,0.583,713.009,301.999,10.773,36.102,5.791,0.639
79,2023,CHCO,City Holding Co,6168.052,73.163,677.066,4934.262,434.856,6.301,4125.923,1369.103,114.365,219.241,70.629,8.559
80,2023,CHMG,Chemung Financial Corp,2710.529,34.2,195.241,2429.427,40.797,8.373,1972.664,593.322,25,74.457,24.549,10.738
81,2023,CIVB,Civista Bancshares Inc,3861.418,58.291,372.002,2985.028,455.826,10.905,2861.728,650.439,42.964,125.496,37.163,15.126
82,2023,CIZN,Citizens Holding Co,1404.597,18.583,42.773,1170.077,176.576,6.46,640.945,567.793,1.854,29.878,8.748,5.826
83,2023,CLBK,Columbia Financial Inc,10645.568,120.846,1040.335,7846.556,1545.23,6.721,7874.537,1579.812,36.086,205.876,27.379,12.618
84,2023,CLST,Catalyst Bancorp Inc,270.932,4.671,84.655,165.622,19.378,2.005,144.92,85.879,0.602,7.801,1.589,2.051
85,2023,CMA,Comerica Incorporated,85834,1306,6406,66762,10159,244,51306,16869,881,2514,1078,178
86,2023,CMTV,Community Bancorp/VT,1099.345,12.227,89.029,896.968,107.611,7.89,846.003,192.349,13.432,34.209,7.175,6.955
87,2023,CNND,Canandaigua National Corp,4883.787,62.564,347.576,3586.978,888.854,10.566,3701.644,1023.323,44.731,133.47,50.845,14.437
88,2023,CNOB,ConnectOne Bancorp Inc,9855.603,88.325,1216.62,7536.202,1027.695,44.718,8345.145,687.183,87.003,255.106,14.001,52.524
89,2023,COFS,ChoiceOne Financial Services Inc,2576.706,31.963,195.634,2122.055,235.507,2.667,1410.653,939.576,21.261,65.885,14.906,2.034
90,2023,COLB,Columbia Banking System Inc,52173.596,616.103,4995.034,41607.02,4757.03,58.843,37441.951,9088.439,348.715,1793.171,203.927,113.937
91,2023,CPF,Central Pacific Financial Corp.,7642.796,82.05,503.815,6847.592,186.736,5.251,5438.982,1286.341,58.669,210,46.663,7.008
92,2023,CPKF,Chesapeake Financial Shares Inc,1471.047,28.408,98.543,1265.977,88.351,5.519,821.029,486.707,10.12,41.614,22.29,2.128
93,2023,CSBB,CSB Bancorp Inc/OH,1178.689,13.673,107.939,1027.427,37.896,0.256,701.404,368.153,14.756,36.141,6.744,0.396
94,2023,CSHX,Cashmere Valley Bank,2042.738,22.359,202.798,1773.767,48.858,1.58,1042.453,793.688,27.982,65.637,14.31,2.095
95,2023,CTBI,Community Trust Bancorp Inc,5769.696,73.711,702.208,4724.622,306.713,18.98,4050.906,1176.481,78.004,173.11,57.659,15.584
96,2023,CUBI,Customers Bancorp Inc,21316.265,133.275,1638.394,17920.236,1527.325,30.783,12861.767,3618.358,250.143,687.449,70.565,27.209
97,2023,CVBF,CVB Financial Corp,16020.993,139.191,2077.972,11433.642,2365.698,4.93,8831.32,5438.747,221.435,487.99,59.33,21.302
98,2023,CYFL,Century Financial Corp,474.291,7.853,50.047,415.98,5.683,0.695,218.629,156.612,8.002,18.223,5.178,1.02
99,2023,CZBC,Citizens Bancorp/OR,1019.726,17.427,71.341,752.418,179.573,0.193,406.409,394.943,6.154,30.354,2.777,0.51
100,2023,CZBS,Citizens Bancshares Corp,745.638,9.81,176.927,554.796,1.54,1.369,378.718,200.202,12.295,34.222,5.502,7.71
101,2023,CZFS,Citizens Financial Services Inc,2975.321,34.99,279.666,2321.481,333.224,7.488,2248.836,419.539,17.811,80.26,11.605,13.177
102,2023,CZNC,Citizens & Northern Corp,2515.584,44.195,262.381,2014.806,215.329,25.597,1848.139,415.755,24.148,80.4,24.417,18.845
103,2023,CZWI,Citizens Community Bancorp Inc,1851.391,21.106,173.334,1519.092,148.681,12.721,1460.792,265.981,13.059,48.349,10.25,15.368
104,2023,DCOM,Dime Community Bancshares Inc,13636.005,117.437,1226.225,10530.655,1568.65,34.237,10773.428,1579.629,96.094,316.571,36.206,29.099
105,2023,DIMC,Dimeco Inc,989.961,15.85,98.578,826.54,52.118,4.794,722.446,197.138,10.828,33.975,6.684,8.537
106,2023,EBC,Eastern Bankshares Inc,21133.278,253.037,2974.855,17596.217,103.833,38.604,13948.36,4863.146,232.177,550.409,-237.753,52.557
107,2023,EBMT,Eagle Bancorp Montana Inc,2075.666,42.973,169.273,1635.195,236.235,7.778,1484.489,331.601,10.056,62.477,22.722,8.426
108,2023,ECBK,ECB Bancorp Inc,1280.335,11.679,164.901,868.214,235.336,0.656,1048.38,91.874,4.456,24.79,1.052,1.213
109,2023,EFSC,Enterprise Financial Services Corp,14518.59,164.566,1716.068,12176.371,482.448,10.25,10884.118,2434.902,194.059,562.592,68.725,49.464
110,2023,EFSI,Eagle Financial Services Inc,1825.597,30.306,108.379,1506.322,199.097,2.27,1462.686,147.011,9.357,50.291,14.745,6.13
111,2023,EGBN,Eagle Bancorp Inc,11664.538,86.096,1274.283,8808.039,1423.743,8.43,7968.695,2547.873,100.534,290.546,21.536,66.632
112,2023,EMYB,Embassy Bancorp Inc,1656.496,13.772,105.655,1476.233,56.825,2.374,1254.039,278.518,12.656,39.039,2.629,0.366
113,2023,ENBP,ENB Financial Corp,2000.824,30.152,119.654,1726.798,143.565,4.347,1360.078,477.56,12.375,54.039,12.699,3.277
114,2023,EQBK,Equity Bancshares Inc,5034.592,64.384,452.86,4145.455,383.81,18.248,3332.901,942.465,7.821,159.018,-19.129,26.457
115,2023,EQFN,Equitable Financial Corp,481.049,8.181,44.979,412.27,18.573,0.554,425.938,32.732,3.588,15.091,4.809,0.711
116,2023,ESQ,Esquire Financial Holdings Inc,1616.876,32.481,198.555,1407.299,2.183,0.004,1207.413,202.036,41.011,83.773,29.751,11.009
117,2023,EWBC,East West Bancorp Inc,69612.884,508.538,6950.834,56092.438,4755.364,99.796,52210.782,9224.188,1161.161,2312.254,295.264,114.015
118,2023,EXSR,Exchange Bank of Santa Rosa California,3368.572,41.11,255.224,2838.627,232.661,5.966,1594.677,1512.445,20.193,90.49,23.66,4.199
119,2023,FBAK,First National Bank Alaska,5730.835,63.652,464.791,3780.018,1427.62,5.697,2273.311,2384.951,60.01,154.479,25.426,4.611
120,2023,FBIZ,First Business Financial Services Inc,3507.846,61.059,289.588,2796.779,339.87,3.754,2850.261,317.551,37.027,112.588,31.308,20.844
121,2023,FBK,FB Financial Corp,12604.403,203.441,1454.887,10548.287,458.607,87.491,9408.783,1506.163,120.224,407.217,70.543,86.483
122,2023,FBNC,First Bancorp/NC,12114.942,139.851,1372.38,10031.599,647.991,38.293,8150.102,2777.557,104.131,346.658,57.49,44.789
123,2023,FBP,First BanCorp (Puerto Rico),18909.549,222.855,1497.609,16555.985,733.119,129.158,12185.483,5631.64,302.864,797.11,132.694,125.906
124,2023,FBPI,First Bancorp of Indiana Inc,631.341,9.114,32.012,462.203,129.832,0.468,454.45,117.086,2.851,16.464,3.269,0.494
125,2023,FBSI,First Bancshares Inc,541.561,7.912,53.591,471.992,13.357,0.614,424.606,13.354,6.72,20.887,1.807,1.63
126,2023,FBTT,First Bankers Trustshares Inc,1148.708,14.656,62.103,971.432,105.227,7.634,598.647,445.249,5.407,23.255,7.812,10.684
127,2023,FCBC,First Community Bancshares Inc,3268.545,49.887,503.294,2722.325,1.739,17.399,2572.298,280.961,48.02,127.684,37.452,19.652
128,2023,FCCO,First Community Corp,1827.688,25.864,131.059,1511.001,171.253,5.831,1134.019,506.196,11.843,48.892,10.421,0.864
129,2023,FCF,First Commonwealth Financial Corp.,11459.488,142.871,1314.274,9192.309,833.919,36.021,8968.761,1490.866,157.063,385.676,96.609,40.918
130,2023,FCNCA,First Citizens BancShares Inc,213758,2636,21255,145854,38050,674,133302,30122,11466,6712,12075,1031
131,2023,FDBC,Fidelity D & D Bancorp Inc,2503.159,25.642,189.479,2158.425,134.122,4.069,1685.098,572.178,18.21,62.047,11.405,3.323
132,2023,FDVA,Freedom Financial Holdings Inc,1084.668,14.323,77.228,921.058,71.95,8.639,769.743,236.148,2.319,27.192,3.895,13.21
133,2023,FFBB,FFB Bancorp,1364.326,20.162,130.7,1145.17,75.251,6.373,924.713,333.13,33.558,63.532,25.045,6.006
134,2023,FFBC,First Financial Bancorp.,17532.9,292.731,2267.974,13360.797,1346.413,39.774,10933.176,3231.392,255.863,627.77,212.422,65.859
135,2023,FFDF,FFD Financial Corp,733.462,7.651,59.983,642.979,22.041,0.339,567.81,42.116,11.116,23.628,2.8,0.463
136,2023,FFIC,Flushing Financial Corp,8537.236,85.957,669.837,6815.261,882.103,53.363,6906.95,978.742,28.664,179.152,22.588,46.153
137,2023,FFIN,First Financial Bankshares Inc,13105.594,131.915,1498.9,11138.3,404.081,24.325,7148.791,4732.762,198.977,383.809,108.003,35.096
138,2023,FFMH,First Farmers and Merchants Corp,1871.603,21.581,124.241,1618.564,107.078,0.705,1018.866,709.924,16.049,44.355,13.2,1.407
139,2023,FFWM,First Foundation Inc,13327.248,84.297,925.343,10688.932,1610.701,16.541,10177.802,1517.417,-199.064,202.305,49.351,20.213
140,2023,FGBI,First Guaranty Bancshares Inc,3552.772,40.422,249.631,3009.094,275.696,14.821,2748.708,417.513,9.219,84.705,10.577,41.724
141,2023,FGFH,Foresight Financial Group Inc,1574.728,22.627,140.863,1357.557,58.661,6.822,1083.645,374.932,14.546,49.271,7.556,16.045
142,2023,FHB,First Hawaiian Inc,24926.474,225.755,2486.066,21332.657,563.832,11.996,14353.497,6329.385,234.983,636.127,200.815,18.595
143,2023,FHN,First Horizon Corp,81661,1049,9291,65780,4044,327,61292,9714,897,2540,927,469
144,2023,FIBK,First Interstate BancSystem Inc,30671.2,338.4,3227.5,23323.1,3669.6,78.3,18279.6,9272.6,257.5,878.8,147,127.8
145,2023,FINW,Finwise Bancorp,586.221,25.751,155.056,404.833,6.486,0.1,371.448,15.626,17.46,54.559,21.08,27.127
146,2023,FISI,Financial Institutions Inc,6160.881,71.889,454.796,5212.912,343.32,10.217,4462.139,1053.292,50.264,165.715,48.244,26.802
147,2023,FITB,Fifth Third Bancorp,214574,2694,19172,168912,20035,539,114655,51034,2349,5827,2881,689
148,2023,FIZN,First Citizens Bancshares Inc,2390.928,29.672,182.777,2027.62,163.579,4.212,1402.225,751.082,18.61,56.476,16.783,1.845
149,2023,FKYS,First Keystone Corp,1415.87,16.055,121.615,980.439,302.444,5.359,910.864,405.335,5.56,29.116,6.156,5.681
150,2023,FLG,Flagstar Financial Inc,114057,1149,8367,81526,21713,153,84619,10551,-79,3077,2687,442
151,2023,FMAO,Farmers & Merchants Bancorp Inc,3283.229,34.435,316.543,2607.463,334.588,4.689,2581.191,375.616,22.787,81.397,16.04,22.353
152,2023,FMBH,First Mid Bancshares Inc,7586.794,104.962,793.204,6123.659,622.936,23.539,5580.565,1177.932,68.935,193.463,86.786,21.292
153,2023,FMBM,F & M Bank Corp,1294.596,23,78.323,1133.236,67.665,2.262,822.092,379.557,2.771,31.661,10.154,6.524
154,2023,FMCB,Farmers & Merchants Bancorp,5308.928,70.883,549.755,4668.095,13.11,1.444,3654.689,1015.299,88.314,215.385,14.914,0.873
155,2023,FMNB,Farmers National Banc Corp/OH,5078.35,57.374,404.415,4177.386,452.641,14.876,3198.127,1335.012,49.932,137.786,41.861,15.229
156,2023,FNB,F.N.B. Corp,46158,461.677,6050,34711,4725,119,32323,7526,484.851,1316.504,254.332,110
157,2023,FNFI,First Niles Financial Inc,156.897,3.874,13.661,88.1,53.961,0.15,104.049,20.087,0.808,3.315,3.606,0.437
158,2023,FNLC,First Bancorp Inc/ME (The),2946.698,21.942,243.079,2599.662,70.304,1.755,2129.454,670.673,29.518,65.207,15.437,2.178
159,2023,FNRN,First Northern Community Bancorp,1871.832,25.914,159.245,1692.444,4.585,8.579,1069.061,582.875,21.554,66.539,7.845,8.334
160,2023,FNWB,First Northwest Bancorp,2201.797,31.209,163.34,1676.892,327.276,1.79,1660.028,309.287,2.286,61.432,4.02,18.644
161,2023,FNWD,Finward Bancorp,2108.279,27.655,147.345,1813.421,118.124,11.182,1512.595,377.921,8.38,54.555,10.746,12.879
162,2023,FOTB,First Ottawa Bancshares Inc,1488.943,19.617,86.605,1235.731,157.279,6.003,1247.825,160.79,14.014,51.672,4.701,4.908
163,2023,FRAF,Franklin Financial Services Corp,1836.039,28.813,132.136,1537.978,154.477,0.12,1256.985,475.305,13.598,53.637,14.851,0.147
164,2023,FRBA,First Bank,3609.327,34.339,370.9,2967.569,245.001,6.25,3021.501,160.399,20.897,104.516,-0.715,24.989
165,2023,FRFC,First Robinson Financial Corp,468.791,6.564,25.617,384.216,54.358,0.936,254.059,173.07,1.917,10.238,3.199,1.465
166,2023,FRME,First Merchants Corp,18405.887,228.745,2247.713,14821.453,1051.111,48.979,12486.027,3853.133,223.786,545.4,105.602,58.411
167,2023,FRST,Primis Financial Corp,3856.546,58.765,397.593,3270.155,160.718,38.845,3219.414,254.316,-7.832,98.711,45.25,10.809
168,2023,FSBC,Five Star Bancorp,3593.125,27.097,285.774,3026.896,249.352,0.404,3081.719,132.961,47.734,110.88,7.511,1.965
169,2023,FSBW,FS Bancorp Inc,2972.669,53.622,264.488,2522.323,150.121,9.222,2433.015,303.502,36.053,123.303,20.49,10.952
170,2023,FSFG,First Savings Financial Group Inc,2288.854,43.938,150.981,1681.794,415.982,13.57,1787.143,253.978,8.172,61.574,25.342,15.688
171,2023,FULT,Fulton Financial Corp,27571.915,377.417,2760.139,21537.623,2582.756,177.696,21351.094,3790.679,284.28,854.286,227.678,154.237
172,2023,FUNC,First United Corp,1905.86,27.503,161.873,1550.977,157.903,8.535,1406.327,316.716,15.06,56.87,14.469,8.992
173,2023,FUSB,First US Bancshares Inc,1072.94,16.076,90.593,950.191,22.854,2.337,821.791,137.87,8.485,37.35,3.381,3.002
174,2023,FVCB,FVCBankcorp Inc,2190.558,20.643,217.117,1845.292,113.861,4.493,1828.564,181.347,3.822,54.396,-13.37,1.829
175,2023,FXNC,First National Corp/VA,1419.295,21.039,116.271,1233.726,64.606,2.858,969.43,303.179,9.624,43.413,11.784,6.763
176,2023,GABC,German American Bancorp Inc,6152.198,83.244,663.558,5252.963,199.274,14.315,3971.082,1611.872,85.888,190.433,60.261,9.191
177,2023,GBCI,Glacier Bancorp Inc,27742.629,309.048,3020.281,19929.167,4485.807,32.742,16198.082,8300.885,222.927,691.682,118.079,25.631
178,2023,GCBC,Greene County Bancorp Inc,2698.283,23.418,183.283,2437.161,51.772,6.385,1408.866,1009.484,30.785,61.218,12.146,5.76
179,2023,GLBZ,Glen Burnie Bancorp,351.813,6.71,19.325,300.067,30.219,0.498,176.307,140.644,1.429,12.135,1.1,0.527
180,2023,GNTY,Guaranty Bancshares Inc,3184.791,48.862,303.846,2633.246,228.585,10.886,2321.801,600.403,30.037,96.98,22.513,5.826
181,2023,GSBC,Great Southern Bancorp Inc,5812.402,78.521,571.829,4721.708,430.676,3.72,4654.29,699.543,67.8,193.215,30.073,11.771
182,2023,HAFC,Hanmi Financial Corp,7570.341,81.398,701.891,6280.574,501.414,9.963,6182.434,882.124,80.041,221.271,34.179,15.591
183,2023,HARL,Harleysville Financial Corp,842.274,9.185,87.213,647.768,100.832,2.902,638.733,164.487,12.223,30.356,2.705,3.025
184,2023,HBAN,Huntington Bancshares Inc,189368,2487,19398,151230,13393,594,116754,41780,1951,5439,1921,711
185,2023,HBC2,HSBC USA Inc,168238,530,11639,121283,29063,441,58987,40772,393,1705,1652,610
186,2023,HBCP,Home Bancorp Inc,3320.122,48.933,367.444,2670.624,263.913,10.976,2581.638,434.991,40.24,120.692,14.636,10.389
187,2023,HBIA,Hills Bancorporation,4341.667,44.897,515.139,3282.78,517.871,13.58,3438.782,795.167,38.176,113.886,28.606,40.344
188,2023,HBNC,Horizon Bancorp Inc,7940.485,80.809,718.812,5664.893,1465.851,23.98,4417.63,2527.398,27.981,175.744,11.998,21.78
189,2023,HBT,HBT Financial Inc,5073.17,77.49,489.496,4401.437,147.328,5.186,3404.417,1293.925,65.842,191.072,36.046,8.709
190,2023,HFBK,Harford Bank (Alberdeen MD),665.617,9.224,58.963,554.309,48.201,6.997,507.96,109.216,6.458,21.447,3.128,6.522
191,2023,HFBL,Home Federal Bancorp/LA,660.915,9.088,50.542,597.361,9.416,2.183,494.667,113.974,5.704,21.552,2.099,1.596
192,2023,HFWA,Heritage Financial Corp,7174.957,100.083,853.261,5599.872,547.307,5.906,4335.627,1877.981,61.755,225.155,18.663,5.761
193,2023,HIFS,Hingham Institution for Savings,4483.947,16.413,407.62,2349.977,1693.086,1.168,3940.896,152.876,26.371,48.302,16.303,1.477
194,2023,HLFN,Home Loan Financial Corp,291.161,4.131,35.701,220.611,32.036,0.43,258.368,15.745,5.171,12.259,1.387,0.984
195,2023,HNVR,Hanover Bancorp Inc,2149.535,20.652,185.907,1735.07,215.369,13.512,1874.562,25.544,15.164,54.492,8.848,15.061
196,2023,HOMB,Home Bancshares Inc,22656.658,256.966,3791.075,16787.711,1928.247,61.476,14424.728,4789.823,392.929,826.945,169.934,95.372
197,2023,HONE,HarborOne Bancorp Inc,5667.896,73.917,583.759,4387.409,592.985,14.84,4750.311,337.045,16.077,127.271,41.854,17.582
198,2023,HONT,Honat Bancorp Inc,963.21,14.238,124.83,822.547,1.096,1.705,695.337,190.744,12.866,34.027,5.697,1.15
199,2023,HOPE,Hope Bancorp Inc,19131.522,207.871,2121.243,14753.753,1956.665,69.437,13853.619,2469.971,133.673,525.861,45.577,45.528
200,2023,HTB,HomeTrust Bancshares Inc,4607.487,62.221,471.186,3601.168,478.024,6.32,3658.823,187.061,44.604,157.415,31.05,8.315
201,2023,HTBK,Heritage Commerce Corp,5194.095,56.862,672.901,4378.458,71.176,2.425,3350.378,1125.741,64.443,183.224,8.998,7.707
202,2023,HWBK,Hawthorn Bancshares Inc,1875.35,28.971,136.085,1570.844,157.699,30.16,1539.147,195.042,0.956,59.142,-4.011,14.107
203,2023,HWC,Hancock Whitney Corp,35578.573,460.795,3803.661,29690.059,1516.764,42.915,23921.917,7738.968,392.602,1097.599,288.48,62.664
204,2023,IBCP,Independent Bank Corp,5263.726,78.965,404.449,4622.879,134.378,4.176,3790.901,1050.159,59.067,156.329,50.676,5.801
205,2023,IBOC,International Bancshares Corp,15066.189,134.441,2447.774,11824.554,650.029,81.792,8058.961,5174.61,411.768,663.501,169.941,74.134
206,2023,INBC,InBankshares Corp,1340.349,18.544,119.464,1157.458,55.793,1.314,902.141,285.213,8.811,43.66,5.343,2.53
207,2023,INBK,First Internet Bancorp,5167.572,45.322,362.795,4066.973,719.772,7.571,3840.22,730.358,8.417,74.904,26.125,10.354
208,2023,INDB,Independent Bank Corp,19347.373,222.135,2895.251,14865.547,1274.656,54.881,14278.07,2969.43,239.502,606.521,124.609,54.493
209,2023,IROQ,IF Bancorp Inc,848.976,12.712,71.753,735.314,30.287,1.294,594.596,204.426,4.66,21.997,4.069,0.148
210,2023,ISBA,Isabella Bank Corp,2058.968,25.905,202.402,1723.695,116.136,0.973,1349.463,543.996,18.167,57.944,13.827,1.487
211,2023,ISTR,Investar Holding Corp,2815.155,37.143,226.768,2255.727,300.044,11.382,2210.619,396.987,16.678,74.52,6.538,10.238
212,2023,JDVB,JD Bancshares Inc,1188.47,20.278,74.359,1027.938,80.59,14.74,685.618,373.093,6.581,44.117,3.528,12.134
213,2023,JFBC,Jeffersonville Bancorp,687.932,9.881,80.767,574.405,25.346,6.127,338.498,228.713,11.175,26.792,2.773,2.817
214,2023,JPM,JPMorgan Chase & Co,3875393,46465,327878,2400688,661905,7247,1319721,771988,49552,89267,68837,7597
215,2023,JUVF,Juniata Valley Financial Corp,870.555,10.809,40.137,749.045,73.136,0.178,525.394,270.988,6.596,22.692,5.321,4.952
216,2023,KEY,KeyCorp,188281,2660,14637,145587,23193,420,109083,47004,967,3913,2470,591
217,2023,KFFB,Kentucky First Federal Bancorp,349.022,4.915,50.711,226.309,70.087,5.829,315.441,16.977,0.933,8.856,0.302,4.771
218,2023,KISB,Kish Bancorp Inc,1542.776,22.198,92.765,1179.069,240.473,0.555,1232.862,202.355,13.5,43.627,11.371,0.56
219,2023,KRNY,Kearny Financial Corp,8064.815,75.589,869.284,5629.183,1524.033,92.244,5829.421,1445.928,40.811,175.865,2.751,55.583
220,2023,KSBI,KS Bancorp Inc,613.596,9.48,40.478,545.038,23.248,0.859,476.679,99.024,6.209,20.255,3.219,0.892
221,2023,LARK,Landmark Bancorp Inc,1561.672,22.681,126.914,1316.251,99.027,4.26,948.227,464.447,12.236,43.292,13.23,3.319
222,2023,LCNB,LCNB Corp,2291.592,29.108,235.303,1824.389,216.779,0.43,1723.471,318.723,12.628,56.349,15.411,0.152
223,2023,LFGP,Ledyard Financial Group Inc,856.115,16.501,56.02,660.157,134.555,1.446,418.766,352.197,3.165,17.235,14.127,1.295
224,2023,LKFN,Lakeland Financial Corp,6524.029,60.544,649.793,5720.525,54.695,17.187,4916.534,1203.066,93.767,197.035,49.858,16.096
225,2023,LOB,Live Oak Bancshares Inc,11271.423,175.052,902.666,10275.019,26.534,73.392,8633.847,1132.96,73.898,345.305,111.733,141.444
226,2023,LSBK,Lake Shore Bancorp Inc,725.118,11.254,86.273,590.924,35.967,3,562.291,62.735,4.82,24.358,2.635,3.381
227,2023,MBCN,Middlefield Banc Corp,1822.883,24.511,205.681,1426.602,175.428,7.932,1478.13,180.736,17.368,65.203,6.691,10.877
228,2023,MBIN,Merchants Bancorp,16952.516,108.181,1701.084,14061.46,975.378,26.683,10199.553,2366.482,279.234,448.071,114.668,82.015
229,2023,MBKL,MBT Bancshares Inc,591.223,9.044,39.506,493.508,54.798,0.555,408.822,142.288,5.265,20.507,3.467,2.177
230,2023,MBWM,Mercantile Bank Corp,5353.224,68.801,522.145,3900.918,839.951,7.728,4303.758,638.605,82.217,193.545,32.143,3.615
231,2023,MCB,Metropolitan Bank Holding Corp,7067.672,66.961,659.021,5737.292,613.635,0.024,5624.797,971.156,77.268,222.836,27.903,51.897
232,2023,MCBK,Madison County Financial Inc,609.711,5.903,92.44,437.795,72.271,0.652,456.99,121.685,3.226,9.838,3.083,0.82
233,2023,MCBS,Metrocity Bankshares Inc,3502.823,29.304,381.517,2730.936,333.651,24.492,3139.993,46.674,51.613,101.479,18.204,38.381
234,2023,MCHB,Mechanics Bancorp,17501.795,200.992,2235.605,14298.143,832.701,40.106,10777.755,3902.539,201.914,563.212,74.226,56.047
235,2023,MFBP,M&F Bancorp Inc,453.258,8.665,125.202,320.944,1.323,0.885,269.082,117.058,5.695,19.14,5.855,0.805
236,2023,MFGI,Merchants Financial Group Inc,2600.353,42.034,263.936,2174.409,145.367,9.328,2159.81,249.366,25.502,83.062,29.301,10.587
237,2023,MGYR,Magyar Bancorp Inc,907.292,11.134,104.79,755.453,32.459,3.59,697.4,98.246,7.709,27.734,2.682,5.412
238,2023,MNSB,MainStreet Bancshares Inc,2035.432,28.267,221.517,1686.127,94.544,0.021,1721.643,101.559,26.585,75.947,3.638,1.004
239,2023,MOFG,MidWestOne Financial Group Inc,6427.54,76.34,524.378,5395.673,426.638,15.924,4126.947,1876.13,20.859,144.172,18.423,30.288
240,2023,MPB,Mid Penn Bancorp Inc,5290.792,59.345,542.35,4346.212,356.174,8.628,4252.792,639.889,37.397,146.973,20.008,14.509
241,2023,MRBK,Meridian Corp,2246.193,47.377,158.022,1823.462,234.174,22.939,1895.806,191.993,13.243,68.942,31.965,35.466
242,2023,MSBC,Mission Bancorp/CA,1651.969,18.719,156.714,1436.767,45.278,0.058,1210.454,242.681,30.469,69.59,5.415,0.35
243,2023,MSBI,Midland States Bancorp Inc,7866.868,93.438,791.853,6309.529,664.362,57.824,6131.079,963.817,75.46,236.017,66.59,67.701
244,2023,MTB,M&T Bank Corp,208264,2997,26957,163274,14234,2479.81,131254,26897,2741,7115,2528,2205
245,2023,MVBF,MVB Financial Corp,3313.882,63.371,289.342,2901.476,99.181,12.359,2317.594,386.361,31.232,123.283,19.715,9.092
246,2023,MYFW,First Western Financial Inc,2975.462,45.202,242.738,2529.039,188.951,12.349,2530.915,81.257,5.225,71.105,21.948,50.816
247,2023,NASB,NASB Financial Inc,2814.082,32.789,386.106,1794.43,604.984,26.525,2092.416,259.705,21.647,83.47,8.264,23.424
248,2023,NBHC,National Bank Holdings Corp,9951.064,137.701,1212.807,8190.391,445.933,20.243,7698.758,1304.358,142.048,361.951,63.917,32.316
249,2023,NBN,Northeast Bank,2869.938,35.721,296.663,1937.207,584.533,12.946,2520.36,84.818,44.187,118.796,5.258,15.683
250,2023,NBTB,NBT Bancorp Inc,13309.04,194.25,1425.691,10968.994,665.613,21.161,9650.713,2419.577,118.782,378.219,142.178,37.874
251,2023,NECB,Northeast Community Bancorp Inc,1764.135,18.839,279.325,1400.036,69.196,1.456,1586.897,34.891,46.276,97.191,3.743,5.841
252,2023,NEFB,Neffs Bancorp Inc,455.783,4.375,69.098,373.341,10.17,0.057,233.343,211.169,2.903,10.529,0.311,0.161
253,2023,NFBK,Northfield Bancorp Inc,5598.396,46.496,699.445,3878.435,955.696,10.238,4203.654,855.626,37.669,124.667,11.896,11.433
254,2023,NIC,Nicolet Bankshares Inc,8468.678,99.109,1039.007,7197.8,178.256,40.055,6353.942,860.133,61.516,241.516,35.972,27.892
255,2023,NIDB,Northeast Indiana Bancorp Inc,498.684,6.416,46.42,401.072,47.25,2.989,375.993,91.211,4.26,14.574,3.206,6.941
256,2023,NKSH,National Bankshares Inc,1655.37,17.318,140.522,1503.972,1.127,3.509,856.646,619.865,15.691,37.283,9.359,2.629
257,2023,NRIM,Northrim BanCorp Inc,2807.497,61.741,234.718,2485.055,33.077,6.43,1789.497,690.819,25.394,103.256,26.375,5.81
258,2023,NTRS,Northern Trust Corp,150783.1,2727,11897.9,116164,17928.9,45.9,47617,49298.8,1107.3,1982,4791.5,65.1
259,2023,NWBI,Northwest Bancshares Inc,14419.105,195.691,1551.317,11979.902,707.381,82.393,11406.041,1888.344,134.957,435.683,113.823,97.186
260,2023,NWFL,Norwood Financial Corp.,2201.079,23.565,181.07,1795.159,202.325,1.459,1603.618,413.577,16.759,62.067,8.124,7.719
261,2023,NWPP,New Peoples Bankshares Inc,826.313,14.256,64.811,716.467,40.038,3.674,638.111,89.805,7.184,28.019,9.949,3.691
262,2023,OBK,Origin Bancorp Inc,9722.584,138.819,1062.905,8251.125,329.038,14.679,7660.944,1327.244,83.8,299.557,58.335,34.044
263,2023,OBT,Orange County Bancorp Inc,2485.468,32.186,165.376,2038.749,257.238,8.451,1747.062,504.473,29.478,88.391,13.419,4.427
264,2023,OCFC,OceanFirst Financial Corp.,13538.253,135.802,1661.945,10434.949,1138.258,23.265,10203.858,2107.556,104.029,369.731,33.624,29.548
265,2023,OFED,Oconee Federal Financial Corp,595.405,6.571,71.789,474.243,46,2.087,413.024,136.069,3.349,14.573,1.645,1.124
266,2023,OFG,OFG Bancorp,11344.453,155.827,1193.48,9762.169,224.799,115.702,7534.379,2686.757,181.872,560.87,128.381,100.021
267,2023,ONB,Old National Bancorp,49089.836,546.364,5562.9,37235.18,5536.107,264.336,32822.227,10172.508,581.992,1503.153,333.342,284.255
268,2023,OPBK,OP Bancorp,2147.73,29.593,192.665,1807.558,114.341,3.081,1765.845,210.526,23.918,68.687,14.181,8.082
269,2023,ORBN,Oregon Bancorp Inc,395.422,18.094,72.984,312.354,1.898,1.242,308.743,34.213,3.552,15.934,16.084,0.443
270,2023,ORPB,Oregon Pacific Bancorp,760.987,12.593,56.382,660.45,38.085,0.052,536.662,179.948,9.232,26.9,7.127,0.443
271,2023,ORRF,Orrstown Financial Services Inc,3064.24,50.983,265.056,2558.814,190.992,20.583,2298.313,525.511,35.663,104.906,25.652,25.527
272,2023,OSBC,Old Second Bancorp Inc,5722.799,88.566,577.281,4570.746,516.625,35.33,4042.953,1226.184,91.729,251.931,34.179,73.902
273,2023,OTTW,Ottawa Bancorp Inc,363.918,4.728,41.64,281.086,32.45,2.3,316.553,18.781,1.669,9.415,1.301,4.8
274,2023,OVBC,Ohio Valley Banc Corp.,1352.135,23.391,144.007,1127.136,54.298,3.771,971.9,175.281,12.631,46.027,12.629,2.511
275,2023,OZK,Bank OZK,34237.457,258.846,5139.976,27405.143,1344.601,49.555,26459.075,3294.771,690.783,1439.485,122.549,128.397
276,2023,PB,Prosperity Bancshares Inc,38547.877,328.43,7079.33,27179.809,4077.396,27.494,21174.804,12812.646,419.316,956.433,153.265,72.667
277,2023,PBBK,PB Bankshares Inc,439.748,5.21,46.989,332.966,55.918,1.049,325.893,71.498,1.919,12.114,0.785,1.421
278,2023,PBCO,PBCO Financial Corp,763.353,14.786,77.588,629.781,49.756,2.939,516.697,155.64,0.979,27.5,-1.672,0.939
279,2023,PBHC,Pathfinder Bancorp Inc,1465.798,15.92,120.256,1120.067,211.605,9.236,897.207,449.956,9.293,38.919,5.19,17.378
280,2023,PCB,PCB Bancorp,2789.506,34.572,348.872,2351.612,59.137,7.36,2323.452,156.039,30.705,88.504,10.683,6.474
281,2023,PDLB,Ponce Financial Group Inc,2750.722,30.699,491.395,1507.62,717.105,13.709,1922.04,601.027,3.352,65.266,10.223,12.726
282,2023,PEBK,Peoples Bancorp of North Carolina Inc.,1635.91,26.64,121.016,1392.045,107.011,3.728,1093.066,394.798,15.546,54.719,22.914,3.887
283,2023,PEBO,Peoples Bancorp Inc,9157.382,144.031,1053.534,7152.297,829.442,45.21,6159.196,1795.4,113.363,339.374,87.413,39.367
284,2023,PFBC,Preferred Bank of Los Angeles,6659.276,51.314,695.105,5709.342,167.998,27.47,5262.419,350.013,150.04,289.374,7.113,45.435
285,2023,PFIS,Peoples Financial Services Corp,3742.289,35.285,340.422,3279.037,86.55,4.134,2849.897,489.056,27.38,86.754,14.133,4.948
286,2023,PFLC,Pacific Financial Corp,1148.899,22.793,114.691,1009.292,15.97,0.899,684.553,295.362,14.605,49.2,6.172,0.664
287,2023,PFS,Provident Financial Services Inc,14210.81,148.497,1690.596,10329.352,2040.767,60.633,10873.701,2133.679,128.398,399.454,79.829,61.29
288,2023,PGC,Peapack-Gladstone Financial Corp,6476.857,100.524,583.681,5274.114,553.394,19.09,5429.325,702.582,48.854,156.089,73.578,61.324
289,2023,PKBK,Parke Bancorp Inc,2023.5,12.34,284.317,1552.827,170.566,17.826,1787.34,24.023,28.462,64.214,6.692,8.788
290,2023,PLBC,Plumas Bancorp,1610.416,20.32,147.317,1333.655,116.055,1.19,961.471,496.786,29.776,69.794,10.722,5.315
291,2023,PNBK,Patriot National Bancorp Inc,1093.425,17.598,44.383,840.311,203.278,19.748,848.859,99.929,-4.179,28.5,6.005,21.311
292,2023,PNC,The PNC Financial Services Group Inc,561580,7428,51141,421418,74735,2019,314966,132569,5578,13916,7574,2216
293,2023,PNFP,Pinnacle Financial Partners Inc,47959.883,531.828,6035.788,38539.81,3079.686,46.068,32676.091,7323.887,562.152,1262.118,433.253,86.635
294,2023,PPBN,Pinnacle Bankshares Corp,1016.528,15.604,68.405,932.444,11.32,1.695,640.799,235.16,9.762,33.172,7.964,1.557
295,2023,PRK,Park National Corp,9836.453,181.501,1145.293,8042.566,533.934,102.465,7472.986,1429.144,126.734,373.113,92.634,62.101
296,2023,PROV,Provident Financial Holdings Inc,1332.948,17.737,129.687,950.571,237.178,1.423,1083.575,165.997,8.592,36.985,4.075,1.3
297,2023,PSBQ,PSB Holdings Inc/WI,1424.1,18.648,109.287,1141.802,159.905,6.371,1090.777,258.952,9.569,38.692,6.72,5.94
298,2023,PVBC,Provident Bancorp Inc,1670.309,31.266,221.902,1331.222,108.868,33.434,1342.729,32.627,10.954,58.171,7.061,16.517
299,2023,PVBK,Pacific Valley Bancorp,585.995,7.584,51.677,513.086,17.957,0.188,452.531,29.511,4.847,18.047,1.5,0.107
300,2023,QCRH,QCR Holdings Inc,8538.894,136.619,886.596,6514.005,721.795,8.903,6540.822,1024.807,113.558,221.006,132.684,34.186
301,2023,QNBC,QNB Corp,1706.318,19.026,90.824,1488.713,117.126,9.121,1093.533,498.822,9.483,40.155,4.837,1.94
302,2023,QNTO,Quaint Oak Bancorp Inc,754.118,20.973,51.565,631.699,56.528,2,610.107,3.815,2.02,18.163,15.332,0.452
303,2023,RBB,RBB Bancorp,4026.025,37.795,511.26,3174.76,315.276,24.1,3031.861,339.17,42.465,119.286,15.018,31.619
304,2023,RBCAA,Republic Bancorp Inc,6594.891,115.869,912.756,5053.163,513.157,17.899,5239.861,691.644,90.374,288.778,71.457,21.988
305,2023,RBKB,Rhinebeck Bancorp Inc,1313.202,19.459,113.685,1039.777,139.526,4.424,1016.975,198.499,4.395,37.965,5.78,4.206
306,2023,RF,Regions Financial Corp,152194,2416,17493,127788,2865,516,98379,30123,2074,5320,2256,823
307,2023,RMBI,Richmond Mutual Bancorporation Inc,1461.024,17.439,134.86,1041.14,271.457,9.233,1105.736,300.285,9.487,37.662,4.611,8.135
308,2023,RNST,Renasant Corp,17360.535,281.768,2297.383,14076.785,788.107,58.639,12351.23,2144.743,144.678,519.327,113.075,78.992
309,2023,RRBI,Red River Bancshares Inc,3128.81,37.241,303.851,2801.888,3.767,2.366,1992.858,716.532,34.879,86.438,21.114,2.602
310,2023,RVSB,Riverview Bancorp Inc,1521.529,24.204,155.588,1231.679,117.476,1.852,1024.013,377.633,3.799,38.086,10.242,0.178
311,2023,SBCF,Seacoast Banking Corp of Florida,14580.249,201.742,2108.086,11776.935,581.42,31.144,10062.94,2584.033,104.033,488.24,79.152,72.664
312,2023,SBFG,SB Financial Group Inc,1343.249,22.777,124.342,1070.205,126.939,5.113,1000.212,226.987,12.095,39.273,17.721,3.329
313,2023,SBKO,Summit Bank Group Inc,1078.37,17.532,95.655,916.943,58.641,0.644,922.241,59.357,8.921,46.474,0.508,2.308
314,2023,SBNC,Southern Bancshares NC Inc,4987.939,60.198,459.982,4137.764,368.119,2.716,3408.987,1632.448,148.388,118.1,169.492,7.488
315,2023,SBSI,Southside Bancshares Inc,8284.914,85.625,773.288,6549.681,893.319,10.862,4524.51,2624.974,86.692,215.027,35.834,4.001
316,2023,SFBC,Sound Financial Bancorp Inc,995.221,17.135,100.654,826.539,56.538,3.618,894.478,12.849,7.439,33.85,5.006,4.131
317,2023,SFBS,ServisFirst Bancshares Inc,16129.668,80.965,1440.405,13273.511,1348.894,18.089,11658.829,1893.073,206.853,410.937,30.417,22.528
318,2023,SFDL,Security Federal Corp,1549.671,20.313,172.362,1194.997,171.477,6.421,634.131,701.634,10.19,39.248,9.39,6.825
319,2023,SFIGA,Star Financial Group Inc,2998.676,45.025,189.914,2546.014,240.116,3.066,1639.546,1076.278,23.863,86.076,25.211,4.33
320,2023,SFNC,Simmons First National Corp,27345.674,286.117,3426.488,22244.978,1475.264,62.472,16845.67,6878.441,175.057,650.126,155.566,90.271
321,2023,SFST,Southern First Bankshares Inc,4055.789,40.275,312.467,3379.564,335.966,2.627,3602.627,154.641,13.426,77.654,9.86,3.963
322,2023,SHBI,Shore Bancshares Inc,6010.918,57.003,511.135,5386.12,85.154,3.946,4641.01,647.312,11.228,135.307,33.159,13.701
323,2023,SLBK,Skyline Bankshares Inc,1045.843,16.704,82.882,928.742,29.483,4.288,817.704,130.727,9.7,35.598,6.97,1.731
324,2023,SMBC,Southern Missouri Bancorp Inc,4360.211,46.896,446.058,3725.54,162.744,6.309,3618.898,438.155,39.237,126.745,26.204,11.29
325,2023,SMBK,SmartFinancial Inc,4829.387,65.749,459.886,4267.854,65.48,4.808,3444.462,703.308,28.593,130.08,22.325,9.735
326,2023,SNV,Synovus Financial Corp.,59809.534,728.378,5144.148,50739.185,2125.104,143.381,43404.49,9973.606,543.705,1816.655,404.01,288.177
327,2023,SOMC,Southern Michigan Bancorp Inc,1414.795,20.586,97.83,1157.971,146.541,1.129,1036.417,231.34,10.905,39.98,7.738,0.889
328,2023,SOME,Somerset Trust Holding Co,2199.339,33.096,142.522,1787.34,254.415,10.66,1430.585,608.89,23.235,80.017,16.133,9.691
329,2023,SPFI,South Plains Financial Inc,4204.793,79.377,407.114,3626.153,119.798,7.959,3014.153,622.762,62.745,139.747,75.817,6.09
330,2023,SRCE,1st Source Corp,8727.958,115.612,1068.263,7038.581,438.447,26.927,6518.505,1647.675,124.927,278.647,90.623,24.235
331,2023,SSB,SouthState Bank Corp,44902.024,583.398,5533.098,37048.909,1089.373,109.742,32388.489,7460.308,494.308,1452.608,286.906,184.124
332,2023,SSBI,Summit State Bank,1122.508,15.399,97.678,1009.693,6.914,3.756,953.847,90.087,10.822,35.462,5.201,44.206
333,2023,STBA,S&T Bancorp Inc,9551.526,111.462,1283.445,7521.769,552.341,22.117,7653.341,995.473,144.781,349.41,57.62,23.022
334,2023,STD2,Santander Holdings USA Inc,164972.575,2065.108,17500.909,77073.176,60946.237,2575.951,93047.209,17432.519,932.902,5875.348,3464.849,3175.729
335,2023,STEL,Stellar Bancorp Inc,10647.139,157.034,1521.018,8873.467,180.424,45.048,7925.133,1420.731,130.497,436.759,24.562,39.191
336,2023,SYBT,Stock Yards Bancorp Inc,8170.102,110.327,858.103,6670.748,415.07,15.811,5771.038,1487.252,107.748,247.332,92.22,19.178
337,2023,TBBK,Bancorp Inc (The),7705.695,121.055,807.281,6680.91,147.863,39.341,5361.139,763.125,192.296,354.052,112.094,30.218
338,2023,TCBI,Texas Capital Bancshares Inc,28356.266,459.7,3199.142,22371.839,2470.22,48.338,20340.558,4143.194,189.141,914.123,161.419,81.398
339,2023,TCBK,TriCo Bancshares,9910.089,135.795,1159.682,7834.038,761.942,24.76,6794.47,2305.882,117.39,356.677,61.4,34.595
340,2023,TCBS,Texas Community Bancshares Inc,452.044,7.069,53.689,317.241,77.251,1.182,282.992,123.256,-0.733,11.064,0.352,1.342
341,2023,TCBX,Third Coast Bancshares Inc,4396.074,62.217,411.974,3803.148,141.708,12.261,3638.788,194.128,33.401,139.525,8.205,17.319
342,2023,TECTP,Tectonic Financial Inc,677.346,31.288,106.857,526.891,35.548,2.804,501.095,51.347,15.22,27.361,39.804,2.57
343,2023,TFC,Truist Financial Corp,535349,8654,59253,395865,65154,1250,312061,123031,-1091,14600,8790,1488
344,2023,TFIN,Triumph Financial Inc,5347.334,210.607,864.4,3977.478,437.729,54.581,4163.1,321.387,41.081,368.079,50.173,75.781
345,2023,TFSL,TFS Financial Corp,16917.979,112.785,1927.361,9449.82,5291.846,36.797,15243.062,755.422,75.25,283.567,21.429,33.358
346,2023,THFF,First Financial Corp,4851.146,68.525,527.976,4090.068,181.254,16.726,3167.821,1274.501,60.672,167.262,42.702,27.665
347,2023,TMP,Tompkins Financial Corp,7819.749,124.703,669.934,6399.847,682.171,32.996,5605.935,1763.557,9.505,209.514,10.241,62.397
348,2023,TOWN,TowneBank,16835.039,270.158,2055.878,13893.206,575.335,6.833,11329.021,2642.014,153.715,457.78,236.342,7.751
349,2023,TRCY,Tri City Bankshares Corp,2078.743,30.606,143.512,1768.372,162.134,8.118,1173.61,612.419,6.458,53.28,14.925,6.604
350,2023,TRMK,Trustmark Corp,18722.189,304.665,1661.847,15569.763,1115.897,67.958,12950.524,3189.157,165.489,552.878,206.958,106.875
351,2023,TRST,TrustCo Bank Corp NY,6168.191,51.242,645.285,5350.777,133.461,19.554,5002.879,464.95,58.646,171.845,18.315,17.86
352,2023,TSBK,Timberland Bancorp Inc,1839.905,23.562,233.073,1560.935,36.867,2.165,1318.122,319.402,27.118,68.359,11.14,1.596
353,2023,UBAB,United Bancorporation of Alabama Inc,1389.987,19.236,248.636,1089.853,40.792,7.063,811.948,272.97,31.541,58.759,21.044,2.959
354,2023,UBCP,United Bancorp Inc,819.449,10.272,63.593,621.459,128.332,3.701,483.236,246.739,8.95,25.835,4.054,4.018
355,2023,UBFO,United Security Bancshares,1211.045,13.157,122.542,1004.477,74.65,19.519,920.042,184.62,19.796,49.321,5.569,16.456
356,2023,UBOH,United Bancshares Inc/OH,1071.498,15.76,93.924,952.845,19.104,1.737,708.828,253.588,8.606,33.107,7.375,1.421
357,2023,UBSI,United Bankshares Inc,29926.482,279.177,4771.24,22819.319,2078.083,60.69,21359.084,4125.754,366.313,919.924,135.258,48.113
358,2023,UCB,United Community Banks Inc,27297.251,318.464,3261.525,23310.611,368.969,44.281,18318.755,5821.932,187.544,817.765,75.483,92.877
359,2023,UMBF,UMB Financial Corp,44011.674,553.421,3100.419,35792.859,4361.821,19.337,23170.768,13250.158,350.024,920.116,541.853,14.95
360,2023,UNB,Union Bankshares Inc,1468.879,19.612,65.807,1305.603,84.54,2.397,1030.022,265.883,11.257,37.843,9.904,2.02
361,2023,UNTY,Unity Bancorp Inc,2578.507,29.051,261.43,1924.14,372.085,9.065,2153.821,154.124,39.707,94.997,8.142,19.186
362,2023,USB,U.S. Bancorp,663491,10416,55771,512312,68165,1016,365495,153751,5429,17396,10617,1494
363,2023,UVSP,Univest Financial Corp,7780.628,120.188,839.208,6375.781,499.918,33.535,6567.214,541.122,71.104,219.997,76.824,40.093
364,2023,UWHR,Uwharrie Capital Corp,1072.591,19.306,49.441,981.713,32.088,0.399,592.071,367.232,8.031,32.696,9.468,1.242
365,2023,VABK,Virginia National Bankshares Corp,1646.017,15.9,153.04,1409.098,79.925,1.378,1092.665,428.98,19.263,48.969,9.101,2.732
366,2023,VBTX,Veritex Holdings Inc,12394.337,122.07,1531.323,10338.195,350.288,43.667,9584.34,1332.262,108.261,399.114,19.105,95.823
367,2023,VLY,Valley National Bancorp,60934.974,563.591,6701.391,49242.829,3707.098,271.984,50210.295,5100.248,498.511,1665.478,225.729,293.386
368,2023,WABC,Westamerica Bancorporation,6364.592,47.871,772.894,5474.267,76.976,0.774,866.602,4892.424,161.768,280.123,43.522,0.791
369,2023,WAFD,WaFd Inc,22474.675,196.534,2426.426,16070.329,3673.422,44.554,17653.757,2545.503,257.426,690.234,52.377,57.924
370,2023,WAL,Western Alliance Bancorporation,70862,566.3,6078,55333,8304,98,50297,12993,722.4,2338.9,280.7,418
371,2023,WASH,Washington Trust Bancorp Inc,7202.847,82.458,472.686,5348.16,1244.708,12.846,5647.706,1052.273,48.176,137.098,56.14,45.301
372,2023,WBS,Webster Financial Corp,74945.249,684.382,8689.996,60784.284,4089.664,206.136,50726.052,16361.199,867.84,2337.269,314.337,218.6
373,2023,WCCB,West Coast Community Bancorp,1794.362,19.699,230.036,1515.09,36.924,3.153,1377.597,279.048,35.15,82.764,3.572,9.525
374,2023,WCFB,WCF Bancorp Inc,196.168,3.437,22.609,142.629,29.1,0.547,146.896,25.094,-0.163,4.754,0.647,0.184
375,2023,WFC,Wells Fargo & Co,1932468,35829,187443,1358173,301207,5763,920259,421795,19142,52375,30222,8443
376,2023,WNEB,Western New England Bancorp Inc,2564.571,32.214,237.409,2143.744,164.929,5.694,2027.317,364.388,15.068,67.909,10.897,6.421
377,2023,WSBC,WesBanco Inc,17712.374,223.839,2533.062,13168.704,1810.231,42.901,11638.461,3405.984,159.032,481.338,120.447,28.305
378,2023,WSBF,Waterstone Financial Inc,2213.389,84.096,344.056,1190.624,611.054,4.452,1664.215,225.787,9.375,50.215,81.185,5.062
379,2023,WSFS,WSFS Financial Corp,20594.672,289.193,2469.815,16474.086,1046.672,43.372,12769.336,4937.926,269.156,725.103,289.871,75.754
380,2023,WTBA,West Bancorporation Inc,3825.758,27.06,225.043,2973.779,596.039,0.322,2927.535,646.876,24.137,69.031,10.066,0.296
381,2023,WTBFA,W T B Financial Corp,11445.591,154.457,897.443,8118.301,2265.563,3.062,6505.401,3594.355,55.851,285.093,57.241,31.404
382,2023,WTFC,Wintrust Financial Corp.,56259.934,746.413,5399.526,45397.17,3829.639,110.597,42131.831,7704.102,622.626,1837.864,434.106,152.339
383,2023,ZION,Zions Bancorporation National Association,87203,1275,5691,74961,5119,149,57396,20850,680,2438,677,228
1,2024,ABBB,Auburn Bancorp Inc,102.466,1.642,6.216,75.015,21.025,0.266,82.145,14.717,0.001,2.5,0.438,0.106
2,2024,ABCB,Ameris Bancorp,26262.05,347.641,3751.522,21722.448,477.5,174.321,20739.906,1902.235,358.685,849.19,293.257,122.393
3,2024,ACNB,ACNB Corp,2394.83,42.929,303.273,1792.501,273.923,4.64,1682.91,470.325,31.846,83.611,24.73,7.25
4,2024,AFBI,Affinity Bancshares Inc,866.817,13.126,129.115,673.481,60.398,10.276,714.115,69.976,5.441,29.166,2.015,4.8
5,2024,ALPIB,Alpine Banks of Colorado,6524.992,93.718,506.859,5821.606,147.356,25.379,4056.46,1858.748,49.681,185.244,50.969,4.845
6,2024,ALRS,Alerus Financial Corp,5261.673,110.278,495.41,4378.41,317.02,8.767,3992.534,884.813,17.78,107.045,114.93,62.886
7,2024,AMAL,Amalgamated Financial Corp,8256.892,93.766,707.654,7180.605,334.143,34.203,4672.924,3239.438,106.434,282.43,33.215,25.87
8,2024,AMBK,American Bank Inc,986.667,7.41,96.037,793.38,80.358,3.164,805.929,66.449,9.016,23.34,2.398,3.448
9,2024,AMFC,AMB Financial Corp.,372.765,4.861,30.724,336.053,3.093,2.155,285.359,17.861,2.458,10.218,1.871,2.336
10,2024,AMTB,Amerant Bancorp Inc,9901.734,137.082,890.467,7854.595,1004.716,54.581,7228.411,1497.925,-15.752,325.957,9.909,122.175
11,2024,ARBV,American Riviera Bancorp,1279.312,19.997,111.383,1113.338,47.403,0.595,989.941,226.261,8.742,41.221,4.123,6.098
12,2024,AROW,Arrow Financial Corp,4306.348,52.707,400.901,3827.93,38.447,21.463,3394.541,570.78,29.709,111.732,28.074,21.497
13,2024,ASB,Associated Banc-Corp,43023.068,487.956,4605.562,34648.434,3197.407,160.421,29768.586,8523.029,123.145,1047.248,-9.407,144.164
14,2024,ASRV,AmeriServ Financial Inc,1422.362,28.387,107.248,1200.995,101.687,12.393,1067.949,226.341,3.601,36.048,17.975,12.657
15,2024,ATLO,Ames National Corp,2133.18,25.145,174.706,1846.682,99.364,13.919,1320.975,652.396,10.218,44.976,9.837,15.508
16,2024,AUB,Atlantic Union Bankshares Corp,24585.323,271.164,3142.879,20397.619,619.989,36.889,18470.621,3348.971,209.131,698.539,118.878,58.373
17,2024,AUBN,Auburn National Bancorporation Inc,977.324,12.534,78.292,895.824,0.231,0.911,564.017,243.012,6.397,27.125,3.474,0.503
18,2024,AVBH,Avidbank Holdings Inc,2304.488,32.499,186.362,1891.355,214.686,1.378,1864.942,304.965,21.015,75.222,6.01,1.347
19,2024,AX,Axos Financial Inc.,22855.334,250.873,2290.596,19359.217,481.602,95.259,19491.927,163.568,450.008,961.429,222.66,115.809
20,2024,BAC,Bank of America Corp,3261519,40182,295559,1965467,667563,5630,1080127,917284,27132,56060,45827,6120
21,2024,BANC,Banc of California Inc,33542.864,341.396,3499.949,27191.909,2458.092,81.671,23781.663,4700.761,126.888,926.05,77.145,199.339
22,2024,BANF,BancFirst Corp,13554.314,211.998,1621.187,11718.546,94.182,68.315,8025.11,1224.768,216.354,446.874,184.575,99.388
23,2024,BANR,Banner Corp,16200.037,250.555,1774.326,13514.398,606.484,30.128,11354.656,3128.526,168.898,541.716,66.888,39.623
24,2024,BCAL,California BanCorp,4031.654,48.545,511.836,3398.76,88.035,13.004,3139.165,226.11,5.433,122.984,4.76,30.619
25,2024,BCBP,BCB Bancorp Inc,3599.118,28.229,323.925,2750.858,511.461,18.783,3031.048,135.461,18.623,92.021,2.94,44.708
26,2024,BCML,BayCom Corp,2664.508,38.906,324.366,2234.009,86.764,12.977,1952.896,227.406,23.614,91.141,6.377,9.467
27,2024,BCTF,Bancorp 34 Inc,918.095,12.939,86.515,792.567,31.971,5.244,676.092,90.3,1.689,29.298,5.558,4.703
28,2024,BFC,Bank First Corp,4495.06,40.901,639.683,3661.073,148.957,9.128,3517.168,356.46,65.563,137.8,19.646,9.237
29,2024,BFIN,BankFinancial Corp,1434.814,23.146,156.377,1217.541,42.25,25.115,895.157,368.02,4.073,48.441,5.789,18.325
30,2024,BFST,Business First Bancshares Inc,7857.09,103.532,799.466,6511.331,511.578,18.755,5981.399,934.649,65.107,227.383,44.193,30.536
31,2024,BHB,Bar Harbor Bankshares,4083.327,54.849,458.428,3267.688,299.841,5.528,3147.096,532.687,43.544,113.839,37.08,12.754
32,2024,BHLB,Berkshire Hills Bancorp Inc,12273.408,160.453,1167.424,10375.204,494.971,24.008,9384.994,1183.537,61.003,351.586,48.414,26.727
33,2024,BHRB,Burke & Herbert Financial Services Corp,7812.185,94.275,730.157,6515.239,494.091,3.744,5672.236,1465.93,35.708,225.785,36.166,41.151
34,2024,BK,Bank of New York Mellon Corp (The),416064,7130,41677,289524,46765,237,70967,137162,4530,4312,14307,179
35,2024,BKOR,Oak Ridge Financial Services Inc,663.682,10.256,62.99,531.315,62.122,0.457,514.292,107.815,5.673,23.737,3.263,3.493
36,2024,BKSC,Bank of South Carolina Corp,557.16,7.984,52.301,489.912,12.139,0.576,364.09,157.47,6.75,20.565,1.863,0.349
37,2024,BKU,BankUnited Inc,35241.742,315.604,2814.318,27865.703,3702.969,130.58,24297.98,9336.541,232.467,914.266,99.155,256.189
38,2024,BLFY,Blue Foundry Bancorp,2060.683,29.433,332.198,1343.32,364.668,6.711,1583.482,347.895,-11.911,37.55,1.794,5.104
39,2024,BMBN,Benchmark Bankshares Inc,1223.588,20.558,109.434,1102.894,1.234,2.119,996.451,103.197,15.853,48.477,10.132,3.816
40,2024,BMRC,Bank of Marin Bancorp,3701.335,44.683,435.407,3220.015,21.663,7.992,2083.256,1266.733,-8.409,94.66,-21.36,33.881
41,2024,BNCC,BNCCORP Inc,966.681,15.005,93.667,837.5,16.164,3.384,698.724,131.909,7.928,31.058,5.893,6.308
42,2024,BOH,Bank of Hawaii Corp,23601.114,232.564,1667.774,20633.037,747.068,11.747,13985.224,7373.16,149.994,466.58,172.529,19.3
43,2024,BOKF,BOK Financial Corp,49685.892,811.239,5550.957,38191.23,4702.843,148.344,24114.724,15292.879,523.569,1210.758,839.641,48.979
44,2024,BOTJ,Bank of the James Financial Group Inc,979.244,19.294,64.865,882.404,23.276,0.391,643.63,193.343,7.944,29.236,15.137,1.64
45,2024,BPOP,Popular Inc,73045.383,820.451,5613.066,64884.345,1302.465,438.027,35182.247,26206.829,614.212,2282.288,658.909,408.048
46,2024,BPRN,Princeton Bancorp Inc,2340.233,26.037,262.04,2032.625,22.941,6.708,1818.875,249.407,10.242,66.532,8.155,27.136
47,2024,BRBS,Blue Ridge Bankshares Inc,2737.26,58.161,327.788,2179.442,198.402,63.063,2111.797,355.549,-15.385,78.661,13.573,25.722
48,2024,BRKL,Brookline Bancorp Inc,11905.326,143.723,1221.939,8901.644,1564.631,45.324,9779.288,978.107,68.715,329.585,25.615,70.452
49,2024,BSBK,Bogota Financial Corp,971.49,8.75,137.289,642.188,182.953,12.8,714.337,149.11,-2.17,10.551,1.348,14
50,2024,BSRR,Sierra Bancorp,3614.271,50.338,357.302,2891.668,297.781,7.985,2331.434,976.157,40.56,120.029,31.521,19.668
51,2024,BUSE,First Busey Corp,12046.722,175.619,1383.269,9982.49,469.188,7.941,7697.087,2702.643,113.691,322.611,139.682,23.3
52,2024,BWB,Bridgewater Bancshares Inc,5066.242,39.564,457.935,4086.767,452.92,0.919,3861.713,787.544,32.825,102.193,7.368,0.301
53,2024,BWFG,Bankwell Financial Group Inc,3268.476,23.746,270.52,2787.57,171.498,49.207,2701.966,151.754,9.77,83.282,3.718,61.576
54,2024,BY,Byline Bancorp Inc,9496.529,140.119,1091.497,7458.628,774.652,65.307,6906.822,1453.618,120.759,348.046,58.851,67.246
55,2024,CAC,Camden National Corp,5805.138,64.073,531.231,4633.167,560.454,7.438,4115.259,1134.041,53.004,132.453,44.539,4.829
56,2024,CADE,Cadence Bank,47019.19,609.307,5569.683,40496.201,222.12,222.387,33741.755,7447.225,523.604,1436.215,356.51,270.446
57,2024,CARE,Carter Bankshares Inc,4659.189,57.908,384.313,4153.421,80.402,311.998,3624.826,734.928,24.523,114.457,21.368,260.008
58,2024,CARV,Carver Bancorp Inc,729.991,14.825,29.578,661.837,29.112,11.827,613.684,47.125,-13.744,19.151,3.086,24.647
59,2024,CASH,Pathward Financial Inc,7532.017,201.472,822.189,5875.085,436.376,57.976,4075.195,1813.63,183.219,497.825,299.587,43.033
60,2024,CATY,Cathay General Bancorp,23054.681,167.376,2845.704,19686.199,227.727,93.279,19365.414,1598.807,285.979,674.055,55.664,196.282
61,2024,CBAN,Colony Bankcorp Inc,3109.782,49.767,278.675,2567.943,249.358,10.657,1842.98,813.82,23.868,76.076,39.375,11.342
62,2024,CBCY,Central Bancompany Inc,19242.543,281.087,3110.661,14985.848,1038.795,22.708,11624.091,5655.718,305.81,687.324,210.39,39.689
63,2024,CBFV,CB Financial Services Inc,1481.564,18.821,147.378,1283.517,37.569,2.402,1092.626,262.153,12.594,46.068,5.494,1.789
64,2024,CBKM,Consumers Bancorp Inc,1097.089,14.416,63.685,972.98,44.525,0.228,759.114,273.423,8.58,31.992,4.896,0.858
65,2024,CBNK,Capital Bancorp Inc,3206.911,56.037,355.139,2761.939,39.934,16.042,2630.163,228.109,30.972,154.746,31.41,30.241
66,2024,CBSH,Commerce Bancshares Inc,31996.627,607.862,3332.475,25293.644,2957.989,7.582,17220.103,9424.346,526.331,1040.246,623.376,18.621
67,2024,CBU,Community Financial System Inc,16386.044,300.779,1762.835,13441.707,1047.812,55.732,10432.365,4218.386,182.481,449.117,297.186,76.168
68,2024,CCB,Coastal Financial Corp,4121.208,70.084,438.704,3585.332,53.282,53.839,3486.565,58.121,45.219,273.028,308.205,62.656
69,2024,CCBG,Capital City Bank Group,4324.932,100.721,495.317,3671.977,107.524,6.243,2651.55,972.899,52.915,158.938,75.976,6.669
70,2024,CCFN,Muncy Columbia Financial Corp,1595.958,19.027,166.41,1292.429,124.374,4.475,1125.937,331.698,19.023,50.465,10.375,10.117
71,2024,CCNE,CNB Financial Corp/PA,6192.01,74.536,610.695,5371.364,160.656,31.805,4608.956,825.785,54.575,187.469,39.114,59.485
72,2024,CEFC,Commercial National Financial Corp,566.643,8.678,50.53,498.507,14.949,0.939,395.651,82.075,5.863,18.675,2.407,1.557
73,2024,CFBK,CF Bankshares Inc,2065.523,14.172,168.437,1755.795,113.909,5.722,1739.493,22.601,13.387,46.644,5.175,14.719
74,2024,CFFI,C&F Financial Corp,2563.374,53.578,226.97,2170.86,133.038,1.944,1920.398,422.217,19.834,96.775,30.538,3.257
75,2024,CFFN,Capitol Federal Financial Inc,9527.608,52.272,1032.27,6129.982,2188.486,9.628,7930.373,957.441,38.01,162.061,5.244,10.147
76,2024,CFG,Citizens Financial Group Inc,217521,2611,24254,174776,13357,1378,139203,42294,1509,5633,2176,1677
77,2024,CFR,Cullen/Frost Bankers Inc,52520.259,743.84,3898.588,42722.748,4895.801,61.632,20754.813,18577.4,582.542,1604.612,459.098,92.966
78,2024,CHBH,Croghan Bancshares Inc,1150.795,17.87,124.291,944.102,75.199,0.639,734.699,316.752,10.058,35.428,7.309,0.715
79,2024,CHCO,City Holding Co,6459.459,76.363,730.664,5144.15,475.655,8.559,4274.776,1451.109,117.101,220.237,73.334,14.965
80,2024,CHMG,Chemung Financial Corp,2776.147,36.54,215.309,2396.883,118.518,10.738,2071.419,544.602,23.671,74.059,23.23,9.606
81,2024,CIVB,Civista Bancshares Inc,4098.469,61.821,388.502,3211.87,451.946,15.126,3081.23,680.84,31.683,116.71,37.748,32.627
82,2024,CIZN,Citizens Holding Co,1469.843,19.991,48.086,1071.351,335.571,5.826,764.866,559.877,5.49,34.622,12.035,7.154
83,2024,CLBK,Columbia Financial Inc,10475.493,109.489,1080.376,8096.149,1098.424,12.618,7916.928,1485.846,-11.653,177.982,1.894,23.035
84,2024,CLST,Catalyst Bancorp Inc,276.697,4.83,80.204,185.674,9.558,2.051,167.076,44.12,-3.089,9.545,-3.84,1.825
85,2024,CMA,Comerica Incorporated,79297,1352,6543,63811,7030,178,49817,15045,698,2190,1054,308
86,2024,CMTV,Community Bancorp/VT,1248.93,13.227,98.048,1001.645,138,6.955,928.589,162.327,12.764,34.631,7.182,8.338
87,2024,CNND,Canandaigua National Corp,5058.649,71.23,376.138,3999.41,632.277,14.437,3802.467,975.701,44.602,137.06,54.223,38.394
88,2024,CNOB,ConnectOne Bancorp Inc,9879.6,90.053,1241.704,7820.114,783.506,52.524,8274.81,673.388,73.793,247.337,16.728,57.31
89,2024,COFS,ChoiceOne Financial Services Inc,2723.243,33.408,260.415,2214.103,210.752,2.034,1545.64,896.123,26.727,74.442,17.995,4.177
90,2024,COLB,Columbia Banking System Inc,51576.397,588.83,5118.224,41720.732,3900.9,113.937,37680.901,8504.873,533.675,1718.402,210.966,169.559
91,2024,CPF,Central Pacific Financial Corp.,7472.096,85.941,538.385,6644.011,188.37,7.008,5332.852,1341.517,53.412,211.733,38.723,11.018
92,2024,CPKF,Chesapeake Financial Shares Inc,1524.646,32.156,111.744,1371.424,31.936,2.128,877.822,502.069,11.428,46.051,22.864,2.9
93,2024,CSBB,CSB Bancorp Inc/OH,1191.5,13.623,114.835,1044.887,27.145,0.396,737.641,331.529,10.012,36.853,7.102,1.719
94,2024,CSHX,Cashmere Valley Bank,2121.563,27.584,232.167,1837.953,36,2.095,962.369,849.608,28.159,63.179,20.557,3.399
95,2024,CTBI,Community Trust Bancorp Inc,6193.245,79.427,757.584,5070.189,320.186,15.584,4486.637,1069.458,82.813,185.995,62.565,30.333
96,2024,CUBI,Customers Bancorp Inc,22308.241,175.836,1836.683,18846.461,1447.811,27.209,14448.762,3107.845,181.469,654.404,60.434,55.807
97,2024,CVBF,CVB Financial Corp,15153.655,144.472,2186.316,11948.381,811.504,21.302,8470.318,4939.795,200.716,447.347,54.474,47.098
98,2024,CYFL,Century Financial Corp,467.219,7.949,57.099,401.47,5.124,1.02,231.929,137.507,9.004,19.509,5.655,2.238
99,2024,CZBC,Citizens Bancorp/OR,807.493,18.188,73.485,706.98,15.566,0.51,375.985,326.125,3.373,27.913,2.575,0.205
100,2024,CZBS,Citizens Bancshares Corp,799.902,10.153,186.266,599.989,1.177,7.71,418.196,259.273,12.877,34.967,4.604,12.336
101,2024,CZFS,Citizens Financial Services Inc,3025.724,39.347,299.734,2382.028,307.816,13.177,2313.242,427.659,27.818,86.455,15.401,28.612
102,2024,CZNC,Citizens & Northern Corp,2610.653,44.93,275.284,2093.909,210.82,18.845,1895.848,402.38,25.958,79.115,29.209,24.142
103,2024,CZWI,Citizens Community Bancorp Inc,1748.519,22.741,179.084,1488.148,67.682,15.368,1368.981,245.557,13.751,46.474,10.107,14.269
104,2024,DCOM,Dime Community Bancshares Inc,14353.258,136.114,1396.517,11686.141,979.318,29.099,10871.943,1397.138,29.084,318.054,-3.955,49.479
105,2024,DIMC,Dimeco Inc,1079.785,16.77,107.002,911.012,48.173,8.537,775.302,226.856,12.942,37.761,7.494,11.881
106,2024,EBC,Eastern Bankshares Inc,25557.88,287.627,3611.967,21291.619,175.801,52.557,17778.354,4448.178,119.561,607.597,123.917,135.82
107,2024,EBMT,Eagle Bancorp Montana Inc,2103.09,39.715,174.765,1681.228,201.089,8.426,1520.646,304.499,9.778,63.438,17.776,3.895
108,2024,ECBK,ECB Bancorp Inc,1418.153,13.062,168.268,998.533,235.2,1.213,1145.333,89.779,3.991,24.988,1.226,1.957
109,2024,EFSC,Enterprise Financial Services Corp,15596.431,182.713,1824.002,13146.492,463.522,49.464,11220.355,2863.989,185.266,568.096,69.703,46.642
110,2024,EFSI,Eagle Financial Services Inc,1866.215,30.059,118.987,1575.156,149.512,6.13,1467.049,128.887,15.343,51.227,21.557,2.586
111,2024,EGBN,Eagle Bancorp Inc,11129.508,87.768,1226.061,9131.078,623.08,66.632,7934.888,2257.814,-47.035,288.688,19.939,211.449
112,2024,EMYB,Embassy Bancorp Inc,1704.42,14.246,106.48,1552.959,26.538,0.366,1268.422,282.491,10.44,36.184,3.185,0.495
113,2024,ENBP,ENB Financial Corp,2219.831,34.043,130.984,1890.443,185.943,3.277,1427.269,636.929,15.317,56.741,18.13,11.887
114,2024,EQBK,Equity Bancshares Inc,5332.047,72.786,592.918,4374.789,316.397,26.457,3500.816,1037.547,62.621,186.162,38.822,34.675
115,2024,EQFN,Equitable Financial Corp,511.222,8.535,47.815,449.155,8.275,0.711,452.196,25.962,2.714,13.68,5.014,3.609
116,2024,ESQ,Esquire Financial Holdings Inc,1892.503,37.845,237.094,1642.236,3.497,11.009,1397.021,313.44,43.658,99.929,24.895,10.94
117,2024,EWBC,East West Bancorp Inc,75976.475,550.734,7723.054,63175.023,3625.237,114.015,53726.637,13929.483,1165.586,2278.716,335.218,194.095
118,2024,EXSR,Exchange Bank of Santa Rosa California,3300.488,42.678,280.809,2832.443,147.661,4.199,1618.579,1377.345,23.853,81.263,23.385,9.947
119,2024,FBAK,First National Bank Alaska,4997.767,68.668,516.562,3679.155,760.983,4.611,2469.935,1928.625,67.048,166.721,28.233,4.313
120,2024,FBIZ,First Business Financial Services Inc,3853.215,63.105,328.589,3107.14,327.975,20.844,3113.128,359.749,44.245,124.206,29.251,28.418
121,2024,FBK,FB Financial Corp,13157.482,183.813,1567.631,11210.434,236.813,86.483,9602.384,1570.757,116.035,416.503,39.07,121.915
122,2024,FBNC,First Bancorp/NC,12147.694,140.022,1445.611,10530.525,106.43,44.789,8094.676,2604.36,76.215,332.273,17.899,46.917
123,2024,FBP,First BanCorp (Puerto Rico),19292.921,235.695,1669.236,16871.298,627.501,125.906,12746.556,4934.304,298.724,807.479,130.722,118.252
124,2024,FBPI,First Bancorp of Indiana Inc,635.318,9.469,31.537,465.606,129.894,0.494,479.435,100.813,1.535,15.031,3.445,1.825
125,2024,FBSI,First Bancshares Inc,537.885,7.9,59.562,472.596,2.472,1.63,430.525,13.595,6.578,21.902,1.609,1.633
126,2024,FBTT,First Bankers Trustshares Inc,1179.236,15.876,67.454,997.641,109.548,10.684,629.511,409.496,4.182,24.672,8.452,10.228
127,2024,FCBC,First Community Bancshares Inc,3261.216,51.702,526.392,2691.247,1.421,19.652,2416.089,169.849,51.604,126.468,39.39,20.539
128,2024,FCCO,First Community Corp,1958.021,29.263,144.494,1675.901,120.72,0.864,1220.542,491.674,13.955,52.04,14.004,0.81
129,2024,FCF,First Commonwealth Financial Corp.,11584.936,149.287,1405.165,9678.019,387.778,40.918,8983.754,1584.216,142.572,378.892,99.231,63.143
130,2024,FCNCA,First Citizens BancShares Inc,223720,3078,22228,155229,37408,1031,140221,44237,2777,7143,2615,1248
131,2024,FDBC,Fidelity D & D Bancorp Inc,2584.616,28.843,203.969,2340.82,16.991,3.323,1798.802,561.182,20.794,61.865,19.013,7.805
132,2024,FDVA,Freedom Financial Holdings Inc,1090.487,14.86,81.439,909.532,87.025,13.21,767.898,236.253,4.71,25.258,4.815,13.686
133,2024,FFBB,FFB Bancorp,1504.128,24.952,168.392,1284.377,39.458,6.006,1066.879,331.077,34.147,70.042,31.948,9.894
134,2024,FFBC,First Financial Bancorp.,18570.261,304.389,2438.041,14329.138,1162.762,65.859,11761.778,3375.334,228.83,612.01,223.568,66.037
135,2024,FFDF,FFD Financial Corp,785.661,8.539,66.97,706.188,5.017,0.463,602.55,51.147,11.614,25.017,3.2,0.533
136,2024,FFIC,Flushing Financial Corp,9038.972,91.398,724.539,7178.933,962.497,46.153,6745.848,1587.486,-31.333,182.011,-57.445,51.318
137,2024,FFIN,First Financial Bankshares Inc,13979.418,153.296,1606.56,12099.174,197.019,35.096,7913.098,4617.759,223.511,426.741,123.989,63.096
138,2024,FFMH,First Farmers and Merchants Corp,1765.311,22.312,137.673,1603.621,2.523,1.407,998.818,615.233,16.035,45.061,13.829,1.344
139,2024,FFWM,First Foundation Inc,12645.265,83.917,1053.363,9870.279,1627.149,20.213,7941.393,2063.859,-92.407,182.644,-65.872,46.654
140,2024,FGBI,First Guaranty Bancshares Inc,3972.728,38.304,255.049,3476.26,213.523,41.724,2693.78,612.425,12.448,88.438,24.739,120.35
141,2024,FGFH,Foresight Financial Group Inc,1633.219,24.67,153.398,1400.703,61.732,16.045,1115.351,380.8,12.664,48.987,7.193,28.472
142,2024,FHB,First Hawaiian Inc,23828.186,235.565,2617.486,20322.216,313.02,18.595,14408.258,5738.566,230.129,622.738,185.803,20.679
143,2024,FHN,First Horizon Corp,82152,1137,9111,65581,4928,469,62565,9166,775,2511,679,608
144,2024,FIBK,First Interstate BancSystem Inc,29137.4,343.5,3304,23015.6,2386.7,127.8,17844.9,7922,226,821.6,178.1,145.6
145,2024,FINW,Finwise Bancorp,745.976,35.205,173.72,544.952,5.366,27.127,460.988,42.844,12.742,58.912,22.485,36.431
146,2024,FISI,Financial Institutions Inc,6117.085,66.126,568.984,5104.731,256.605,26.802,4479.204,1045.367,-41.646,163.589,-46.681,41.466
147,2024,FITB,Fifth Third Bancorp,212927,2763,19645,167252,19597,689,116603,51166,2314,5630,2849,860
148,2024,FIZN,First Citizens Bancshares Inc,2506.201,30.742,182.689,2150.728,152.214,1.845,1484.274,732.077,17.482,54.823,17.3,3.263
149,2024,FKYS,First Keystone Corp,1428.583,17.228,106.782,1045.88,267.346,5.681,947.714,400.859,-13.203,32.279,6.697,4.97
150,2024,FLG,Flagstar Financial Inc,100160,1263,8168,75870,14889,442,68272,11562,-1118,2152,400,2629
151,2024,FMAO,Farmers & Merchants Bancorp Inc,3364.723,38.711,335.211,2686.765,314.495,22.353,2561.869,440.956,25.938,85.912,15.621,3.124
152,2024,FMBH,First Mid Bancshares Inc,7519.734,124.134,846.391,6057.096,572.584,21.292,5665.848,1070.01,78.898,228.728,96.286,32.03
153,2024,FMBM,F & M Bank Corp,1302.011,18.359,86.138,1195.105,7.564,6.524,839.949,330.539,7.285,33.932,10.766,7.154
154,2024,FMCB,Farmers & Merchants Bancorp,5370.196,72.472,573.072,4699.139,12.584,0.873,3678.388,1248.956,88.457,206.676,20.7,1.802
155,2024,FMNB,Farmers National Banc Corp/OH,5118.924,58.925,406.028,4266.779,401.092,15.229,3268.346,1311.958,45.949,128.368,41.716,22.851
156,2024,FNB,F.N.B. Corp,48625,504.101,6302,37107,4545.7,110,33939,7775,465.332,1280.443,316.395,162
157,2024,FNFI,First Niles Financial Inc,156.381,4.905,14.167,83.581,57.214,0.437,104.341,19.202,0.863,3.004,4.995,0.913
158,2024,FNLC,First Bancorp Inc/ME (The),3157.01,24.23,252.493,2725.251,146.843,2.178,2340.94,651.587,27.045,63.91,16.355,4.421
159,2024,FNRN,First Northern Community Bancorp,1891.722,23.85,176.332,1700.089,3.645,8.334,1062.737,644.371,20.034,64.36,6.019,11.212
160,2024,FNWB,First Northwest Bancorp,2232.006,32.665,153.882,1688.026,353.549,18.644,1695.635,354.779,-6.613,56.32,12.614,30.515
161,2024,FNWD,Finward Bancorp,2060.699,27.737,151.414,1760.566,120.12,12.879,1508.976,340.101,12.13,48.447,22.647,15.157
162,2024,FOTB,First Ottawa Bancshares Inc,1718.09,20.577,105.212,1512.951,91.279,4.908,1449.832,186.927,19.006,55.97,6.297,7.8
163,2024,FRAF,Franklin Financial Services Corp,2197.841,32.752,144.716,1815.647,223.962,0.147,1398.077,517.545,11.099,57.514,13.679,0.268
164,2024,FRBA,First Bank,3780.346,40.693,409.156,3055.896,286.779,24.989,3144.266,152.351,42.244,122.546,7.308,17.314
165,2024,FRFC,First Robinson Financial Corp,477.636,7.06,32.331,395.691,44.825,1.465,260.181,154.911,3.66,12.434,3.249,1.231
166,2024,FRME,First Merchants Corp,18311.969,221.167,2304.983,14521.626,1182.058,58.411,12854.359,3502.385,201.402,521.114,125.58,78.721
167,2024,FRST,Primis Financial Corp,3690.115,66.615,364.982,3171.035,128.557,10.809,2887.447,258.388,-16.205,104.222,43.14,16.739
168,2024,FSBC,Five Star Bancorp,4053.278,31.709,396.624,3557.994,80.752,1.965,3532.686,124.803,45.671,119.711,6.453,1.885
169,2024,FSBW,FS Bancorp Inc,3029.177,55.092,295.767,2339.418,362.956,10.952,2533.821,305.251,35.024,123.105,21.556,13.601
170,2024,FSFG,First Savings Financial Group Inc,2450.368,31.986,177.115,1880.881,354.376,15.688,1985.146,274.705,13.592,58.062,12.53,17.386
171,2024,FULT,Fulton Financial Corp,32071.81,432.821,3197.325,26129.433,1936.224,154.237,24044.919,4946.042,288.743,960.325,275.731,222.695
172,2024,FUNC,First United Corp,1973.022,28.029,179.295,1574.829,187.722,8.992,1480.351,275.759,20.569,59.978,19.825,11.713
173,2024,FUSB,First US Bancshares Inc,1101.086,15.46,98.624,972.557,22.844,3.002,823.039,169.826,8.17,36.149,3.583,5.458
174,2024,FVCB,FVCBankcorp Inc,2198.95,18.752,235.354,1870.605,76.333,1.829,1870.235,164.926,15.064,55.589,2.534,12.86
175,2024,FXNC,First National Corp/VA,2010.281,25.134,166.531,1803.778,32.476,6.763,1466.595,277.329,6.966,52.452,16.38,7.024
176,2024,GABC,German American Bancorp Inc,6295.91,82.257,715.067,5329.075,214.615,9.191,4124.902,1532.063,83.811,190.591,62.66,11.122
177,2024,GBCI,Glacier Bancorp Inc,27902.987,336.906,3223.854,20546.994,3815.2,25.631,17261.849,7639.721,190.144,704.632,128.446,27.786
178,2024,GCBC,Greene County Bancorp Inc,2825.788,23.836,206,2389.222,201.296,5.76,1499.473,1047.979,24.769,50.979,13.908,3.728
179,2024,GLBZ,Glen Burnie Bancorp,358.956,6.58,17.817,309.189,30.064,0.527,205.219,109.62,-0.112,10.941,1.157,0.36
180,2024,GNTY,Guaranty Bancshares Inc,3115.554,46.794,319.074,2692.167,85.293,5.826,2130.855,675.036,31.537,97.879,20.737,4.935
181,2024,GSBC,Great Southern Bancorp Inc,5981.628,78.599,599.568,4605.549,685.962,11.771,4755.153,749.198,61.807,189.143,30.565,9.566
182,2024,HAFC,Hanmi Financial Corp,7677.925,83.368,732.174,6435.776,432.938,15.591,6251.377,922.183,62.201,202.774,31.585,14.389
183,2024,HARL,Harleysville Financial Corp,862.988,9.503,86.686,665.387,104.967,3.025,683.964,139.579,8.86,25.318,2.591,2.202
184,2024,HBAN,Huntington Bancshares Inc,204230,2701,19782,162448,16953,711,124588,44464,1940,5345,2040,822
185,2024,HBC2,HSBC USA Inc,170731,567,12489,123350,28069,610,62753,42735,825,1767,2030,879
186,2024,HBCP,Home Bancorp Inc,3443.668,51.33,396.088,2780.696,246.281,10.389,2718.185,403.857,36.427,120.262,14.625,15.608
187,2024,HBIA,Hills Bancorporation,4588.242,44.548,540.944,3346.133,675.656,40.344,3438.461,972.16,47.604,115.823,26.821,34.53
188,2024,HBNC,Horizon Bancorp Inc,7801.146,88.244,763.582,5600.652,1345.467,21.78,4847.04,2155.193,35.429,188.604,2.971,27.382
189,2024,HBT,HBT Financial Inc,5032.902,76.441,544.605,4318.254,134.602,8.709,3466.146,1208.937,71.78,188.85,35.571,8.023
190,2024,HFBK,Harford Bank (Alberdeen MD),713.432,9.645,65.032,643.357,1.305,6.522,499.547,101.109,6.964,22.804,2.028,6.619
191,2024,HFBL,Home Federal Bancorp/LA,637.512,9.524,52.803,574.007,7.861,1.596,475.426,95.953,3.593,18.951,1.584,1.937
192,2024,HFWA,Heritage Financial Corp,7106.278,98.527,863.527,5684.613,429.978,5.761,4802.123,1489.217,43.258,209.364,7.473,5.274
193,2024,HIFS,Hingham Institution for Savings,4457.771,16.91,431.755,2492.095,1497.741,1.477,3900.642,180.859,28.191,44.374,21.479,1.521
194,2024,HLFN,Home Loan Financial Corp,330.606,4.762,38.936,244.916,42.805,0.984,297.756,13.597,5.478,13.694,1.375,0.515
195,2024,HNVR,Hanover Bancorp Inc,2312.11,25.6,196.638,1954.283,141.519,15.061,1985.524,95.398,12.346,53.092,15.339,16.368
196,2024,HOMB,Home Bancshares Inc,22490.748,241.022,3961.025,17146.297,1247.537,95.372,14764.5,4347.843,402.241,848.774,168.574,142.357
197,2024,HONE,HarborOne Bancorp Inc,5753.133,74.016,575.011,4550.753,539.238,17.582,4852.499,306.808,27.407,125.652,46.917,29.473
198,2024,HONT,Honat Bancorp Inc,1042.585,15.361,133.572,891.415,1.078,1.15,781.634,180.453,13.001,36.186,5.455,1.372
199,2024,HOPE,Hope Bancorp Inc,17054.008,177.86,2134.505,14327.489,392.643,45.528,13618.272,2132.824,99.63,427.851,47.077,90.793
200,2024,HTB,HomeTrust Bancshares Inc,4595.43,67.9,551.758,3779.203,207.677,8.315,3648.299,180.758,54.805,168.675,33.449,27.667
201,2024,HTBK,Heritage Commerce Corp,5645.006,63.952,689.727,4820.031,70.219,7.707,3491.937,878.846,40.528,163.648,8.748,7.667
202,2024,HWBK,Hawthorn Bancshares Inc,1825.185,26.578,149.547,1533.182,132.689,14.107,1466.16,223.801,18.256,58.593,14.316,6.196
203,2024,HWC,Hancock Whitney Corp,35081.785,469.377,4127.636,29492.851,967.376,62.664,23299.447,7609.112,460.815,1081.921,364.129,125.132
204,2024,IBCP,Independent Bank Corp,5338.104,84.955,454.686,4654.088,130.729,5.801,4038.825,914.717,66.79,166.248,56.362,6.94
205,2024,IBOC,International Bancshares Corp,15738.852,145.944,2796.707,12111.844,654.731,74.134,8809.826,5354.445,409.167,656.719,176.922,197.687
206,2024,INBC,InBankshares Corp,1315.519,22.134,132.097,1129.209,47.297,2.53,914.508,303.027,10.243,44.531,10.71,11.574
207,2024,INBK,First Internet Bancorp,5737.859,51.756,384.063,4933.206,400.15,10.354,4170.646,865.501,25.276,87.377,47.345,28.905
208,2024,INDB,Independent Bank Corp,19373.565,233.653,2993.12,15305.978,757.905,54.493,14508.378,2738.677,192.081,561.729,128.014,101.529
209,2024,IROQ,IF Bancorp Inc,887.745,12.012,73.916,727.177,76.021,0.148,646.796,194.974,1.79,17.729,4.386,0.173
210,2024,ISBA,Isabella Bank Corp,2086.241,28.576,210.276,1747.06,112.991,1.487,1423.571,501.791,13.889,55.835,14.576,0.845
211,2024,ISTR,Investar Holding Corp,2722.812,38.615,241.296,2345.944,103.121,10.238,2125.084,392.903,20.252,69.753,14.205,14.044
212,2024,JDVB,JD Bancshares Inc,1196.69,21.338,82.503,1026.877,80.454,12.134,726.031,350.162,13.633,43.819,11.144,7.614
213,2024,JFBC,Jeffersonville Bancorp,629.248,10.16,91.165,530.578,0.263,2.817,339.732,186.142,11.33,27.305,3.766,1.718
214,2024,JPM,JPMorgan Chase & Co,4002814,51357,344758,2406032,760046,7597,1340940,900866,58471,92583,84973,9300
215,2024,JUVF,Juniata Valley Financial Corp,848.874,11.47,47.457,747.957,47.505,4.952,533.869,259.969,6.229,22.929,5.825,0.496
216,2024,KEY,KeyCorp,187168,2714,18176,149760,14755,591,101524,46143,-161,3765,809,772
217,2024,KFFB,Kentucky First Federal Bancorp,374.968,4.989,47.997,256.139,68.988,4.771,335.152,14.091,-1.721,6.994,0.251,3.906
218,2024,KISB,Kish Bancorp Inc,1692.55,25.518,106.111,1298.07,257.846,0.56,1424,171.442,14.52,49.03,12.523,0.722
219,2024,KRNY,Kearny Financial Corp,7683.461,69.22,753.571,5158.123,1725.111,55.583,5732.787,1288.875,-86.667,142.594,-1.993,39.882
220,2024,KSBI,KS Bancorp Inc,690.849,10.066,45.303,618.156,22.392,0.892,558.779,96.415,6.157,22.202,3.488,0.782
221,2024,LARK,Landmark Bancorp Inc,1574.142,23.103,136.215,1328.766,88.505,3.319,1052.046,382.802,13.003,45.724,14.744,13.282
222,2024,LCNB,LCNB Corp,2307.394,35.17,253.036,1878.292,161.268,0.152,1721.812,306.795,13.492,60.795,20.404,4.618
223,2024,LFGP,Ledyard Financial Group Inc,950.467,18.09,56.537,807.763,74.299,1.295,579.723,270.664,3.261,18.498,16.079,1.254
224,2024,LKFN,Lakeland Financial Corp,6678.374,66.728,683.911,5900.966,6.777,16.096,5117.948,1144.414,93.478,196.679,56.844,56.886
225,2024,LOB,Live Oak Bancshares Inc,12943.38,183.268,1003.496,11760.494,115.588,141.444,10233.374,1256.003,77.474,375.905,123.781,306.241
226,2024,LSBK,Lake Shore Bancorp Inc,685.504,11.452,89.868,572.978,11.572,3.381,549.72,57.652,4.931,21.063,3.304,3.804
227,2024,MBCN,Middlefield Banc Corp,1853.359,24.641,210.562,1445.693,184.466,10.877,1519.614,166.657,15.519,60.68,7.213,29.984
228,2024,MBIN,Merchants Bancorp,18805.732,130.723,2243.31,11919.976,4395.425,82.015,10438.388,2862.54,320.386,522.62,148.112,287.931
229,2024,MBKL,MBT Bancshares Inc,612.276,9.689,44.423,529.148,35.498,2.177,450.262,129.016,5.94,20.923,4.289,2.032
230,2024,MBWM,Mercantile Bank Corp,6052.161,77.924,584.526,4698.366,652.666,3.615,4600.781,751.865,79.593,191.086,40.389,5.743
231,2024,MCB,Metropolitan Bank Holding Corp,7300.749,77.859,729.827,5982.973,529.971,51.897,6034.076,946.387,66.686,253.084,23.829,32.6
232,2024,MCBK,Madison County Financial Inc,622.248,5.961,95.183,459.462,60.3,0.82,469.665,119.889,3.817,11.393,2.484,0.745
233,2024,MCBS,Metrocity Bankshares Inc,3594.045,33.207,421.353,2736.798,382.94,38.381,3157.935,47.942,64.504,118.146,23.063,18.437
234,2024,MCHB,Mechanics Bancorp,16490.112,191.173,2301.868,13941.804,56.094,56.047,9643.497,4522.995,28.999,519.169,-139.12,26.293
235,2024,MFBP,M&F Bancorp Inc,525.006,9.501,128.073,390.764,1.156,0.805,284.027,180.847,4.77,19.728,4.435,2.206
236,2024,MFGI,Merchants Financial Group Inc,2782.107,41.146,275.72,2423.758,55.311,10.587,2114.775,324.603,18.539,80.697,31.729,13.462
237,2024,MGYR,Magyar Bancorp Inc,951.918,11.823,110.548,796.674,30.981,5.412,780.162,97.781,7.783,27.974,3.613,3.957
238,2024,MNSB,MainStreet Bancshares Inc,2228.098,30.475,207.991,1907.794,79.513,1.004,1830.006,102.448,-9.98,62.574,3.252,21.65
239,2024,MOFG,MidWestOne Financial Group Inc,6236.329,82.228,559.696,5477.982,118.741,30.288,4315.627,1333.589,-60.289,157.537,-88.247,25.184
240,2024,MPB,Mid Penn Bancorp Inc,5470.936,64.098,655.018,4689.927,79.436,14.509,4443.07,650.813,49.437,156.671,22.493,22.654
241,2024,MRBK,Meridian Corp,2385.867,47.268,171.522,2005.368,181.24,35.466,2030.437,217.914,16.346,70.996,41.339,45.284
242,2024,MSBC,Mission Bancorp/CA,1875.856,21.236,189.486,1649.325,24.675,0.35,1290.802,244.922,30.142,71.132,7.228,1.062
243,2024,MSBI,Midland States Bancorp Inc,7506.809,93.639,710.847,6197.243,484.565,67.701,5167.574,1246.089,38.044,236.346,138.741,157.409
244,2024,MTB,M&T Bank Corp,208105,3162,29027,161095,14342,2205,132914,34051,2588,6852,2427,1725
245,2024,MVBF,MVB Financial Corp,3128.704,67.955,305.791,2693.615,104.623,9.092,2100.131,454.223,20.091,109.198,42.913,27.434
246,2024,MYFW,First Western Financial Inc,2919.037,45.04,252.322,2514.209,130.562,50.816,2425.565,81.588,8.473,64.324,27.68,48.681
247,2024,NASB,NASB Financial Inc,2860.399,30.347,413.204,1729.642,687.649,23.424,2135.851,362.668,28.257,77.939,6.103,23.739
248,2024,NBHC,National Bank Holdings Corp,9807.693,146.243,1305.075,8237.893,152.344,32.316,7751.143,1137.117,118.815,345.388,61.231,36.656
249,2024,NBN,Northeast Bank,3132.203,41.613,376.634,2339.463,365.442,15.683,2746.651,71.742,58.231,148.572,5.88,28.261
250,2024,NBTB,NBT Bancorp Inc,13786.666,232.487,1526.141,11546.761,445.326,37.874,9969.91,2493.914,140.641,400.122,176.824,51.799
251,2024,NECB,Northeast Community Bancorp Inc,2009.581,20.942,318.341,1670.375,4.717,5.841,1812.598,37.007,47.074,102.792,2.783,5.12
252,2024,NEFB,Neffs Bancorp Inc,457.47,4.574,67.272,368.521,18.4,0.161,238.636,208.169,2.243,9.816,0.334,0.116
253,2024,NFBK,Northfield Bancorp Inc,5666.378,49.338,704.696,4138.477,760.053,11.433,4022.224,1160.275,29.945,114.485,16.822,20.347
254,2024,NIC,Nicolet Bankshares Inc,8796.795,108.414,1172.898,7403.684,170.285,27.892,6626.584,867.56,124.059,268.065,82.267,29.112
255,2024,NIDB,Northeast Indiana Bancorp Inc,522.324,6.459,48.277,428.94,41,6.941,397.334,89.227,4.306,15.167,3.569,5.959
256,2024,NKSH,National Bankshares Inc,1811.636,19.214,156.409,1644.752,1.523,2.629,987.95,603.746,7.623,36.397,8.96,2.222
257,2024,NRIM,Northrim BanCorp Inc,3041.869,67.847,267.116,2680.189,40.842,5.81,2129.263,529.417,36.971,113.183,42.041,11.598
258,2024,NTRS,Northern Trust Corp,155508.4,2888.9,12788.4,122482.7,16642.3,65.1,43390.6,51291.7,2031.1,2177.1,6113.3,56
259,2024,NWBI,Northwest Bancshares Inc,14408.224,214.455,1596.856,12144.554,494.676,97.186,11180.014,1880.536,100.278,435.578,87.01,78.194
260,2024,NWFL,Norwood Financial Corp.,2317.462,25.018,213.508,1859.163,218.753,7.719,1713.638,411.212,-0.16,62.191,-11.151,7.874
261,2024,NWPP,New Peoples Bankshares Inc,854.925,14.508,70.741,749.982,28.399,3.691,657.536,95.984,8.204,28.521,11.254,3.387
262,2024,OBK,Origin Bancorp Inc,9678.702,148.823,1145.245,8223.12,230.334,34.044,7573.713,1191.778,76.492,300.366,55.379,78.637
263,2024,OBT,Orange County Bancorp Inc,2509.927,36.413,185.531,2153.359,146.786,4.427,1815.751,453.491,27.883,91.766,15.972,6.299
264,2024,OCFC,OceanFirst Financial Corp.,13421.247,138.341,1702.757,10066.342,1349.259,29.548,10129.036,2066.113,100.065,334.035,50.187,37.338
265,2024,OFED,Oconee Federal Financial Corp,665.603,6.653,78.771,526.987,55.95,1.124,473.004,133.572,6.255,12.302,6.632,1.178
266,2024,OFG,OFG Bancorp,11500.734,159.71,1254.371,9604.786,422.562,100.021,7791.962,2720.259,198.17,588.44,123.249,93.58
267,2024,ONB,Old National Bancorp,53552.272,603.095,6340.35,40823.56,5611.605,284.255,36165.287,10884.041,539.188,1530.783,354.697,452.273
268,2024,OPBK,OP Bancorp,2366.013,31.717,204.993,2027.285,102.857,8.082,1956.852,202.346,21.069,65.608,16.427,25.357
269,2024,ORBN,Oregon Bancorp Inc,470.024,14.862,73.479,332.869,57.092,0.443,300.985,101.009,3.378,15.741,12.193,0.958
270,2024,ORPB,Oregon Pacific Bancorp,776.449,14.337,65.291,676.618,28.312,0.443,571.565,157.192,7.521,26.936,7.94,0.798
271,2024,ORRF,Orrstown Financial Services Inc,5441.589,76.581,516.682,4623.096,224.177,25.527,3931.214,849.943,22.05,155.254,37.435,24.249
272,2024,OSBC,Old Second Bancorp Inc,5649.377,98.025,671.034,4768.731,141.897,73.902,3981.336,1181.142,85.264,241.635,43.819,51.904
273,2024,OTTW,Ottawa Bancorp Inc,353.651,4.729,40.2,282.808,23.631,4.8,306.018,16.821,0.778,8.932,0.612,4.834
274,2024,OVBC,Ohio Valley Banc Corp.,1503.412,27.782,150.328,1275.178,49.264,2.511,1061.825,280.176,10.999,48.804,13.171,4.933
275,2024,OZK,Bank OZK,38258.852,296.016,5706.194,31043.072,947.025,128.397,29968.867,2876.08,716.456,1533.724,124.413,200.875
276,2024,PB,Prosperity Bancshares Inc,39566.738,352.353,7438.495,28381.338,3463.896,72.667,22138.519,11232.624,479.386,1026.495,165.809,81.541
277,2024,PBBK,PB Bankshares Inc,451.317,5.375,48.658,354.19,43.996,1.421,349.169,53.229,1.772,11.094,1.313,1.122
278,2024,PBCO,PBCO Financial Corp,798.897,12.981,87.62,673.794,28.592,0.939,546.599,133.065,8.089,28.642,4.261,0.944
279,2024,PBHC,Pathfinder Bancorp Inc,1474.874,17.81,121.483,1204.524,136.511,17.378,918.986,436.68,3.383,40.989,9.561,22.084
280,2024,PCB,PCB Bancorp,3063.971,35.661,363.814,2615.791,33.671,6.474,2629.387,160.391,25.81,88.617,11.093,4.693
281,2024,PDLB,Ponce Financial Group Inc,3039.938,30.91,505.5,1884.864,626.796,12.726,2309.101,502.09,10.972,76.48,7.213,27.345
282,2024,PEBK,Peoples Bancorp of North Carolina Inc.,1651.962,28.209,130.563,1484.731,19.6,3.887,1138.404,390.731,16.353,54.079,27.715,4.809
283,2024,PEBO,Peoples Bancorp Inc,9254.247,150.041,1111.59,7590.205,442.515,39.367,6358.003,1918.487,117.205,348.701,99.366,48.936
284,2024,PFBC,Preferred Bank of Los Angeles,6923.429,53.648,763.152,5916.848,165.459,45.435,5631.381,383.727,130.662,272.628,13.565,52.842
285,2024,PFIS,Peoples Financial Services Corp,5091.657,45.746,468.95,4407.552,168.292,4.948,3993.505,617.163,8.498,115.989,18.336,23.722
286,2024,PFLC,Pacific Financial Corp,1153.563,24.944,113.856,1014.731,17.443,0.664,704.248,306.191,9.532,44.223,6.869,1.094
287,2024,PFS,Provident Financial Services Inc,24051.825,218.341,2601.207,18666.06,2487.269,61.29,18659.37,3228.415,115.525,600.614,94.113,81.534
288,2024,PGC,Peapack-Gladstone Financial Corp,7011.238,122.325,605.849,6129.022,178.478,61.324,5512.326,911.593,32.988,149.006,79.122,100.168
289,2024,PKBK,Parke Bancorp Inc,2142.236,12.768,300.073,1631.05,190.512,8.788,1868.153,23.379,27.512,58.708,4.301,13.335
290,2024,PLBC,Plumas Bancorp,1623.326,21.744,177.9,1371.101,61.832,5.315,1018.571,437.735,28.619,73.691,8.78,4.307
291,2024,PNBK,Patriot National Bancorp Inc,1012.292,17.896,4.265,966.597,34.625,21.311,707.472,86.598,-39.882,20.077,8.362,28.714
292,2024,PNC,The PNC Financial Services Group Inc,560038,7302,54469,426738,63543,2216,309712,139732,5889,13499,8056,2357
293,2024,PNFP,Pinnacle Financial Partners Inc,52589.449,621.031,6431.881,42842.992,2835.203,86.635,35485.776,8381.268,475.056,1365.59,371.178,149.103
294,2024,PPBN,Pinnacle Bankshares Corp,1043.994,16.362,78.386,950.919,11.268,1.557,711.108,177.438,9.178,35.448,7.879,1.582
295,2024,PRK,Park National Corp,9805.35,189.035,1243.848,8143.526,296.588,62.101,7817.128,1100.861,151.42,398.019,122.588,70.87
296,2024,PROV,Provident Financial Holdings Inc,1272.2,17.642,129.941,888.348,239.907,1.3,1060.044,142.008,7.351,34.923,3.941,2.596
297,2024,PSBQ,PSB Holdings Inc/WI,1465.956,19.752,116.286,1147.349,187.408,5.94,1090.546,287.441,10.289,38.983,6.07,10.413
298,2024,PVBC,Provident Bancorp Inc,1593.17,29.668,231.087,1308.96,48.425,16.517,1326.595,28.39,7.271,50.491,5.912,20.887
299,2024,PVBK,Pacific Valley Bancorp,655.647,7.578,56.379,579.52,17.818,0.107,485.992,27.7,4.423,17.427,1.478,0.168
300,2024,QCRH,QCR Holdings Inc,9026.03,128.186,997.387,7061.187,572.832,34.186,6782.261,1152.318,113.85,231.788,115.529,45.554
301,2024,QNBC,QNB Corp,1870.894,19.741,103.349,1628.541,125.838,1.94,1216.048,551.995,11.448,42.862,6.913,1.975
302,2024,QNTO,Quaint Oak Bancorp Inc,685.168,14.636,52.617,553.252,69.855,0.452,539.511,3.88,2.795,17.817,8.156,5.7
303,2024,RBB,RBB Bancorp,3992.477,39.395,507.877,3083.789,364.39,31.619,3053.23,440.381,26.665,99.364,15.335,81.038
304,2024,RBCAA,Republic Bancorp Inc,6846.667,118.65,992.029,5210.546,535.439,21.988,5439.466,620.104,101.371,312.154,72.65,23.92
305,2024,RBKB,Rhinebeck Bancorp Inc,1255.765,20.372,121.833,1030.208,82.314,4.206,980.318,163.907,-8.62,38.231,-9.52,4.134
306,2024,RF,Regions Financial Corp,157302,2529,17910,127603,7020,823,96727,32102,1893,4818,2265,942
307,2024,RMBI,Richmond Mutual Bancorporation Inc,1504.875,18.348,132.872,1093.94,265.404,8.135,1174.67,275.597,9.377,38.707,4.758,6.814
308,2024,RNST,Renasant Corp,18034.868,283.768,2678.318,14572.612,588.017,78.992,12885.02,1957.125,195.457,512.196,203.66,121.948
309,2024,RRBI,Red River Bancshares Inc,3149.594,38.623,319.739,2805.106,2.864,2.602,2075.013,687.209,34.235,89.294,20.441,3.272
310,2024,RVSB,Riverview Bancorp Inc,1513.323,26.099,160.014,1232.328,105.59,0.178,1062.46,326.857,4.903,36.344,14.256,0.155
311,2024,SBCF,Seacoast Banking Corp of Florida,15176.308,190.569,2183.243,12242.427,628.754,72.664,10299.95,2939.029,120.986,431.971,83.428,98.867
312,2024,SBFG,SB Financial Group Inc,1379.517,23.603,127.508,1152.605,75.585,3.329,1046.735,206.81,11.47,39.922,17.017,5.516
313,2024,SBKO,Summit Bank Group Inc,1254.851,20.058,108.728,1113.884,23.205,2.308,1047.922,45.559,11.306,50.937,1.046,2.456
314,2024,SBNC,Southern Bancshares NC Inc,5385.584,62.646,603.651,4443.927,274.869,7.488,3248.926,1690.362,157.824,125.488,178.961,6.008
315,2024,SBSI,Southside Bancshares Inc,8517.448,90.29,811.942,6654.248,976.447,4.001,4661.597,2856.413,88.494,216.127,41.733,3.589
316,2024,SFBC,Sound Financial Bancorp Inc,993.633,17.59,103.666,837.799,40.772,4.131,900.171,11.65,4.64,31.002,4.655,7.491
317,2024,SFBS,ServisFirst Bancshares Inc,17351.643,96.318,1616.772,13543.459,2085.524,22.528,12605.836,1887.553,227.242,446.659,35.056,44.997
318,2024,SFDL,Security Federal Corp,1611.773,21.799,182.389,1324.033,93.923,6.825,700.444,661.912,9.807,41.827,10.247,7.636
319,2024,SFIGA,Star Financial Group Inc,2975.885,44.878,211.651,2603.176,135.31,4.33,1713.337,1021.636,23.708,83.678,30.412,3.97
320,2024,SFNC,Simmons First National Corp,26876.049,284.124,3528.872,21885.75,1218.093,90.271,17005.937,6166.062,152.693,628.465,147.171,121.229
321,2024,SFST,Southern First Bankshares Inc,4087.593,43.546,330.444,3435.765,288.129,3.963,3631.767,151.617,15.53,81.222,12.141,10.877
322,2024,SHBI,Shore Bancshares Inc,6230.763,66.579,541.066,5528.336,135.561,13.701,4771.988,656.356,43.889,170.549,31.147,24.796
323,2024,SLBK,Skyline Bankshares Inc,1217.599,17.77,88.668,1092.203,30.776,1.731,984.459,122.321,7.425,39.47,7.285,2.703
324,2024,SMBC,Southern Missouri Bancorp Inc,4604.316,53.253,488.748,3952.457,131.875,11.29,3849.803,445.705,50.182,139.483,24.844,10.568
325,2024,SMBK,SmartFinancial Inc,5275.904,72.1,491.461,4686.483,60.291,9.735,3906.34,623.727,36.141,137.35,34.152,10.088
326,2024,SNV,Synovus Financial Corp.,60233.644,737.467,5266.251,51095.359,1864.837,288.177,42609.028,10296.861,482.46,1749.577,239.604,309.549
327,2024,SOMC,Southern Michigan Bancorp Inc,1496.555,22.388,107.223,1251.795,122.471,0.889,1116.434,219.774,10.402,41.087,8.491,0.914
328,2024,SOME,Somerset Trust Holding Co,2315.592,36.821,151.249,1881.406,264.349,9.691,1522.856,608.647,24.489,80.531,17.669,20.244
329,2024,SPFI,South Plains Financial Inc,4232.239,74.338,438.949,3620.876,119.26,6.09,3055.054,577.24,49.717,147.098,48.072,24.553
330,2024,SRCE,1st Source Corp,8931.938,121.909,1181.506,7230.035,366.268,24.235,6854.808,1560.154,132.623,300.817,86.307,31.334
331,2024,SSB,SouthState Bank Corp,46381.204,606.869,5890.415,38060.866,1010.306,184.124,33902.927,6795.313,534.783,1415.454,302.262,213.354
332,2024,SSBI,Summit State Bank,1067.094,15.639,91.723,962.562,7.223,44.206,918.768,74.117,-4.193,29.476,3.459,32.191
333,2024,STBA,S&T Bancorp Inc,9657.972,121.99,1380.294,7783.117,297.167,23.022,7742.958,1002.822,131.265,334.806,49.083,27.945
334,2024,STD2,Santander Holdings USA Inc,165248.75,2145.506,17675.527,78114.605,60871.277,3175.729,87304.499,18596.554,1077.399,5577.558,3604.667,3318.747
335,2024,STEL,Stellar Bancorp Inc,10905.79,165.357,1607.86,9128.384,88.378,39.191,7439.854,1681.225,115.003,407.992,23.046,38.92
336,2024,SYBT,Stock Yards Bancorp Inc,8863.419,121.11,940.476,7166.401,527.492,19.178,6520.402,1381.888,114.539,257.04,95.23,22.224
337,2024,TBBK,Bancorp Inc (The),8727.543,131.597,789.783,7746.046,123.696,30.218,6113.628,1518.502,217.54,376.241,157.514,95.789
338,2024,TCBI,Texas Capital Bancshares Inc,30731.883,466.578,3367.936,25238.599,1770.553,81.398,22450.066,4396.115,77.508,901.3,31.046,111.165
339,2024,TCBK,TriCo Bancshares,9673.728,140.581,1220.907,8087.576,216.238,34.595,6768.523,2036.61,114.868,331.434,64.407,46.882
340,2024,TCBS,Texas Community Bancshares Inc,443.457,6.84,52.108,335.828,49.878,1.342,295.638,101.537,-1.305,12.55,-1.903,2.74
341,2024,TCBX,Third Coast Bancshares Inc,4942.446,65.116,460.719,4310.498,132.534,17.319,3966.425,400.005,47.671,160.758,10.621,28.808
342,2024,TECTP,Tectonic Financial Inc,863.38,37.022,113.429,711.147,23.973,2.57,669.367,47.208,13.935,32.016,45.072,15.938
343,2024,TFC,Truist Financial Corp,531176,6506,63679,390524,65462,1488,306383,119374,4818,14091,-813,1477
344,2024,TFIN,Triumph Financial Inc,5948.975,219.58,890.919,4820.82,171.463,75.781,4546.96,401.936,16.09,350.456,65.414,120.272
345,2024,TFSL,TFS Financial Corp,17090.785,107.782,1862.624,10195.079,4811.151,33.358,15392.061,754.745,79.588,278.458,24.702,33.784
346,2024,THFF,First Financial Corp,5560.348,74.555,549.041,4718.914,223.006,27.665,3837.141,1213.545,47.275,174.986,42.772,16.719
347,2024,TMP,Tompkins Financial Corp,8109.08,127.811,713.444,6471.805,855.817,62.397,6019.922,1587.017,70.85,211.102,88.127,65.185
348,2024,TOWN,TowneBank,17246.89,289.248,2155.627,14437.298,349.456,7.751,11459.055,2589.876,161.757,442.605,251.145,7.867
349,2024,TRCY,Tri City Bankshares Corp,1907.15,30.891,153.555,1738.134,11.533,6.604,1177.752,479.657,11.727,52.968,12.529,7.393
350,2024,TRMK,Trustmark Corp,18152.422,266.239,1962.327,15108.175,849.805,106.875,13089.942,3027.919,223.009,584.421,-23.419,86.026
351,2024,TRST,TrustCo Bank Corp NY,6238.744,48.149,676.343,5390.983,124.94,17.86,5098.058,370.057,48.833,151.939,19.834,20.975
352,2024,TSBK,Timberland Bancorp Inc,1923.475,23.73,245.413,1647.668,21.575,1.596,1439.001,250.257,24.283,64.167,11.136,3.936
353,2024,UBAB,United Bancorporation of Alabama Inc,1400.678,22.651,265.706,1090.115,33.968,2.959,871.416,270.853,28.003,59.464,23.941,15.313
354,2024,UBCP,United Bancorp Inc,816.656,10.083,63.457,613.494,132.214,4.018,490.971,244.657,7.402,24.8,4.46,4.155
355,2024,UBFO,United Security Bancshares,1211.718,13.884,130.362,1057.622,14.733,16.456,928.462,160.708,14.783,46.85,4.713,17.201
356,2024,UBOH,United Bancshares Inc/OH,1189.33,15.34,94.74,1071.105,18.082,1.421,762.165,237.779,9.155,32.299,8.419,4.276
357,2024,UBSI,United Bankshares Inc,30023.545,288.239,4993.223,23961.859,803.281,48.113,21673.493,3259.296,372.996,911.068,123.695,73.727
358,2024,UCB,United Community Banks Inc,27720.258,340.043,3432.127,23460.975,494.314,92.877,18175.98,6804.398,252.397,827.368,124.756,115.635
359,2024,UMBF,UMB Financial Corp,50409.664,593.913,3466.541,43142.029,3050.128,14.95,25640.809,13621.619,441.243,1000.892,628.117,47.673
360,2024,UNB,Union Bankshares Inc,1528.358,21.394,66.48,1168.894,278.453,2.02,1157.898,252.258,8.761,38.364,9.723,1.893
361,2024,UNTY,Unity Bancorp Inc,2654.017,29.749,295.583,2100.313,235.588,19.186,2248.494,157.535,41.45,98.611,8.469,15.046
362,2024,USB,U.S. Bancorp,678318,10554,59040,518309,74889,1494,371562,164626,6299,16289,11046,1832
363,2024,UVSP,Univest Financial Corp,8128.417,123.745,887.301,6759.259,416.927,40.093,6826.583,532.958,75.931,211.17,88.055,33.205
364,2024,UWHR,Uwharrie Capital Corp,1128.808,20.806,57.679,1030.236,31.771,1.242,666.377,361.774,9.342,35.925,9.736,0.192
365,2024,VABK,Virginia National Bankshares Corp,1616.826,15.933,160.302,1423.546,29.131,2.732,1235.969,269.73,16.966,46.376,7.589,3.021
366,2024,VBTX,Veritex Holdings Inc,12768.341,140.971,1601.069,10752.592,251.424,95.823,9504.544,1547.158,107.241,385.245,40.402,79.172
367,2024,VLY,Valley National Bancorp,62491.691,556.556,7435.127,50075.857,3692.631,293.386,48799.711,6972.81,380.271,1628.708,224.501,373.329
368,2024,WABC,Westamerica Bancorporation,6076.274,50.292,889.957,5011.85,138.307,0.791,820.3,4254.671,138.636,250.595,43.155,0.735
369,2024,WAFD,WaFd Inc,28060.33,234.148,3000.3,21373.97,3359.095,57.924,21120.107,3105.298,200.041,660.832,60.996,77.418
370,2024,WAL,Western Alliance Bancorporation,80934,631.1,6707,66341,6631,418,53676,15327,787.7,2618.9,543.2,656
371,2024,WASH,Washington Trust Bancorp Inc,6930.647,86.26,499.728,5115.8,1177.259,45.301,5137.838,966.122,-28.059,128.448,-27.797,23.307
372,2024,WBS,Webster Financial Corp,79025.073,762.794,9133.214,64753.08,3556.649,218.6,52505.168,17772.134,768.707,2338.387,251.899,461.751
373,2024,WCCB,West Coast Community Bancorp,2680.428,24.611,332.981,2310.483,18.765,9.525,2045.215,423.101,29.579,95.128,4.053,0.618
374,2024,WCFB,WCF Bancorp Inc,227.364,2.837,22.243,161.672,41.5,0.184,168.115,29.541,-0.036,4.722,0.925,0.801
375,2024,WFC,Wells Fargo & Co,1929845,35729,181066,1371804,286307,8443,896332,439300,19722,47676,34620,7936
376,2024,WNEB,Western New England Bancorp Inc,2653.09,32.686,235.91,2262.647,130.814,6.421,2070.189,371.955,11.666,59.817,12.903,5.381
377,2024,WSBC,WesBanco Inc,18684.298,223.657,2790.281,14133.717,1537.376,28.305,12656.429,3412.259,151.51,478.208,127.983,40.604
378,2024,WSBF,Waterstone Financial Inc,2209.608,81.078,339.135,1359.897,446.519,5.062,1680.576,228.844,18.688,46.168,89.302,6.17
379,2024,WSFS,WSFS Financial Corp,20814.303,332.682,2579.376,17029.808,535.971,75.754,13191.499,4555.798,263.671,705.438,340.92,127.385
380,2024,WTBA,West Bancorporation Inc,4014.991,27.588,227.875,3357.596,397.18,0.296,3004.86,559.694,24.05,71.362,8.434,0.133
381,2024,WTBFA,W T B Financial Corp,10736.971,165.911,934.181,8804.659,866.895,31.404,6882.55,3067.574,55.797,279.928,74.038,75.346
382,2024,WTFC,Wintrust Financial Corp.,64879.668,817.108,6344.297,52512.349,4391.571,152.339,48055.037,8251.564,695.045,1962.535,488.325,193.939
383,2024,ZION,Zions Bancorporation National Association,88775,1287,6124,76223,5022,228,59033,18981,784,2430,700,298
